Full Name,Date of Birth,Nationality,Gender,Marital Status,Occupation,Employer,Years with Employer,Residential Address,Phone Number,Email,Account Type,Account Number,Currency,Annual Salary (CHF),Monthly Rental Income (CHF),Total Assets (CHF),Total Deposits (CHF),Total Withdrawals (CHF),Active Loans,Banking Products Used,Source of Wealth,Investment Knowledge,Investment Objective,Risk Profile,Compliance Notes,PEP Status,Sanctions Check,AML Risk,Geographical Risk,bu_name,pc_segment,client portfolio,RM,Story of Wealth,Affluence
David Mcdonald,1959-11-17,CH,Female,Widowed,International aid/development worker,Shaffer-George,7,"63238 Perry Tunnel Apt. 929, Debrachester, MS 54736",988.778.4048x59275,stephen78@example.net,Savings and Investment,SBRQ01369256643776,CHF,102091.12,71.4,1202420.88,255650.76,101867.4,2,"['Checking Account', 'Savings Account', 'Investment Account']","Business Income, Investments","Client has extensive experience investing in equities, bonds, ETFs, and mutual funds. Demonstrates strong understanding of portfolio diversification and risk management techniques. Has previously invested in alternative assets such as real estate funds and structured products.",Aggressive Growth,Client assessed as low-risk. Transaction behavior is consistent with reported income. No history of suspicious activity. Domestic and regulated international income sources only.,Verification of ID documents and employment completed. Tax residency confirmed. Client is not on any sanctions or PEP lists. AML monitoring recommended due to international investment exposure.,Yes,Cleared,High,Medium,SG,RM serviced PB,"[{'Stock': 'GOOGL', 'Shares Owned': 109, 'Allocation (%)': 5.42}, {'Stock': 'SPY', 'Shares Owned': 66, 'Allocation (%)': 43.8}, {'Stock': 'CAT', 'Shares Owned': 116, 'Allocation (%)': 19.92}, {'Stock': 'BASF', 'Shares Owned': 317, 'Allocation (%)': 17.86}, {'Stock': 'Novartis', 'Shares Owned': 208, 'Allocation (%)': 4.59}, {'Stock': 'GLD', 'Shares Owned': 201, 'Allocation (%)': 2.53}, {'Stock': 'USO', 'Shares Owned': 222, 'Allocation (%)': 2.24}, {'Stock': 'NVDA', 'Shares Owned': 371, 'Allocation (%)': 1.45}, {'Stock': 'Allianz', 'Shares Owned': 270, 'Allocation (%)': 1.1}, {'Stock': 'ARKK', 'Shares Owned': 87, 'Allocation (%)': 1.0900000000000003}]",Arthur Elliott, ran a quant hedge fund and lives quietly by the sea.,Affluent
Christopher Harris MD,1986-08-15,CH,Male,Widowed,Engineering geologist,Mccormick LLC,30,"USNS Davenport, FPO AA 26138",926-700-0164,kelsey80@example.com,Savings,WJXT95258125472833,CHF,105038.92,4802.84,1236208.04,135186.04,148371.92,3,"['Checking Account', 'Savings Account']","Salary, Real Estate, Capital Gains","Client has extensive experience investing in equities, bonds, ETFs, and mutual funds. Demonstrates strong understanding of portfolio diversification and risk management techniques. Has previously invested in alternative assets such as real estate funds and structured products.",Income Generation,Client assessed as medium-risk. Some international investments noted. Transactions slightly higher than expected for profile but consistent with disclosed sources of wealth.,Verification of ID documents and employment completed. Tax residency confirmed. Client is not on any sanctions or PEP lists. AML monitoring recommended due to international investment exposure.,No,Cleared,Low,Low,LU,EAM,"[{'Stock': 'META', 'Shares Owned': 328, 'Allocation (%)': 27.51}, {'Stock': 'NEE', 'Shares Owned': 25, 'Allocation (%)': 50.73}, {'Stock': 'GOOGL', 'Shares Owned': 57, 'Allocation (%)': 14.39}, {'Stock': 'CAT', 'Shares Owned': 108, 'Allocation (%)': 1.36}, {'Stock': 'ARKF', 'Shares Owned': 119, 'Allocation (%)': 1.01}, {'Stock': 'LVMH', 'Shares Owned': 97, 'Allocation (%)': 1.0}, {'Stock': 'AGG', 'Shares Owned': 374, 'Allocation (%)': 1.0}, {'Stock': 'AMZN', 'Shares Owned': 202, 'Allocation (%)': 1.0}, {'Stock': 'Volkswagen', 'Shares Owned': 120, 'Allocation (%)': 1.0}, {'Stock': 'ETH', 'Shares Owned': 497, 'Allocation (%)': 0.9999999999999973}]",Cynthia Baker, built a fintech startup and became a mentor.,Affluent
Martin Lewis Jr.,1986-01-31,CH,Male,Widowed,Commercial/residential surveyor,Martin and Sons,12,"524 Ward Forest, Gillburgh, UT 63153",001-446-214-2060,emilyanderson@example.org,Savings,CHHI60514608477579,CHF,101800.76,2793.44,144164.76,317492.0,128233.04,3,['Savings Account'],"Inheritance, Savings, Salary",Client possesses practical experience in stock markets and ETFs. Has some knowledge of portfolio rebalancing and tax-efficient investment strategies.,Capital Preservation,"Client assessed as low-to-medium risk. Domestic income and salary align with monthly transactions, but moderate exposure to alternative investments noted.",All identification documents verified. Employment and income confirmed via supporting documents. PEP check cleared. Sanctions screening completed. AML risk is low. No discrepancies found during due diligence.,Yes,Cleared,High,Medium,CH,RM serviced PB,"[{'Stock': 'AGG', 'Shares Owned': 271, 'Allocation (%)': 49.25}, {'Stock': 'SLV', 'Shares Owned': 242, 'Allocation (%)': 28.97}, {'Stock': 'ARKF', 'Shares Owned': 422, 'Allocation (%)': 2.34}, {'Stock': 'TSLA', 'Shares Owned': 419, 'Allocation (%)': 8.79}, {'Stock': 'Siemens', 'Shares Owned': 441, 'Allocation (%)': 1.36}, {'Stock': 'TIP', 'Shares Owned': 388, 'Allocation (%)': 1.54}, {'Stock': 'AMZN', 'Shares Owned': 299, 'Allocation (%)': 2.88}, {'Stock': 'CAT', 'Shares Owned': 389, 'Allocation (%)': 1.77}, {'Stock': 'LVMH', 'Shares Owned': 356, 'Allocation (%)': 2.08}, {'Stock': 'NFLX', 'Shares Owned': 256, 'Allocation (%)': 1.0200000000000027}]",Arthur Elliott, ran a quant hedge fund and became a mentor.,UHNWI
Jeffrey Burnett,1959-11-25,CH,Female,Single,Charity fundraiser,Wiley-Moore,9,"21487 Thomas Gateway Suite 843, East Cindytown, MP 87143",532.475.7748,aaron94@example.org,Savings,YJSW80298199817887,CHF,113341.04,5892.88,1153193.64,151610.08,107455.64,0,"['Checking Account', 'Savings Account']","Salary, Rental Income, Stock Investments",Client possesses practical experience in stock markets and ETFs. Has some knowledge of portfolio rebalancing and tax-efficient investment strategies.,Aggressive Growth,"Client assessed as low-to-medium risk. Domestic income and salary align with monthly transactions, but moderate exposure to alternative investments noted.",Full KYC verification completed. Risk assessment and AML checks cleared. Client demonstrates transparency in source of funds and investment objectives.,Yes,Cleared,Medium,High,LU,Com. & Retail,"[{'Stock': 'ARKQ', 'Shares Owned': 43, 'Allocation (%)': 70.39}, {'Stock': 'TIP', 'Shares Owned': 387, 'Allocation (%)': 6.41}, {'Stock': 'AAPL', 'Shares Owned': 165, 'Allocation (%)': 7.59}, {'Stock': 'ARKK', 'Shares Owned': 163, 'Allocation (%)': 9.38}, {'Stock': 'INTC', 'Shares Owned': 102, 'Allocation (%)': 1.03}, {'Stock': 'AGG', 'Shares Owned': 489, 'Allocation (%)': 1.14}, {'Stock': 'SLV', 'Shares Owned': 40, 'Allocation (%)': 1.05}, {'Stock': 'SOL', 'Shares Owned': 412, 'Allocation (%)': 1.0}, {'Stock': 'ARKF', 'Shares Owned': 445, 'Allocation (%)': 1.01}, {'Stock': 'ADBE', 'Shares Owned': 123, 'Allocation (%)': 0.9999999999999989}]",Cynthia Baker, ran a quant hedge fund but lost it all in a crash.,UHNWI
Sharon Reed,1995-10-17,CH,Female,Divorced,Press photographer,"Sharp, Martin and Smith",12,"526 William Shoals Apt. 143, New Joshuaton, TN 35524",+1-946-490-3355x6432,rodneycurry@example.net,Savings,KNNU47001486615785,CHF,89254.76,4570.96,659652.36,267044.16,245727.52,2,"['Savings Account', 'Investment Account']","Business Income, Investments","Client has extensive experience investing in equities, bonds, ETFs, and mutual funds. Demonstrates strong understanding of portfolio diversification and risk management techniques. Has previously invested in alternative assets such as real estate funds and structured products.",Capital Preservation,"Client assessed as low-to-medium risk. Domestic income and salary align with monthly transactions, but moderate exposure to alternative investments noted.",Full KYC verification completed. Risk assessment and AML checks cleared. Client demonstrates transparency in source of funds and investment objectives.,Yes,Cleared,Low,Medium,LU,EAM,"[{'Stock': 'XOM', 'Shares Owned': 303, 'Allocation (%)': 38.47}, {'Stock': 'NEE', 'Shares Owned': 67, 'Allocation (%)': 4.49}, {'Stock': 'NVDA', 'Shares Owned': 454, 'Allocation (%)': 27.36}, {'Stock': 'NFLX', 'Shares Owned': 328, 'Allocation (%)': 2.77}, {'Stock': 'VTI', 'Shares Owned': 473, 'Allocation (%)': 13.04}, {'Stock': 'ARKK', 'Shares Owned': 45, 'Allocation (%)': 1.23}, {'Stock': 'ARKQ', 'Shares Owned': 102, 'Allocation (%)': 1.19}, {'Stock': 'SLV', 'Shares Owned': 56, 'Allocation (%)': 5.69}, {'Stock': 'EEM', 'Shares Owned': 351, 'Allocation (%)': 4.02}, {'Stock': 'QQQ', 'Shares Owned': 38, 'Allocation (%)': 1.740000000000001}]",Cynthia Baker, built a fintech startup and achieved financial independence.,Affluent
Rebecca Davidson,1997-03-22,DE,Female,Widowed,Radiation protection practitioner,Vazquez-Taylor,15,"0073 Arthur Parkways Suite 790, North Bruce, OK 62513",224-401-3626x495,clarenceali@example.org,Checking,KXJH06779694127227,CHF,129735.84,1740.12,244680.32,198252.64,229774.04,0,['Savings Account'],"Business Income, Investments","Client has moderate knowledge of financial markets, primarily investing in mutual funds and fixed income securities. Familiar with basic risk-return tradeoffs and market volatility, but prefers conservative investment strategies.",Aggressive Growth,Client assessed as high-risk due to high-value international transactions and exposure to high-volatility assets. Requires enhanced monitoring and periodic review.,Verification of ID documents and employment completed. Tax residency confirmed. Client is not on any sanctions or PEP lists. AML monitoring recommended due to international investment exposure.,No,Cleared,Low,High,BVI,EAM,"[{'Stock': 'ARKG', 'Shares Owned': 340, 'Allocation (%)': 36.45}, {'Stock': 'GE', 'Shares Owned': 354, 'Allocation (%)': 22.59}, {'Stock': 'NFLX', 'Shares Owned': 315, 'Allocation (%)': 26.06}, {'Stock': 'Siemens', 'Shares Owned': 498, 'Allocation (%)': 5.48}, {'Stock': 'ARKK', 'Shares Owned': 395, 'Allocation (%)': 2.69}, {'Stock': 'LVMH', 'Shares Owned': 40, 'Allocation (%)': 1.07}, {'Stock': 'Volkswagen', 'Shares Owned': 252, 'Allocation (%)': 2.47}, {'Stock': 'SOL', 'Shares Owned': 253, 'Allocation (%)': 1.01}, {'Stock': 'EFA', 'Shares Owned': 61, 'Allocation (%)': 1.08}, {'Stock': 'Allianz', 'Shares Owned': 275, 'Allocation (%)': 1.0999999999999943}]",Arthur Elliott, focused on real estate and retired early.,Non-Affluent
Victoria Lewis,1986-12-27,CH,Male,Widowed,Warden/ranger,"Newton, Rowe and Paul",9,"563 Jason Crescent, Port Jesseview, AS 70149",+1-757-890-6745x0349,zmontgomery@example.com,Savings and Investment,FDKD63438428623214,CHF,55062.32,4053.48,530133.44,89948.36,85212.16,3,['Savings Account'],"Inheritance, Savings, Salary",Client possesses practical experience in stock markets and ETFs. Has some knowledge of portfolio rebalancing and tax-efficient investment strategies.,Income Generation,Client assessed as high-risk due to high-value international transactions and exposure to high-volatility assets. Requires enhanced monitoring and periodic review.,All identification documents verified. Employment and income confirmed via supporting documents. PEP check cleared. Sanctions screening completed. AML risk is low. No discrepancies found during due diligence.,Yes,Cleared,High,High,SG,RM serviced PB,"[{'Stock': 'ARKF', 'Shares Owned': 308, 'Allocation (%)': 83.23}, {'Stock': 'Allianz', 'Shares Owned': 427, 'Allocation (%)': 5.16}, {'Stock': 'LVMH', 'Shares Owned': 375, 'Allocation (%)': 2.69}, {'Stock': 'META', 'Shares Owned': 325, 'Allocation (%)': 1.72}, {'Stock': 'ARKG', 'Shares Owned': 198, 'Allocation (%)': 1.47}, {'Stock': 'Siemens', 'Shares Owned': 41, 'Allocation (%)': 1.3}, {'Stock': 'EEM', 'Shares Owned': 235, 'Allocation (%)': 1.02}, {'Stock': 'AGG', 'Shares Owned': 256, 'Allocation (%)': 1.01}, {'Stock': 'QQQ', 'Shares Owned': 260, 'Allocation (%)': 1.37}, {'Stock': 'INTC', 'Shares Owned': 303, 'Allocation (%)': 1.0299999999999967}]",Cynthia Baker, launched a coffee chain and keeps growing steadily.,UHNWI
Stacey Harris,1976-10-14,DE,Male,Married,Proofreader,Solis LLC,19,"419 Mary Haven Apt. 254, Jonesborough, AL 18504",+1-489-997-1087,murphybrian@example.com,Savings and Investment,HQSA84976840112712,CHF,92259.68,859.52,1253772.44,227245.12,84706.92,1,"['Savings Account', 'Investment Account']","Salary, Rental Income, Stock Investments","Client has moderate knowledge of financial markets, primarily investing in mutual funds and fixed income securities. Familiar with basic risk-return tradeoffs and market volatility, but prefers conservative investment strategies.",Moderate Growth,Client assessed as medium-risk. Some international investments noted. Transactions slightly higher than expected for profile but consistent with disclosed sources of wealth.,"Documents partially verified. Further verification of employment and income recommended. PEP check cleared, but client flagged for high-value international transactions. Periodic compliance review required.",Yes,Cleared,Medium,Low,LI,Com. & Retail,"[{'Stock': 'ARKQ', 'Shares Owned': 67, 'Allocation (%)': 64.3}, {'Stock': 'VTI', 'Shares Owned': 101, 'Allocation (%)': 7.45}, {'Stock': 'NEE', 'Shares Owned': 431, 'Allocation (%)': 4.48}, {'Stock': 'BTC', 'Shares Owned': 220, 'Allocation (%)': 11.63}, {'Stock': 'BASF', 'Shares Owned': 454, 'Allocation (%)': 6.73}, {'Stock': 'EFA', 'Shares Owned': 262, 'Allocation (%)': 1.06}, {'Stock': 'USO', 'Shares Owned': 374, 'Allocation (%)': 1.13}, {'Stock': 'SLV', 'Shares Owned': 130, 'Allocation (%)': 1.05}, {'Stock': 'GE', 'Shares Owned': 50, 'Allocation (%)': 1.1}, {'Stock': 'ADA', 'Shares Owned': 133, 'Allocation (%)': 1.0700000000000016}]",Arthur Elliott, focused on real estate and became a mentor.,UHNWI
Thomas Bruce,1993-12-18,LI,Male,Single,Adult nurse,Avery-Wilkinson,23,"96274 Shaw Cape Suite 822, Joseville, LA 14314",001-605-639-9383,friedmanthomas@example.org,Savings and Investment,PFKZ47068943618813,CHF,104401.08,2127.04,315574.4,108913.56,91236.28,0,"['Checking Account', 'Savings Account']","Salary, Rental Income, Stock Investments","Client is highly knowledgeable about derivatives, structured products, and alternative investment vehicles. Experience includes cryptocurrency investments and international equities. Understands hedging and leverage strategies.",Capital Preservation,Client assessed as high-risk due to high-value international transactions and exposure to high-volatility assets. Requires enhanced monitoring and periodic review.,"Documents partially verified. Further verification of employment and income recommended. PEP check cleared, but client flagged for high-value international transactions. Periodic compliance review required.",Yes,Cleared,High,Low,BVI,RM serviced PB,"[{'Stock': 'ADBE', 'Shares Owned': 377, 'Allocation (%)': 45.17}, {'Stock': 'XOM', 'Shares Owned': 102, 'Allocation (%)': 40.21}, {'Stock': 'GLD', 'Shares Owned': 14, 'Allocation (%)': 7.34}, {'Stock': 'META', 'Shares Owned': 368, 'Allocation (%)': 1.01}, {'Stock': 'AGG', 'Shares Owned': 54, 'Allocation (%)': 1.14}, {'Stock': 'SPY', 'Shares Owned': 66, 'Allocation (%)': 1.06}, {'Stock': 'NVDA', 'Shares Owned': 236, 'Allocation (%)': 1.0}, {'Stock': 'CAT', 'Shares Owned': 489, 'Allocation (%)': 1.05}, {'Stock': 'BA', 'Shares Owned': 38, 'Allocation (%)': 1.01}, {'Stock': 'GOOGL', 'Shares Owned': 471, 'Allocation (%)': 1.0099999999999987}]",Arthur Elliott, ran a quant hedge fund and lives quietly by the sea.,Non-Affluent
Samuel Anthony,1997-11-12,LI,Male,Divorced,Geochemist,"Ortiz, Smith and Hamilton",1,"35588 Marshall Estate, West Keithfort, NH 56860",962-844-8422x10476,schroedergeorge@example.net,Checking,YGSM32540043574708,CHF,131627.6,3479.56,828430.4,83201.4,113581.08,1,"['Checking Account', 'Savings Account', 'Investment Account']","Salary, Real Estate, Capital Gains","Client is highly knowledgeable about derivatives, structured products, and alternative investment vehicles. Experience includes cryptocurrency investments and international equities. Understands hedging and leverage strategies.",Capital Preservation,Client assessed as low-risk. Transaction behavior is consistent with reported income. No history of suspicious activity. Domestic and regulated international income sources only.,Full KYC verification completed. Risk assessment and AML checks cleared. Client demonstrates transparency in source of funds and investment objectives.,Yes,Cleared,High,High,LU,EAM,"[{'Stock': 'ARKK', 'Shares Owned': 463, 'Allocation (%)': 46.13}, {'Stock': 'SAP', 'Shares Owned': 332, 'Allocation (%)': 11.88}, {'Stock': 'INTC', 'Shares Owned': 245, 'Allocation (%)': 14.83}, {'Stock': 'AGG', 'Shares Owned': 235, 'Allocation (%)': 4.9}, {'Stock': 'EFA', 'Shares Owned': 210, 'Allocation (%)': 14.61}, {'Stock': 'CAT', 'Shares Owned': 384, 'Allocation (%)': 1.24}, {'Stock': 'ADA', 'Shares Owned': 82, 'Allocation (%)': 2.71}, {'Stock': 'BA', 'Shares Owned': 441, 'Allocation (%)': 1.45}, {'Stock': 'Allianz', 'Shares Owned': 486, 'Allocation (%)': 1.01}, {'Stock': 'Novartis', 'Shares Owned': 11, 'Allocation (%)': 1.2399999999999982}]",Mary Greene, bet big on crypto and retired early.,UHNWI
Emily Mendoza,1983-09-12,CH,Female,Married,Clinical molecular geneticist,Bailey-Anderson,17,"017 Antonio Mews Suite 386, Cervanteshaven, OR 73940",001-606-695-6147x68832,danielstephens@example.net,Savings and Investment,DVWU48877402303328,CHF,85152.32,1681.64,747338.36,87273.92,152486.6,0,"['Checking Account', 'Savings Account']","Business Income, Investments","Client has extensive experience investing in equities, bonds, ETFs, and mutual funds. Demonstrates strong understanding of portfolio diversification and risk management techniques. Has previously invested in alternative assets such as real estate funds and structured products.",Moderate Growth,Client assessed as medium-risk. Some international investments noted. Transactions slightly higher than expected for profile but consistent with disclosed sources of wealth.,All identification documents verified. Employment and income confirmed via supporting documents. PEP check cleared. Sanctions screening completed. AML risk is low. No discrepancies found during due diligence.,No,Cleared,Medium,Low,LU,Com. & Retail,"[{'Stock': 'ETH', 'Shares Owned': 145, 'Allocation (%)': 74.25}, {'Stock': 'VTI', 'Shares Owned': 158, 'Allocation (%)': 16.23}, {'Stock': 'AGG', 'Shares Owned': 301, 'Allocation (%)': 1.1}, {'Stock': 'ADA', 'Shares Owned': 204, 'Allocation (%)': 1.0}, {'Stock': 'Roche', 'Shares Owned': 313, 'Allocation (%)': 1.41}, {'Stock': 'QQQ', 'Shares Owned': 394, 'Allocation (%)': 1.84}, {'Stock': 'ARKF', 'Shares Owned': 45, 'Allocation (%)': 1.04}, {'Stock': 'ADBE', 'Shares Owned': 453, 'Allocation (%)': 1.03}, {'Stock': 'USO', 'Shares Owned': 308, 'Allocation (%)': 1.05}, {'Stock': 'Allianz', 'Shares Owned': 191, 'Allocation (%)': 1.0499999999999996}]",Mary Greene, invested early in tech stocks but lost it all in a crash.,UHNWI
Kevin Mccoy,1998-02-01,DE,Male,Widowed,Analytical chemist,Williams-James,26,"28054 Haas Common, Port Peterberg, FM 83734",(284)201-2076,twallace@example.org,Savings,SAJI42447434347592,CHF,133178.68,1748.96,176042.48,68529.72,256526.6,2,"['Checking Account', 'Savings Account', 'Investment Account']","Inheritance, Savings, Salary","Client has moderate knowledge of financial markets, primarily investing in mutual funds and fixed income securities. Familiar with basic risk-return tradeoffs and market volatility, but prefers conservative investment strategies.",Aggressive Growth,Client assessed as high-risk due to high-value international transactions and exposure to high-volatility assets. Requires enhanced monitoring and periodic review.,All identification documents verified. Employment and income confirmed via supporting documents. PEP check cleared. Sanctions screening completed. AML risk is low. No discrepancies found during due diligence.,No,Cleared,High,Medium,LI,EAM,"[{'Stock': 'Roche', 'Shares Owned': 227, 'Allocation (%)': 16.64}, {'Stock': 'BND', 'Shares Owned': 77, 'Allocation (%)': 42.1}, {'Stock': 'ARKG', 'Shares Owned': 191, 'Allocation (%)': 26.2}, {'Stock': 'BASF', 'Shares Owned': 71, 'Allocation (%)': 1.93}, {'Stock': 'EEM', 'Shares Owned': 316, 'Allocation (%)': 5.9}, {'Stock': 'INTC', 'Shares Owned': 208, 'Allocation (%)': 1.9}, {'Stock': 'GOOGL', 'Shares Owned': 440, 'Allocation (%)': 1.07}, {'Stock': 'SPY', 'Shares Owned': 101, 'Allocation (%)': 1.59}, {'Stock': 'ARKQ', 'Shares Owned': 414, 'Allocation (%)': 1.17}, {'Stock': 'Novartis', 'Shares Owned': 372, 'Allocation (%)': 1.4999999999999982}]",Mary Greene, launched a coffee chain and keeps growing steadily.,Non-Affluent
Jennifer Johnston,1993-07-07,DE,Female,Single,"Surveyor, hydrographic",Little PLC,8,"Unit 0931 Box 9567, DPO AA 09148",(789)671-1003,jacksonnicole@example.net,Checking,DXXJ18038892762692,CHF,116050.16,871.76,1201614.4,201709.08,88342.88,0,"['Checking Account', 'Savings Account', 'Investment Account']","Salary, Real Estate, Capital Gains","Client is highly knowledgeable about derivatives, structured products, and alternative investment vehicles. Experience includes cryptocurrency investments and international equities. Understands hedging and leverage strategies.",Aggressive Growth,Client assessed as low-risk. Transaction behavior is consistent with reported income. No history of suspicious activity. Domestic and regulated international income sources only.,All identification documents verified. Employment and income confirmed via supporting documents. PEP check cleared. Sanctions screening completed. AML risk is low. No discrepancies found during due diligence.,No,Cleared,Low,High,BVI,EAM,"[{'Stock': 'SAP', 'Shares Owned': 377, 'Allocation (%)': 83.22}, {'Stock': 'NVDA', 'Shares Owned': 253, 'Allocation (%)': 3.16}, {'Stock': 'Allianz', 'Shares Owned': 178, 'Allocation (%)': 1.49}, {'Stock': 'ARKQ', 'Shares Owned': 430, 'Allocation (%)': 4.91}, {'Stock': 'Roche', 'Shares Owned': 57, 'Allocation (%)': 1.95}, {'Stock': 'BASF', 'Shares Owned': 416, 'Allocation (%)': 1.03}, {'Stock': 'TIP', 'Shares Owned': 438, 'Allocation (%)': 1.21}, {'Stock': 'EFA', 'Shares Owned': 414, 'Allocation (%)': 1.01}, {'Stock': 'ARKG', 'Shares Owned': 264, 'Allocation (%)': 1.0}, {'Stock': 'AAPL', 'Shares Owned': 310, 'Allocation (%)': 1.0200000000000005}]",Arthur Elliott, focused on real estate and became a mentor.,Non-Affluent
Sandra Dominguez,1978-12-18,DE,Male,Divorced,Occupational hygienist,Anderson and Sons,3,"PSC 6692, Box 4891, APO AA 17876",768.682.7270,ginamartin@example.org,Checking,OHGB38647200758140,CHF,99203.84,6404.24,441323.4,148639.16,23422.6,0,"['Checking Account', 'Savings Account']","Business Income, Investments","Client has moderate knowledge of financial markets, primarily investing in mutual funds and fixed income securities. Familiar with basic risk-return tradeoffs and market volatility, but prefers conservative investment strategies.",Moderate Growth,Client assessed as low-risk. Transaction behavior is consistent with reported income. No history of suspicious activity. Domestic and regulated international income sources only.,"Documents partially verified. Further verification of employment and income recommended. PEP check cleared, but client flagged for high-value international transactions. Periodic compliance review required.",No,Cleared,Low,Low,LI,Com. & Retail,"[{'Stock': 'TSLA', 'Shares Owned': 309, 'Allocation (%)': 35.57}, {'Stock': 'META', 'Shares Owned': 210, 'Allocation (%)': 26.97}, {'Stock': 'USO', 'Shares Owned': 36, 'Allocation (%)': 10.97}, {'Stock': 'EEM', 'Shares Owned': 205, 'Allocation (%)': 7.51}, {'Stock': 'QQQ', 'Shares Owned': 489, 'Allocation (%)': 9.9}, {'Stock': 'INTC', 'Shares Owned': 230, 'Allocation (%)': 3.89}, {'Stock': 'ARKQ', 'Shares Owned': 182, 'Allocation (%)': 1.08}, {'Stock': 'Roche', 'Shares Owned': 361, 'Allocation (%)': 1.97}, {'Stock': 'ADA', 'Shares Owned': 343, 'Allocation (%)': 1.09}, {'Stock': 'MSFT', 'Shares Owned': 133, 'Allocation (%)': 1.0500000000000103}]",Mary Greene, ran a quant hedge fund but lost it all in a crash.,UHNWI
Brenda Nielsen,1975-08-02,LI,Female,Single,Emergency planning/management officer,Baker LLC,11,"Unit 9301 Box 6105, DPO AA 39181",809-794-7003x052,sarah81@example.net,Savings and Investment,TTIY02427555695262,CHF,65764.84,234.6,365963.08,237459.4,71989.56,0,"['Checking Account', 'Savings Account', 'Investment Account']","Inheritance, Savings, Salary","Client is highly knowledgeable about derivatives, structured products, and alternative investment vehicles. Experience includes cryptocurrency investments and international equities. Understands hedging and leverage strategies.",Aggressive Growth,Client assessed as medium-risk. Some international investments noted. Transactions slightly higher than expected for profile but consistent with disclosed sources of wealth.,Full KYC verification completed. Risk assessment and AML checks cleared. Client demonstrates transparency in source of funds and investment objectives.,Yes,Cleared,High,High,BVI,RM serviced PB,"[{'Stock': 'AAPL', 'Shares Owned': 325, 'Allocation (%)': 33.46}, {'Stock': 'ETH', 'Shares Owned': 170, 'Allocation (%)': 37.67}, {'Stock': 'ADBE', 'Shares Owned': 450, 'Allocation (%)': 14.67}, {'Stock': 'Volkswagen', 'Shares Owned': 192, 'Allocation (%)': 3.8}, {'Stock': 'NEE', 'Shares Owned': 419, 'Allocation (%)': 2.6}, {'Stock': 'AMZN', 'Shares Owned': 331, 'Allocation (%)': 1.96}, {'Stock': 'ARKK', 'Shares Owned': 489, 'Allocation (%)': 2.62}, {'Stock': 'BTC', 'Shares Owned': 378, 'Allocation (%)': 1.12}, {'Stock': 'BA', 'Shares Owned': 157, 'Allocation (%)': 1.08}, {'Stock': 'SOL', 'Shares Owned': 192, 'Allocation (%)': 1.0199999999999916}]",Mary Greene, bet big on crypto and achieved financial independence.,Non-Affluent
Ebony Rodriguez,1999-10-31,DE,Male,Divorced,Maintenance engineer,"Sanchez, Kim and Hayden",18,"4920 Carl Stravenue, Tinachester, AZ 31725",5338929451,jamesbowers@example.org,Savings,ERZV12041898691452,CHF,82889.28,4489.36,522862.2,322388.0,267070.0,3,"['Checking Account', 'Savings Account']","Salary, Rental Income, Stock Investments","Client has moderate knowledge of financial markets, primarily investing in mutual funds and fixed income securities. Familiar with basic risk-return tradeoffs and market volatility, but prefers conservative investment strategies.",Aggressive Growth,Client assessed as low-risk. Transaction behavior is consistent with reported income. No history of suspicious activity. Domestic and regulated international income sources only.,Full KYC verification completed. Risk assessment and AML checks cleared. Client demonstrates transparency in source of funds and investment objectives.,Yes,Cleared,Medium,Low,LU,Com. & Retail,"[{'Stock': 'Novartis', 'Shares Owned': 245, 'Allocation (%)': 45.15}, {'Stock': 'NEE', 'Shares Owned': 76, 'Allocation (%)': 13.09}, {'Stock': 'AAPL', 'Shares Owned': 161, 'Allocation (%)': 19.85}, {'Stock': 'GOOGL', 'Shares Owned': 380, 'Allocation (%)': 11.67}, {'Stock': 'SOL', 'Shares Owned': 378, 'Allocation (%)': 2.97}, {'Stock': 'NFLX', 'Shares Owned': 10, 'Allocation (%)': 1.18}, {'Stock': 'CAT', 'Shares Owned': 37, 'Allocation (%)': 2.09}, {'Stock': 'BA', 'Shares Owned': 446, 'Allocation (%)': 1.25}, {'Stock': 'XOM', 'Shares Owned': 73, 'Allocation (%)': 1.56}, {'Stock': 'GLD', 'Shares Owned': 48, 'Allocation (%)': 1.1900000000000035}]",Cynthia Baker, bet big on crypto and lives quietly by the sea.,Affluent
Sarah Nolan,1996-01-26,CH,Female,Divorced,Surgeon,"Martinez, Reynolds and Ayala",26,"523 Alex Bridge Suite 728, Port Darin, NY 40384",001-950-398-9368x3692,curtisshannon@example.net,Checking,HSIV43145806147369,CHF,82745.8,2988.6,463107.88,256213.12,87352.8,0,"['Checking Account', 'Savings Account']","Salary, Real Estate, Capital Gains","Client is highly knowledgeable about derivatives, structured products, and alternative investment vehicles. Experience includes cryptocurrency investments and international equities. Understands hedging and leverage strategies.",Capital Preservation,Client assessed as medium-risk. Some international investments noted. Transactions slightly higher than expected for profile but consistent with disclosed sources of wealth.,Verification of ID documents and employment completed. Tax residency confirmed. Client is not on any sanctions or PEP lists. AML monitoring recommended due to international investment exposure.,Yes,Cleared,High,Medium,BVI,EAM,"[{'Stock': 'AAPL', 'Shares Owned': 472, 'Allocation (%)': 57.42}, {'Stock': 'META', 'Shares Owned': 128, 'Allocation (%)': 6.77}, {'Stock': 'ADBE', 'Shares Owned': 127, 'Allocation (%)': 23.87}, {'Stock': 'SAP', 'Shares Owned': 289, 'Allocation (%)': 2.01}, {'Stock': 'NFLX', 'Shares Owned': 431, 'Allocation (%)': 4.88}, {'Stock': 'USO', 'Shares Owned': 116, 'Allocation (%)': 1.04}, {'Stock': 'ETH', 'Shares Owned': 142, 'Allocation (%)': 1.0}, {'Stock': 'BND', 'Shares Owned': 41, 'Allocation (%)': 1.0}, {'Stock': 'ARKF', 'Shares Owned': 196, 'Allocation (%)': 1.01}, {'Stock': 'ARKQ', 'Shares Owned': 270, 'Allocation (%)': 1.0000000000000016}]",Arthur Elliott, invested early in tech stocks and keeps growing steadily.,UHNWI
Rebecca Alexander,1965-02-22,LI,Female,Married,Clinical molecular geneticist,Little-Butler,7,"299 Flowers Lane Suite 011, Port Andrew, IN 01841",(201)395-7324,yanderson@example.org,Savings and Investment,NEVD30280023310040,CHF,83212.96,3330.64,337719.96,111851.16,111059.64,2,['Savings Account'],"Inheritance, Savings, Salary",Client possesses practical experience in stock markets and ETFs. Has some knowledge of portfolio rebalancing and tax-efficient investment strategies.,Income Generation,"Client assessed as low-to-medium risk. Domestic income and salary align with monthly transactions, but moderate exposure to alternative investments noted.",Verification of ID documents and employment completed. Tax residency confirmed. Client is not on any sanctions or PEP lists. AML monitoring recommended due to international investment exposure.,No,Cleared,High,High,LI,RM serviced PB,"[{'Stock': 'VTI', 'Shares Owned': 55, 'Allocation (%)': 18.05}, {'Stock': 'BASF', 'Shares Owned': 373, 'Allocation (%)': 9.45}, {'Stock': 'ARKK', 'Shares Owned': 152, 'Allocation (%)': 61.81}, {'Stock': 'SOL', 'Shares Owned': 343, 'Allocation (%)': 3.34}, {'Stock': 'SLV', 'Shares Owned': 152, 'Allocation (%)': 2.33}, {'Stock': 'EEM', 'Shares Owned': 430, 'Allocation (%)': 1.02}, {'Stock': 'Siemens', 'Shares Owned': 40, 'Allocation (%)': 1.0}, {'Stock': 'ADA', 'Shares Owned': 474, 'Allocation (%)': 1.0}, {'Stock': 'CAT', 'Shares Owned': 333, 'Allocation (%)': 1.0}, {'Stock': 'AAPL', 'Shares Owned': 318, 'Allocation (%)': 0.9999999999999978}]",Mary Greene, invested early in tech stocks and became a mentor.,UHNWI
Harold Charles,1988-07-04,LI,Female,Widowed,Estate manager/land agent,Klein PLC,3,"27414 Danielle Isle Suite 427, North Antoniobury, MD 71016",375.410.6119,christopher60@example.com,Savings,XEKU10925400408148,CHF,79328.12,4722.6,1120521.68,51664.36,115687.72,3,"['Savings Account', 'Investment Account']","Business Income, Investments","Client is highly knowledgeable about derivatives, structured products, and alternative investment vehicles. Experience includes cryptocurrency investments and international equities. Understands hedging and leverage strategies.",Capital Preservation,Client assessed as high-risk due to high-value international transactions and exposure to high-volatility assets. Requires enhanced monitoring and periodic review.,"Documents partially verified. Further verification of employment and income recommended. PEP check cleared, but client flagged for high-value international transactions. Periodic compliance review required.",Yes,Cleared,Medium,High,LU,EAM,"[{'Stock': 'NEE', 'Shares Owned': 477, 'Allocation (%)': 27.09}, {'Stock': 'NVDA', 'Shares Owned': 186, 'Allocation (%)': 16.78}, {'Stock': 'Allianz', 'Shares Owned': 388, 'Allocation (%)': 5.53}, {'Stock': 'Roche', 'Shares Owned': 96, 'Allocation (%)': 29.34}, {'Stock': 'ETH', 'Shares Owned': 421, 'Allocation (%)': 5.69}, {'Stock': 'SPY', 'Shares Owned': 465, 'Allocation (%)': 2.97}, {'Stock': 'GOOGL', 'Shares Owned': 217, 'Allocation (%)': 4.59}, {'Stock': 'CVX', 'Shares Owned': 377, 'Allocation (%)': 2.26}, {'Stock': 'INTC', 'Shares Owned': 96, 'Allocation (%)': 1.91}, {'Stock': 'Novartis', 'Shares Owned': 136, 'Allocation (%)': 3.8399999999999928}]",Cynthia Baker, built a fintech startup and lives quietly by the sea.,Affluent
Scott Lee,1962-01-27,DE,Female,Divorced,"Engineer, mining","Pruitt, Rose and Fields",28,"1871 Charles Lock Apt. 073, North Jillland, MO 49635",997.300.5336x140,brownbrenda@example.net,Checking,CBPR59538604765351,CHF,108636.12,5206.76,1004764.6,295098.24,75381.4,3,['Savings Account'],"Salary, Rental Income, Stock Investments","Client has moderate knowledge of financial markets, primarily investing in mutual funds and fixed income securities. Familiar with basic risk-return tradeoffs and market volatility, but prefers conservative investment strategies.",Aggressive Growth,Client assessed as low-risk. Transaction behavior is consistent with reported income. No history of suspicious activity. Domestic and regulated international income sources only.,Verification of ID documents and employment completed. Tax residency confirmed. Client is not on any sanctions or PEP lists. AML monitoring recommended due to international investment exposure.,Yes,Cleared,High,Low,LU,EAM,"[{'Stock': 'NEE', 'Shares Owned': 322, 'Allocation (%)': 22.78}, {'Stock': 'NFLX', 'Shares Owned': 284, 'Allocation (%)': 24.29}, {'Stock': 'AAPL', 'Shares Owned': 361, 'Allocation (%)': 43.15}, {'Stock': 'GLD', 'Shares Owned': 421, 'Allocation (%)': 1.54}, {'Stock': 'NVDA', 'Shares Owned': 218, 'Allocation (%)': 1.08}, {'Stock': 'BA', 'Shares Owned': 141, 'Allocation (%)': 1.3}, {'Stock': 'TSLA', 'Shares Owned': 236, 'Allocation (%)': 2.71}, {'Stock': 'Siemens', 'Shares Owned': 319, 'Allocation (%)': 1.07}, {'Stock': 'ARKK', 'Shares Owned': 379, 'Allocation (%)': 1.02}, {'Stock': 'BTC', 'Shares Owned': 365, 'Allocation (%)': 1.0600000000000018}]",Cynthia Baker, focused on real estate and lives quietly by the sea.,Non-Affluent
Christopher Weber,1979-02-03,LI,Male,Widowed,Planning and development surveyor,Gordon LLC,29,"7591 Cordova Divide Suite 485, Kennedyview, NH 06029",+1-742-232-9644x486,ashleymyers@example.com,Savings and Investment,QXJX52212183401519,CHF,67927.24,4300.32,691194.84,166447.0,263532.64,0,"['Savings Account', 'Investment Account']","Salary, Real Estate, Capital Gains","Client has moderate knowledge of financial markets, primarily investing in mutual funds and fixed income securities. Familiar with basic risk-return tradeoffs and market volatility, but prefers conservative investment strategies.",Aggressive Growth,"Client assessed as low-to-medium risk. Domestic income and salary align with monthly transactions, but moderate exposure to alternative investments noted.",Full KYC verification completed. Risk assessment and AML checks cleared. Client demonstrates transparency in source of funds and investment objectives.,No,Cleared,Low,Medium,BVI,EAM,"[{'Stock': 'MSFT', 'Shares Owned': 48, 'Allocation (%)': 6.94}, {'Stock': 'USO', 'Shares Owned': 239, 'Allocation (%)': 62.89}, {'Stock': 'TSLA', 'Shares Owned': 235, 'Allocation (%)': 4.9}, {'Stock': 'AMZN', 'Shares Owned': 162, 'Allocation (%)': 6.23}, {'Stock': 'INTC', 'Shares Owned': 440, 'Allocation (%)': 12.7}, {'Stock': 'LVMH', 'Shares Owned': 353, 'Allocation (%)': 1.4}, {'Stock': 'ARKK', 'Shares Owned': 285, 'Allocation (%)': 1.89}, {'Stock': 'GOOGL', 'Shares Owned': 261, 'Allocation (%)': 1.03}, {'Stock': 'ARKQ', 'Shares Owned': 151, 'Allocation (%)': 1.02}, {'Stock': 'EEM', 'Shares Owned': 293, 'Allocation (%)': 1.000000000000003}]",Cynthia Baker, invested early in tech stocks but lost it all in a crash.,Non-Affluent
Melinda Owens,1994-07-19,DE,Female,Single,Clinical embryologist,Pena-Boone,14,"16988 Martinez Vista Suite 996, Carpenterview, NM 46452",(910)778-6828,shannonwilkins@example.net,Checking,ZKKJ98416413349403,CHF,92487.48,994.16,423992.24,50019.44,74568.12,3,"['Savings Account', 'Investment Account']","Business Income, Investments","Client has moderate knowledge of financial markets, primarily investing in mutual funds and fixed income securities. Familiar with basic risk-return tradeoffs and market volatility, but prefers conservative investment strategies.",Aggressive Growth,Client assessed as high-risk due to high-value international transactions and exposure to high-volatility assets. Requires enhanced monitoring and periodic review.,Full KYC verification completed. Risk assessment and AML checks cleared. Client demonstrates transparency in source of funds and investment objectives.,No,Cleared,Low,High,LU,Com. & Retail,"[{'Stock': 'USO', 'Shares Owned': 231, 'Allocation (%)': 52.68}, {'Stock': 'Roche', 'Shares Owned': 159, 'Allocation (%)': 9.15}, {'Stock': 'Siemens', 'Shares Owned': 464, 'Allocation (%)': 14.0}, {'Stock': 'ARKF', 'Shares Owned': 445, 'Allocation (%)': 4.68}, {'Stock': 'CAT', 'Shares Owned': 238, 'Allocation (%)': 12.31}, {'Stock': 'Allianz', 'Shares Owned': 276, 'Allocation (%)': 2.04}, {'Stock': 'Novartis', 'Shares Owned': 375, 'Allocation (%)': 1.25}, {'Stock': 'ARKQ', 'Shares Owned': 153, 'Allocation (%)': 1.44}, {'Stock': 'AAPL', 'Shares Owned': 341, 'Allocation (%)': 1.24}, {'Stock': 'BASF', 'Shares Owned': 234, 'Allocation (%)': 1.2100000000000015}]",Mary Greene, invested early in tech stocks and achieved financial independence.,Non-Affluent
Christina Lee,1980-01-08,DE,Female,Married,"Scientist, research (life sciences)","Sutton, Owens and Gomez",19,"2953 Connie Knoll Apt. 316, Boydberg, NJ 42502",362-600-4513x237,samanthamendoza@example.com,Checking,PRTH32146015580481,CHF,75647.96,694.28,953174.36,128700.88,22857.52,2,['Savings Account'],"Business Income, Investments","Client has moderate knowledge of financial markets, primarily investing in mutual funds and fixed income securities. Familiar with basic risk-return tradeoffs and market volatility, but prefers conservative investment strategies.",Income Generation,"Client assessed as low-to-medium risk. Domestic income and salary align with monthly transactions, but moderate exposure to alternative investments noted.","Documents partially verified. Further verification of employment and income recommended. PEP check cleared, but client flagged for high-value international transactions. Periodic compliance review required.",No,Cleared,High,Medium,LU,EAM,"[{'Stock': 'MSFT', 'Shares Owned': 11, 'Allocation (%)': 51.06}, {'Stock': 'GOOGL', 'Shares Owned': 316, 'Allocation (%)': 7.95}, {'Stock': 'SAP', 'Shares Owned': 389, 'Allocation (%)': 31.13}, {'Stock': 'SOL', 'Shares Owned': 108, 'Allocation (%)': 2.49}, {'Stock': 'BTC', 'Shares Owned': 170, 'Allocation (%)': 1.49}, {'Stock': 'BA', 'Shares Owned': 436, 'Allocation (%)': 1.3}, {'Stock': 'AAPL', 'Shares Owned': 427, 'Allocation (%)': 1.39}, {'Stock': 'ADA', 'Shares Owned': 153, 'Allocation (%)': 1.16}, {'Stock': 'GLD', 'Shares Owned': 472, 'Allocation (%)': 1.0}, {'Stock': 'ARKG', 'Shares Owned': 62, 'Allocation (%)': 1.0299999999999958}]",Mary Greene, invested early in tech stocks and achieved financial independence.,UHNWI
Sarah Porter,1979-04-16,DE,Male,Divorced,"Clinical scientist, histocompatibility and immunogenetics","Brown, Esparza and Wiley",19,"9129 Williams Village, Payneborough, WV 06405",874.236.4816,angela74@example.net,Savings and Investment,RKFC98634055729157,CHF,60724.68,2714.56,1139498.44,168017.12,220067.04,1,"['Checking Account', 'Savings Account', 'Investment Account']","Salary, Real Estate, Capital Gains","Client has moderate knowledge of financial markets, primarily investing in mutual funds and fixed income securities. Familiar with basic risk-return tradeoffs and market volatility, but prefers conservative investment strategies.",Capital Preservation,Client assessed as high-risk due to high-value international transactions and exposure to high-volatility assets. Requires enhanced monitoring and periodic review.,Full KYC verification completed. Risk assessment and AML checks cleared. Client demonstrates transparency in source of funds and investment objectives.,Yes,Cleared,Medium,High,LI,EAM,"[{'Stock': 'VTI', 'Shares Owned': 367, 'Allocation (%)': 24.55}, {'Stock': 'SLV', 'Shares Owned': 379, 'Allocation (%)': 11.01}, {'Stock': 'EEM', 'Shares Owned': 88, 'Allocation (%)': 3.25}, {'Stock': 'LVMH', 'Shares Owned': 458, 'Allocation (%)': 29.3}, {'Stock': 'TIP', 'Shares Owned': 47, 'Allocation (%)': 10.53}, {'Stock': 'ETH', 'Shares Owned': 477, 'Allocation (%)': 8.61}, {'Stock': 'BND', 'Shares Owned': 269, 'Allocation (%)': 9.42}, {'Stock': 'ADA', 'Shares Owned': 467, 'Allocation (%)': 1.29}, {'Stock': 'Siemens', 'Shares Owned': 470, 'Allocation (%)': 1.04}, {'Stock': 'GOOGL', 'Shares Owned': 109, 'Allocation (%)': 1.0}]",Mary Greene, built a fintech startup and retired early.,Affluent
Darlene Brown,1996-06-02,CH,Female,Married,"Accountant, chartered certified",Dickerson PLC,29,"402 Beth Lake Apt. 615, Codyville, WY 21969",+1-214-687-7886,jessica14@example.com,Savings,CTZZ34588782169343,CHF,100363.92,6126.12,1072502.8,157326.16,201941.64,0,"['Checking Account', 'Savings Account', 'Investment Account']","Salary, Rental Income, Stock Investments","Client is highly knowledgeable about derivatives, structured products, and alternative investment vehicles. Experience includes cryptocurrency investments and international equities. Understands hedging and leverage strategies.",Capital Preservation,Client assessed as medium-risk. Some international investments noted. Transactions slightly higher than expected for profile but consistent with disclosed sources of wealth.,Full KYC verification completed. Risk assessment and AML checks cleared. Client demonstrates transparency in source of funds and investment objectives.,Yes,Cleared,Medium,Medium,LI,RM serviced PB,"[{'Stock': 'INTC', 'Shares Owned': 299, 'Allocation (%)': 35.07}, {'Stock': 'EFA', 'Shares Owned': 429, 'Allocation (%)': 29.6}, {'Stock': 'CVX', 'Shares Owned': 472, 'Allocation (%)': 2.59}, {'Stock': 'ARKQ', 'Shares Owned': 487, 'Allocation (%)': 8.42}, {'Stock': 'QQQ', 'Shares Owned': 343, 'Allocation (%)': 18.73}, {'Stock': 'GE', 'Shares Owned': 264, 'Allocation (%)': 1.05}, {'Stock': 'GLD', 'Shares Owned': 395, 'Allocation (%)': 1.12}, {'Stock': 'AGG', 'Shares Owned': 24, 'Allocation (%)': 1.4}, {'Stock': 'SAP', 'Shares Owned': 458, 'Allocation (%)': 1.01}, {'Stock': 'AMZN', 'Shares Owned': 324, 'Allocation (%)': 1.0100000000000071}]",Mary Greene, bet big on crypto and lives quietly by the sea.,UHNWI
Sarah Thomas,1994-01-11,DE,Male,Widowed,"Sales professional, IT","Cook, Gibbs and Stout",15,"8776 Debra Heights Suite 603, East James, VT 09137",001-492-948-6996x917,burgessmatthew@example.org,Checking,HFPI94925760003092,CHF,95186.4,5362.48,945210.88,103035.64,156952.84,3,"['Savings Account', 'Investment Account']","Business Income, Investments",Client possesses practical experience in stock markets and ETFs. Has some knowledge of portfolio rebalancing and tax-efficient investment strategies.,Aggressive Growth,Client assessed as low-risk. Transaction behavior is consistent with reported income. No history of suspicious activity. Domestic and regulated international income sources only.,Full KYC verification completed. Risk assessment and AML checks cleared. Client demonstrates transparency in source of funds and investment objectives.,No,Cleared,High,High,CH,Com. & Retail,"[{'Stock': 'NEE', 'Shares Owned': 212, 'Allocation (%)': 48.91}, {'Stock': 'SPY', 'Shares Owned': 215, 'Allocation (%)': 28.02}, {'Stock': 'AAPL', 'Shares Owned': 281, 'Allocation (%)': 2.14}, {'Stock': 'GLD', 'Shares Owned': 165, 'Allocation (%)': 10.67}, {'Stock': 'Roche', 'Shares Owned': 382, 'Allocation (%)': 3.4}, {'Stock': 'Allianz', 'Shares Owned': 393, 'Allocation (%)': 1.39}, {'Stock': 'GOOGL', 'Shares Owned': 109, 'Allocation (%)': 1.57}, {'Stock': 'BASF', 'Shares Owned': 216, 'Allocation (%)': 1.2}, {'Stock': 'SOL', 'Shares Owned': 419, 'Allocation (%)': 1.42}, {'Stock': 'CVX', 'Shares Owned': 358, 'Allocation (%)': 1.280000000000003}]",Arthur Elliott, focused on real estate and became a mentor.,UHNWI
Keith Hill,1985-05-07,LI,Male,Divorced,Phytotherapist,Lewis PLC,3,"929 Stout Avenue Suite 528, Lake Sarahside, NH 70138",(232)711-0280x79693,ibooth@example.org,Savings,PNOI67614297574110,CHF,78241.48,3077.68,726828.88,43414.6,158646.04,0,"['Savings Account', 'Investment Account']","Business Income, Investments","Client has moderate knowledge of financial markets, primarily investing in mutual funds and fixed income securities. Familiar with basic risk-return tradeoffs and market volatility, but prefers conservative investment strategies.",Aggressive Growth,Client assessed as low-risk. Transaction behavior is consistent with reported income. No history of suspicious activity. Domestic and regulated international income sources only.,Full KYC verification completed. Risk assessment and AML checks cleared. Client demonstrates transparency in source of funds and investment objectives.,No,Cleared,Medium,Medium,SG,Com. & Retail,"[{'Stock': 'ARKF', 'Shares Owned': 341, 'Allocation (%)': 14.9}, {'Stock': 'QQQ', 'Shares Owned': 324, 'Allocation (%)': 22.03}, {'Stock': 'TSLA', 'Shares Owned': 119, 'Allocation (%)': 49.02}, {'Stock': 'TIP', 'Shares Owned': 209, 'Allocation (%)': 7.29}, {'Stock': 'MSFT', 'Shares Owned': 138, 'Allocation (%)': 1.24}, {'Stock': 'ADA', 'Shares Owned': 500, 'Allocation (%)': 1.41}, {'Stock': 'Novartis', 'Shares Owned': 50, 'Allocation (%)': 1.07}, {'Stock': 'Siemens', 'Shares Owned': 212, 'Allocation (%)': 1.04}, {'Stock': 'BASF', 'Shares Owned': 15, 'Allocation (%)': 1.0}, {'Stock': 'GLD', 'Shares Owned': 78, 'Allocation (%)': 0.9999999999999893}]",Arthur Elliott, invested early in tech stocks and keeps growing steadily.,Affluent
Michael Gallagher,1984-02-25,LI,Male,Married,Magazine features editor,Carrillo Group,25,"8253 Goodman Oval, Collinsfurt, VI 16100",697.882.8771x346,kimberlydean@example.com,Checking,MENA79514983226457,CHF,55959.24,6166.24,878477.04,46921.36,67918.4,0,"['Checking Account', 'Savings Account']","Salary, Rental Income, Stock Investments","Client is highly knowledgeable about derivatives, structured products, and alternative investment vehicles. Experience includes cryptocurrency investments and international equities. Understands hedging and leverage strategies.",Income Generation,"Client assessed as low-to-medium risk. Domestic income and salary align with monthly transactions, but moderate exposure to alternative investments noted.",Verification of ID documents and employment completed. Tax residency confirmed. Client is not on any sanctions or PEP lists. AML monitoring recommended due to international investment exposure.,No,Cleared,Low,High,BVI,EAM,"[{'Stock': 'ARKF', 'Shares Owned': 18, 'Allocation (%)': 19.49}, {'Stock': 'GLD', 'Shares Owned': 482, 'Allocation (%)': 13.12}, {'Stock': 'SAP', 'Shares Owned': 312, 'Allocation (%)': 3.57}, {'Stock': 'NVDA', 'Shares Owned': 165, 'Allocation (%)': 46.02}, {'Stock': 'ADA', 'Shares Owned': 456, 'Allocation (%)': 11.95}, {'Stock': 'SPY', 'Shares Owned': 18, 'Allocation (%)': 1.41}, {'Stock': 'MSFT', 'Shares Owned': 225, 'Allocation (%)': 1.34}, {'Stock': 'SLV', 'Shares Owned': 286, 'Allocation (%)': 1.05}, {'Stock': 'NFLX', 'Shares Owned': 152, 'Allocation (%)': 1.0}, {'Stock': 'TIP', 'Shares Owned': 294, 'Allocation (%)': 1.049999999999998}]",Mary Greene, built a fintech startup and achieved financial independence.,Affluent
Angela Jackson,1989-02-09,CH,Male,Married,Early years teacher,"Bond, Reed and Wood",15,"927 Davis Cliff, West Stephanie, AL 32437",929.205.7532,pateljessica@example.com,Checking,CLJT23098236986887,CHF,78384.96,1091.4,504717.08,315559.44,212839.32,3,"['Checking Account', 'Savings Account', 'Investment Account']","Salary, Real Estate, Capital Gains","Client has moderate knowledge of financial markets, primarily investing in mutual funds and fixed income securities. Familiar with basic risk-return tradeoffs and market volatility, but prefers conservative investment strategies.",Capital Preservation,Client assessed as low-risk. Transaction behavior is consistent with reported income. No history of suspicious activity. Domestic and regulated international income sources only.,Verification of ID documents and employment completed. Tax residency confirmed. Client is not on any sanctions or PEP lists. AML monitoring recommended due to international investment exposure.,No,Cleared,High,Medium,BVI,EAM,"[{'Stock': 'MSFT', 'Shares Owned': 144, 'Allocation (%)': 17.92}, {'Stock': 'ARKF', 'Shares Owned': 443, 'Allocation (%)': 73.06}, {'Stock': 'Roche', 'Shares Owned': 303, 'Allocation (%)': 1.99}, {'Stock': 'BA', 'Shares Owned': 168, 'Allocation (%)': 1.0}, {'Stock': 'Allianz', 'Shares Owned': 410, 'Allocation (%)': 1.0}, {'Stock': 'ETH', 'Shares Owned': 191, 'Allocation (%)': 1.02}, {'Stock': 'SOL', 'Shares Owned': 416, 'Allocation (%)': 1.0}, {'Stock': 'AMZN', 'Shares Owned': 11, 'Allocation (%)': 1.01}, {'Stock': 'USO', 'Shares Owned': 324, 'Allocation (%)': 1.0}, {'Stock': 'Volkswagen', 'Shares Owned': 265, 'Allocation (%)': 0.9999999999999962}]",Cynthia Baker, invested early in tech stocks and retired early.,UHNWI
Joseph Moore,1980-07-01,LI,Female,Widowed,Quantity surveyor,Oliver-Simpson,19,"853 Davis Well, Samuelfort, FM 56346",001-775-256-9080,plamb@example.net,Checking,ZOJK71691523838028,CHF,91198.2,5378.8,1267582.56,316299.28,217415.72,0,['Savings Account'],"Salary, Real Estate, Capital Gains","Client has extensive experience investing in equities, bonds, ETFs, and mutual funds. Demonstrates strong understanding of portfolio diversification and risk management techniques. Has previously invested in alternative assets such as real estate funds and structured products.",Income Generation,Client assessed as high-risk due to high-value international transactions and exposure to high-volatility assets. Requires enhanced monitoring and periodic review.,Verification of ID documents and employment completed. Tax residency confirmed. Client is not on any sanctions or PEP lists. AML monitoring recommended due to international investment exposure.,Yes,Cleared,Low,High,BVI,EAM,"[{'Stock': 'CAT', 'Shares Owned': 242, 'Allocation (%)': 25.15}, {'Stock': 'EEM', 'Shares Owned': 499, 'Allocation (%)': 35.37}, {'Stock': 'INTC', 'Shares Owned': 487, 'Allocation (%)': 22.76}, {'Stock': 'SOL', 'Shares Owned': 273, 'Allocation (%)': 8.59}, {'Stock': 'ETH', 'Shares Owned': 308, 'Allocation (%)': 2.8}, {'Stock': 'NFLX', 'Shares Owned': 317, 'Allocation (%)': 1.07}, {'Stock': 'BND', 'Shares Owned': 495, 'Allocation (%)': 1.16}, {'Stock': 'SPY', 'Shares Owned': 251, 'Allocation (%)': 1.02}, {'Stock': 'CVX', 'Shares Owned': 66, 'Allocation (%)': 1.03}, {'Stock': 'ADA', 'Shares Owned': 361, 'Allocation (%)': 1.0499999999999952}]",Mary Greene, bet big on crypto and achieved financial independence.,Non-Affluent
Jessica Jennings,1995-01-12,DE,Female,Divorced,Soil scientist,Webb-Davis,1,"2660 Robert Inlet Apt. 793, South Hannahview, VT 51149",(420)826-9264x05111,jay06@example.org,Savings,NYKO18880961487788,CHF,124767.08,1066.92,981048.24,129146.28,230313.28,1,"['Checking Account', 'Savings Account', 'Investment Account']","Salary, Rental Income, Stock Investments","Client is highly knowledgeable about derivatives, structured products, and alternative investment vehicles. Experience includes cryptocurrency investments and international equities. Understands hedging and leverage strategies.",Capital Preservation,Client assessed as high-risk due to high-value international transactions and exposure to high-volatility assets. Requires enhanced monitoring and periodic review.,Verification of ID documents and employment completed. Tax residency confirmed. Client is not on any sanctions or PEP lists. AML monitoring recommended due to international investment exposure.,No,Cleared,Medium,Medium,SG,Com. & Retail,"[{'Stock': 'Novartis', 'Shares Owned': 262, 'Allocation (%)': 34.5}, {'Stock': 'ETH', 'Shares Owned': 219, 'Allocation (%)': 26.21}, {'Stock': 'GOOGL', 'Shares Owned': 417, 'Allocation (%)': 14.18}, {'Stock': 'ARKF', 'Shares Owned': 313, 'Allocation (%)': 6.92}, {'Stock': 'SAP', 'Shares Owned': 268, 'Allocation (%)': 1.87}, {'Stock': 'Volkswagen', 'Shares Owned': 245, 'Allocation (%)': 3.38}, {'Stock': 'ARKQ', 'Shares Owned': 190, 'Allocation (%)': 2.3}, {'Stock': 'NVDA', 'Shares Owned': 310, 'Allocation (%)': 2.11}, {'Stock': 'NEE', 'Shares Owned': 272, 'Allocation (%)': 1.65}, {'Stock': 'BTC', 'Shares Owned': 493, 'Allocation (%)': 6.879999999999997}]",Cynthia Baker, built a fintech startup and became a mentor.,Affluent
Elizabeth Mckinney,1999-08-14,DE,Male,Widowed,Forensic scientist,Salazar-Lopez,12,"15119 Alexander Walks, North Raymond, AL 53602",(482)874-4527x92511,zruiz@example.org,Savings and Investment,RQZA47218873733978,CHF,85112.88,1655.8,387674.8,336399.4,80659.56,1,['Savings Account'],"Salary, Real Estate, Capital Gains","Client has extensive experience investing in equities, bonds, ETFs, and mutual funds. Demonstrates strong understanding of portfolio diversification and risk management techniques. Has previously invested in alternative assets such as real estate funds and structured products.",Capital Preservation,Client assessed as medium-risk. Some international investments noted. Transactions slightly higher than expected for profile but consistent with disclosed sources of wealth.,Verification of ID documents and employment completed. Tax residency confirmed. Client is not on any sanctions or PEP lists. AML monitoring recommended due to international investment exposure.,No,Cleared,Medium,Medium,CH,EAM,"[{'Stock': 'GE', 'Shares Owned': 175, 'Allocation (%)': 54.63}, {'Stock': 'INTC', 'Shares Owned': 169, 'Allocation (%)': 21.39}, {'Stock': 'XOM', 'Shares Owned': 410, 'Allocation (%)': 1.1}, {'Stock': 'Volkswagen', 'Shares Owned': 287, 'Allocation (%)': 14.62}, {'Stock': 'CVX', 'Shares Owned': 233, 'Allocation (%)': 2.27}, {'Stock': 'SOL', 'Shares Owned': 114, 'Allocation (%)': 1.53}, {'Stock': 'GOOGL', 'Shares Owned': 254, 'Allocation (%)': 1.18}, {'Stock': 'NVDA', 'Shares Owned': 64, 'Allocation (%)': 1.12}, {'Stock': 'ARKF', 'Shares Owned': 153, 'Allocation (%)': 1.01}, {'Stock': 'EEM', 'Shares Owned': 463, 'Allocation (%)': 1.1499999999999966}]",Mary Greene, launched a coffee chain and achieved financial independence.,Non-Affluent
John Bailey,1964-07-08,CH,Female,Single,Newspaper journalist,Harper-Best,20,"0711 Jeremy Way Apt. 081, Stewartland, OR 52384",600.425.5160x252,traci98@example.org,Savings,HWTP85266741218672,CHF,94114.04,3435.36,316248.28,154630.64,158391.72,2,"['Savings Account', 'Investment Account']","Business Income, Investments","Client is highly knowledgeable about derivatives, structured products, and alternative investment vehicles. Experience includes cryptocurrency investments and international equities. Understands hedging and leverage strategies.",Moderate Growth,"Client assessed as low-to-medium risk. Domestic income and salary align with monthly transactions, but moderate exposure to alternative investments noted.",All identification documents verified. Employment and income confirmed via supporting documents. PEP check cleared. Sanctions screening completed. AML risk is low. No discrepancies found during due diligence.,Yes,Cleared,High,Medium,BVI,RM serviced PB,"[{'Stock': 'GLD', 'Shares Owned': 382, 'Allocation (%)': 58.16}, {'Stock': 'TSLA', 'Shares Owned': 411, 'Allocation (%)': 12.94}, {'Stock': 'AGG', 'Shares Owned': 192, 'Allocation (%)': 1.31}, {'Stock': 'VTI', 'Shares Owned': 378, 'Allocation (%)': 1.72}, {'Stock': 'NVDA', 'Shares Owned': 124, 'Allocation (%)': 17.67}, {'Stock': 'EEM', 'Shares Owned': 357, 'Allocation (%)': 3.57}, {'Stock': 'CAT', 'Shares Owned': 362, 'Allocation (%)': 1.21}, {'Stock': 'Volkswagen', 'Shares Owned': 229, 'Allocation (%)': 1.1}, {'Stock': 'GE', 'Shares Owned': 496, 'Allocation (%)': 1.1}, {'Stock': 'AAPL', 'Shares Owned': 283, 'Allocation (%)': 1.220000000000006}]",Cynthia Baker, focused on real estate and retired early.,Non-Affluent
Jamie Ramirez,1992-05-08,CH,Female,Single,Cabin crew,"Buchanan, Neal and Dalton",12,"520 Turner Shoals, Jennifertown, IA 48675",+1-981-726-1931x2778,nixonmelissa@example.net,Savings and Investment,IABI79354508581727,CHF,106801.48,1114.52,1184128.88,62034.36,212504.08,2,"['Savings Account', 'Investment Account']","Salary, Real Estate, Capital Gains","Client is highly knowledgeable about derivatives, structured products, and alternative investment vehicles. Experience includes cryptocurrency investments and international equities. Understands hedging and leverage strategies.",Aggressive Growth,Client assessed as medium-risk. Some international investments noted. Transactions slightly higher than expected for profile but consistent with disclosed sources of wealth.,All identification documents verified. Employment and income confirmed via supporting documents. PEP check cleared. Sanctions screening completed. AML risk is low. No discrepancies found during due diligence.,No,Cleared,Low,Low,BVI,Com. & Retail,"[{'Stock': 'ARKG', 'Shares Owned': 234, 'Allocation (%)': 35.99}, {'Stock': 'VTI', 'Shares Owned': 448, 'Allocation (%)': 8.72}, {'Stock': 'TSLA', 'Shares Owned': 268, 'Allocation (%)': 30.02}, {'Stock': 'GE', 'Shares Owned': 239, 'Allocation (%)': 9.75}, {'Stock': 'NEE', 'Shares Owned': 35, 'Allocation (%)': 2.91}, {'Stock': 'CAT', 'Shares Owned': 232, 'Allocation (%)': 4.91}, {'Stock': 'CVX', 'Shares Owned': 347, 'Allocation (%)': 2.21}, {'Stock': 'SAP', 'Shares Owned': 184, 'Allocation (%)': 1.4}, {'Stock': 'AMZN', 'Shares Owned': 32, 'Allocation (%)': 1.47}, {'Stock': 'NVDA', 'Shares Owned': 288, 'Allocation (%)': 2.619999999999993}]",Mary Greene, focused on real estate and retired early.,UHNWI
Amy Strickland,1973-10-14,LI,Male,Widowed,Network engineer,Higgins-Jordan,29,"8285 Vincent Branch, New Stevenview, WA 56103",001-752-207-2596x2711,martincarrie@example.com,Savings and Investment,DVOT92792018879659,CHF,106553.96,3145.0,1083392.32,110032.16,186560.04,0,['Savings Account'],"Inheritance, Savings, Salary","Client is highly knowledgeable about derivatives, structured products, and alternative investment vehicles. Experience includes cryptocurrency investments and international equities. Understands hedging and leverage strategies.",Income Generation,"Client assessed as low-to-medium risk. Domestic income and salary align with monthly transactions, but moderate exposure to alternative investments noted.",Verification of ID documents and employment completed. Tax residency confirmed. Client is not on any sanctions or PEP lists. AML monitoring recommended due to international investment exposure.,Yes,Cleared,Low,High,SG,Com. & Retail,"[{'Stock': 'EEM', 'Shares Owned': 315, 'Allocation (%)': 76.74}, {'Stock': 'AGG', 'Shares Owned': 173, 'Allocation (%)': 13.6}, {'Stock': 'USO', 'Shares Owned': 422, 'Allocation (%)': 2.54}, {'Stock': 'ARKQ', 'Shares Owned': 379, 'Allocation (%)': 1.08}, {'Stock': 'NVDA', 'Shares Owned': 353, 'Allocation (%)': 1.0}, {'Stock': 'VTI', 'Shares Owned': 26, 'Allocation (%)': 1.03}, {'Stock': 'NEE', 'Shares Owned': 285, 'Allocation (%)': 1.0}, {'Stock': 'ADBE', 'Shares Owned': 378, 'Allocation (%)': 1.0}, {'Stock': 'BASF', 'Shares Owned': 493, 'Allocation (%)': 1.01}, {'Stock': 'Allianz', 'Shares Owned': 68, 'Allocation (%)': 1.000000000000005}]",Mary Greene, focused on real estate but lost it all in a crash.,UHNWI
Heather Harper,1999-06-09,DE,Female,Married,Technical brewer,Key LLC,6,"4082 Rhonda Pass Apt. 893, East Johnland, WV 06666",(946)701-9024,jdavis@example.org,Checking,LENG92368130209966,CHF,126936.96,1064.2,1109534.24,245667.68,109730.92,0,"['Savings Account', 'Investment Account']","Salary, Rental Income, Stock Investments","Client is highly knowledgeable about derivatives, structured products, and alternative investment vehicles. Experience includes cryptocurrency investments and international equities. Understands hedging and leverage strategies.",Aggressive Growth,"Client assessed as low-to-medium risk. Domestic income and salary align with monthly transactions, but moderate exposure to alternative investments noted.",All identification documents verified. Employment and income confirmed via supporting documents. PEP check cleared. Sanctions screening completed. AML risk is low. No discrepancies found during due diligence.,Yes,Cleared,Medium,High,LU,Com. & Retail,"[{'Stock': 'ADA', 'Shares Owned': 250, 'Allocation (%)': 30.84}, {'Stock': 'Roche', 'Shares Owned': 42, 'Allocation (%)': 31.13}, {'Stock': 'SLV', 'Shares Owned': 281, 'Allocation (%)': 5.31}, {'Stock': 'USO', 'Shares Owned': 329, 'Allocation (%)': 6.92}, {'Stock': 'AAPL', 'Shares Owned': 17, 'Allocation (%)': 19.13}, {'Stock': 'Siemens', 'Shares Owned': 98, 'Allocation (%)': 2.29}, {'Stock': 'BASF', 'Shares Owned': 64, 'Allocation (%)': 1.05}, {'Stock': 'Novartis', 'Shares Owned': 286, 'Allocation (%)': 1.01}, {'Stock': 'NVDA', 'Shares Owned': 50, 'Allocation (%)': 1.03}, {'Stock': 'EEM', 'Shares Owned': 324, 'Allocation (%)': 1.2899999999999985}]",Cynthia Baker, bet big on crypto and retired early.,Affluent
Jennifer Aguirre,1964-08-18,CH,Male,Widowed,Administrator,Clarke Group,1,"095 Rose Dale, East Michael, KY 02160",+1-394-491-6181x06566,lgreene@example.org,Checking,CPIX67521645340688,CHF,103345.72,4847.72,511182.52,58954.64,169713.04,1,"['Savings Account', 'Investment Account']","Salary, Rental Income, Stock Investments","Client has extensive experience investing in equities, bonds, ETFs, and mutual funds. Demonstrates strong understanding of portfolio diversification and risk management techniques. Has previously invested in alternative assets such as real estate funds and structured products.",Aggressive Growth,"Client assessed as low-to-medium risk. Domestic income and salary align with monthly transactions, but moderate exposure to alternative investments noted.",All identification documents verified. Employment and income confirmed via supporting documents. PEP check cleared. Sanctions screening completed. AML risk is low. No discrepancies found during due diligence.,No,Cleared,Low,High,LI,RM serviced PB,"[{'Stock': 'ARKF', 'Shares Owned': 416, 'Allocation (%)': 46.65}, {'Stock': 'TIP', 'Shares Owned': 418, 'Allocation (%)': 17.12}, {'Stock': 'INTC', 'Shares Owned': 17, 'Allocation (%)': 9.44}, {'Stock': 'Siemens', 'Shares Owned': 266, 'Allocation (%)': 12.32}, {'Stock': 'Novartis', 'Shares Owned': 172, 'Allocation (%)': 6.42}, {'Stock': 'ARKG', 'Shares Owned': 237, 'Allocation (%)': 3.74}, {'Stock': 'LVMH', 'Shares Owned': 261, 'Allocation (%)': 1.01}, {'Stock': 'AAPL', 'Shares Owned': 57, 'Allocation (%)': 1.28}, {'Stock': 'ARKK', 'Shares Owned': 85, 'Allocation (%)': 1.02}, {'Stock': 'BASF', 'Shares Owned': 309, 'Allocation (%)': 1.0000000000000058}]",Cynthia Baker, invested early in tech stocks and lives quietly by the sea.,UHNWI
Katrina Bell,1984-05-30,CH,Male,Single,"Merchandiser, retail",Wright Inc,27,"43850 Ashley Meadow, West Erika, NM 77724",828.333.4997x15822,phunter@example.net,Savings and Investment,ZDBV57971519277361,CHF,89754.56,1144.44,880466.04,213461.52,270765.8,2,"['Savings Account', 'Investment Account']","Salary, Rental Income, Stock Investments","Client has moderate knowledge of financial markets, primarily investing in mutual funds and fixed income securities. Familiar with basic risk-return tradeoffs and market volatility, but prefers conservative investment strategies.",Income Generation,Client assessed as low-risk. Transaction behavior is consistent with reported income. No history of suspicious activity. Domestic and regulated international income sources only.,Full KYC verification completed. Risk assessment and AML checks cleared. Client demonstrates transparency in source of funds and investment objectives.,No,Cleared,Medium,Medium,BVI,RM serviced PB,"[{'Stock': 'ARKQ', 'Shares Owned': 290, 'Allocation (%)': 86.76}, {'Stock': 'CAT', 'Shares Owned': 447, 'Allocation (%)': 1.85}, {'Stock': 'VTI', 'Shares Owned': 173, 'Allocation (%)': 1.87}, {'Stock': 'SLV', 'Shares Owned': 166, 'Allocation (%)': 1.68}, {'Stock': 'NEE', 'Shares Owned': 48, 'Allocation (%)': 1.67}, {'Stock': 'EFA', 'Shares Owned': 191, 'Allocation (%)': 2.14}, {'Stock': 'SAP', 'Shares Owned': 247, 'Allocation (%)': 1.02}, {'Stock': 'Novartis', 'Shares Owned': 335, 'Allocation (%)': 1.0}, {'Stock': 'ADA', 'Shares Owned': 379, 'Allocation (%)': 1.0}, {'Stock': 'BASF', 'Shares Owned': 116, 'Allocation (%)': 1.0099999999999958}]",Cynthia Baker, invested early in tech stocks and keeps growing steadily.,UHNWI
Jose Simon,1977-11-09,LI,Female,Married,Radio producer,"Gomez, Sampson and James",7,"49070 Jeffrey Shoal, Albertville, PR 43294",905-609-1397x15647,cobbheather@example.net,Savings,EBEV07915051631086,CHF,83596.48,2681.92,904438.08,276205.8,137011.84,1,"['Checking Account', 'Savings Account', 'Investment Account']","Salary, Real Estate, Capital Gains",Client possesses practical experience in stock markets and ETFs. Has some knowledge of portfolio rebalancing and tax-efficient investment strategies.,Income Generation,Client assessed as high-risk due to high-value international transactions and exposure to high-volatility assets. Requires enhanced monitoring and periodic review.,All identification documents verified. Employment and income confirmed via supporting documents. PEP check cleared. Sanctions screening completed. AML risk is low. No discrepancies found during due diligence.,No,Cleared,Medium,Medium,CH,RM serviced PB,"[{'Stock': 'EFA', 'Shares Owned': 491, 'Allocation (%)': 71.77}, {'Stock': 'Allianz', 'Shares Owned': 280, 'Allocation (%)': 4.74}, {'Stock': 'ARKF', 'Shares Owned': 253, 'Allocation (%)': 8.56}, {'Stock': 'ARKQ', 'Shares Owned': 194, 'Allocation (%)': 5.4}, {'Stock': 'Volkswagen', 'Shares Owned': 252, 'Allocation (%)': 1.14}, {'Stock': 'SPY', 'Shares Owned': 338, 'Allocation (%)': 2.37}, {'Stock': 'ARKK', 'Shares Owned': 250, 'Allocation (%)': 2.23}, {'Stock': 'ADBE', 'Shares Owned': 305, 'Allocation (%)': 1.43}, {'Stock': 'USO', 'Shares Owned': 220, 'Allocation (%)': 1.16}, {'Stock': 'SAP', 'Shares Owned': 446, 'Allocation (%)': 1.2000000000000004}]",Cynthia Baker, ran a quant hedge fund and achieved financial independence.,Affluent
Lisa Woods,1983-10-08,CH,Male,Married,Air broker,"Smith, Gray and Moore",17,"182 Poole Square, Lake John, CT 11945",662.372.8585,matthew10@example.net,Savings and Investment,ZLPA50742576357626,CHF,73327.12,2192.32,967960.96,245159.04,58461.64,1,['Savings Account'],"Salary, Rental Income, Stock Investments","Client is highly knowledgeable about derivatives, structured products, and alternative investment vehicles. Experience includes cryptocurrency investments and international equities. Understands hedging and leverage strategies.",Moderate Growth,"Client assessed as low-to-medium risk. Domestic income and salary align with monthly transactions, but moderate exposure to alternative investments noted.",Verification of ID documents and employment completed. Tax residency confirmed. Client is not on any sanctions or PEP lists. AML monitoring recommended due to international investment exposure.,Yes,Cleared,Medium,Low,BVI,EAM,"[{'Stock': 'TIP', 'Shares Owned': 327, 'Allocation (%)': 83.75}, {'Stock': 'Siemens', 'Shares Owned': 159, 'Allocation (%)': 6.23}, {'Stock': 'BASF', 'Shares Owned': 161, 'Allocation (%)': 1.16}, {'Stock': 'BND', 'Shares Owned': 193, 'Allocation (%)': 1.53}, {'Stock': 'XOM', 'Shares Owned': 57, 'Allocation (%)': 1.73}, {'Stock': 'ARKF', 'Shares Owned': 278, 'Allocation (%)': 1.35}, {'Stock': 'ETH', 'Shares Owned': 114, 'Allocation (%)': 1.13}, {'Stock': 'ARKG', 'Shares Owned': 447, 'Allocation (%)': 1.05}, {'Stock': 'ADA', 'Shares Owned': 26, 'Allocation (%)': 1.03}, {'Stock': 'META', 'Shares Owned': 237, 'Allocation (%)': 1.0400000000000003}]",Mary Greene, ran a quant hedge fund and keeps growing steadily.,Affluent
Julia Castro,1998-10-10,CH,Female,Divorced,"Editor, film/video",Johnston-Lopez,16,"9127 Todd Knolls Apt. 499, North Krista, FL 40829",889-329-5502x0521,zbennett@example.net,Checking,LWXK40503368435713,CHF,124642.64,2374.56,1163012.84,143544.6,77029.72,1,"['Savings Account', 'Investment Account']","Salary, Rental Income, Stock Investments",Client possesses practical experience in stock markets and ETFs. Has some knowledge of portfolio rebalancing and tax-efficient investment strategies.,Aggressive Growth,Client assessed as low-risk. Transaction behavior is consistent with reported income. No history of suspicious activity. Domestic and regulated international income sources only.,All identification documents verified. Employment and income confirmed via supporting documents. PEP check cleared. Sanctions screening completed. AML risk is low. No discrepancies found during due diligence.,Yes,Cleared,High,Low,BVI,EAM,"[{'Stock': 'ADA', 'Shares Owned': 355, 'Allocation (%)': 23.84}, {'Stock': 'CAT', 'Shares Owned': 178, 'Allocation (%)': 61.62}, {'Stock': 'XOM', 'Shares Owned': 339, 'Allocation (%)': 5.52}, {'Stock': 'META', 'Shares Owned': 23, 'Allocation (%)': 2.54}, {'Stock': 'MSFT', 'Shares Owned': 309, 'Allocation (%)': 1.09}, {'Stock': 'BTC', 'Shares Owned': 112, 'Allocation (%)': 1.35}, {'Stock': 'BA', 'Shares Owned': 325, 'Allocation (%)': 1.02}, {'Stock': 'NFLX', 'Shares Owned': 57, 'Allocation (%)': 1.01}, {'Stock': 'QQQ', 'Shares Owned': 322, 'Allocation (%)': 1.01}, {'Stock': 'SOL', 'Shares Owned': 174, 'Allocation (%)': 0.9999999999999989}]",Mary Greene, invested early in tech stocks but lost it all in a crash.,Affluent
Ryan Nash,1961-11-26,DE,Female,Married,Claims inspector/assessor,"Schwartz, Hooper and Garcia",29,"39063 Ortega Village Suite 881, Hardymouth, IL 55065",662-300-3897x2827,carlosberry@example.net,Savings,YXFU36399039161444,CHF,118234.32,6619.8,270835.16,305859.24,174577.08,0,['Savings Account'],"Salary, Real Estate, Capital Gains","Client is highly knowledgeable about derivatives, structured products, and alternative investment vehicles. Experience includes cryptocurrency investments and international equities. Understands hedging and leverage strategies.",Aggressive Growth,Client assessed as high-risk due to high-value international transactions and exposure to high-volatility assets. Requires enhanced monitoring and periodic review.,Verification of ID documents and employment completed. Tax residency confirmed. Client is not on any sanctions or PEP lists. AML monitoring recommended due to international investment exposure.,No,Cleared,High,High,SG,RM serviced PB,"[{'Stock': 'CAT', 'Shares Owned': 387, 'Allocation (%)': 86.89}, {'Stock': 'SOL', 'Shares Owned': 147, 'Allocation (%)': 3.66}, {'Stock': 'META', 'Shares Owned': 448, 'Allocation (%)': 1.94}, {'Stock': 'EFA', 'Shares Owned': 300, 'Allocation (%)': 1.17}, {'Stock': 'AAPL', 'Shares Owned': 88, 'Allocation (%)': 1.24}, {'Stock': 'BTC', 'Shares Owned': 131, 'Allocation (%)': 1.08}, {'Stock': 'AMZN', 'Shares Owned': 166, 'Allocation (%)': 1.01}, {'Stock': 'ARKG', 'Shares Owned': 500, 'Allocation (%)': 1.01}, {'Stock': 'INTC', 'Shares Owned': 371, 'Allocation (%)': 1.0}, {'Stock': 'CVX', 'Shares Owned': 395, 'Allocation (%)': 0.9999999999999998}]",Mary Greene, focused on real estate and retired early.,Affluent
Leonard Tanner,1966-06-25,DE,Female,Widowed,Horticultural consultant,Harris-Miller,1,"906 Courtney Ferry, Clarkville, WA 27172",791.576.4427x8623,benjaminlee@example.net,Savings and Investment,EQEE21324980706265,CHF,119371.96,6155.36,225949.04,200221.92,159845.56,2,['Savings Account'],"Salary, Real Estate, Capital Gains",Client possesses practical experience in stock markets and ETFs. Has some knowledge of portfolio rebalancing and tax-efficient investment strategies.,Aggressive Growth,"Client assessed as low-to-medium risk. Domestic income and salary align with monthly transactions, but moderate exposure to alternative investments noted.",Full KYC verification completed. Risk assessment and AML checks cleared. Client demonstrates transparency in source of funds and investment objectives.,Yes,Cleared,High,High,SG,Com. & Retail,"[{'Stock': 'SOL', 'Shares Owned': 392, 'Allocation (%)': 63.82}, {'Stock': 'GOOGL', 'Shares Owned': 270, 'Allocation (%)': 18.77}, {'Stock': 'BND', 'Shares Owned': 42, 'Allocation (%)': 5.52}, {'Stock': 'MSFT', 'Shares Owned': 210, 'Allocation (%)': 3.64}, {'Stock': 'ARKK', 'Shares Owned': 443, 'Allocation (%)': 2.45}, {'Stock': 'EEM', 'Shares Owned': 349, 'Allocation (%)': 1.59}, {'Stock': 'META', 'Shares Owned': 185, 'Allocation (%)': 1.1}, {'Stock': 'ARKQ', 'Shares Owned': 26, 'Allocation (%)': 1.01}, {'Stock': 'EFA', 'Shares Owned': 108, 'Allocation (%)': 1.06}, {'Stock': 'CVX', 'Shares Owned': 291, 'Allocation (%)': 1.0399999999999996}]",Cynthia Baker, invested early in tech stocks but lost it all in a crash.,Non-Affluent
Tracy Gregory,1981-08-28,DE,Female,Single,Customer service manager,"Nelson, Bradley and Wheeler",4,"6729 Michael Run Suite 105, Danielbury, MP 11617",(919)865-8340x1681,xbaker@example.org,Savings,WNGN79815933930789,CHF,95860.28,662.32,252267.76,242869.48,134064.04,2,"['Checking Account', 'Savings Account', 'Investment Account']","Salary, Real Estate, Capital Gains",Client possesses practical experience in stock markets and ETFs. Has some knowledge of portfolio rebalancing and tax-efficient investment strategies.,Capital Preservation,Client assessed as high-risk due to high-value international transactions and exposure to high-volatility assets. Requires enhanced monitoring and periodic review.,Full KYC verification completed. Risk assessment and AML checks cleared. Client demonstrates transparency in source of funds and investment objectives.,Yes,Cleared,High,Medium,SG,RM serviced PB,"[{'Stock': 'TSLA', 'Shares Owned': 56, 'Allocation (%)': 73.78}, {'Stock': 'Allianz', 'Shares Owned': 368, 'Allocation (%)': 15.79}, {'Stock': 'ETH', 'Shares Owned': 112, 'Allocation (%)': 3.12}, {'Stock': 'MSFT', 'Shares Owned': 161, 'Allocation (%)': 1.18}, {'Stock': 'AMZN', 'Shares Owned': 239, 'Allocation (%)': 1.11}, {'Stock': 'ARKF', 'Shares Owned': 446, 'Allocation (%)': 1.01}, {'Stock': 'SPY', 'Shares Owned': 12, 'Allocation (%)': 1.01}, {'Stock': 'GLD', 'Shares Owned': 332, 'Allocation (%)': 1.0}, {'Stock': 'NVDA', 'Shares Owned': 269, 'Allocation (%)': 1.0}, {'Stock': 'GE', 'Shares Owned': 418, 'Allocation (%)': 1.0}]",Cynthia Baker, bet big on crypto and lives quietly by the sea.,Affluent
Roger Walker,1979-11-09,DE,Female,Married,"Journalist, magazine","Gonzalez, Walker and King",9,"44816 Vincent Trail Apt. 550, Wendyfort, TN 25690",001-279-375-9196x81278,harrislaura@example.net,Checking,TMOR41431482411972,CHF,126738.4,3530.56,895562.04,240420.12,177502.44,1,['Savings Account'],"Business Income, Investments","Client is highly knowledgeable about derivatives, structured products, and alternative investment vehicles. Experience includes cryptocurrency investments and international equities. Understands hedging and leverage strategies.",Aggressive Growth,"Client assessed as low-to-medium risk. Domestic income and salary align with monthly transactions, but moderate exposure to alternative investments noted.",All identification documents verified. Employment and income confirmed via supporting documents. PEP check cleared. Sanctions screening completed. AML risk is low. No discrepancies found during due diligence.,Yes,Cleared,High,Medium,LU,EAM,"[{'Stock': 'AGG', 'Shares Owned': 325, 'Allocation (%)': 4.94}, {'Stock': 'SAP', 'Shares Owned': 169, 'Allocation (%)': 22.79}, {'Stock': 'ADA', 'Shares Owned': 348, 'Allocation (%)': 1.99}, {'Stock': 'Novartis', 'Shares Owned': 67, 'Allocation (%)': 55.45}, {'Stock': 'TSLA', 'Shares Owned': 12, 'Allocation (%)': 7.78}, {'Stock': 'BND', 'Shares Owned': 39, 'Allocation (%)': 1.92}, {'Stock': 'SPY', 'Shares Owned': 289, 'Allocation (%)': 1.34}, {'Stock': 'BA', 'Shares Owned': 416, 'Allocation (%)': 1.34}, {'Stock': 'NFLX', 'Shares Owned': 283, 'Allocation (%)': 1.09}, {'Stock': 'VTI', 'Shares Owned': 146, 'Allocation (%)': 1.3600000000000125}]",Mary Greene, launched a coffee chain and retired early.,Non-Affluent
Dawn Robles,1992-10-12,DE,Female,Widowed,"Secretary, company","Robinson, Galloway and Kelley",28,"PSC 1485, Box 7733, APO AE 06932",229.842.7631x9239,carol90@example.org,Savings and Investment,HTUP95850691749742,CHF,73481.48,5302.64,1049929.52,126674.48,43081.4,1,"['Checking Account', 'Savings Account']","Business Income, Investments","Client has extensive experience investing in equities, bonds, ETFs, and mutual funds. Demonstrates strong understanding of portfolio diversification and risk management techniques. Has previously invested in alternative assets such as real estate funds and structured products.",Capital Preservation,Client assessed as medium-risk. Some international investments noted. Transactions slightly higher than expected for profile but consistent with disclosed sources of wealth.,Full KYC verification completed. Risk assessment and AML checks cleared. Client demonstrates transparency in source of funds and investment objectives.,No,Cleared,Medium,High,LU,Com. & Retail,"[{'Stock': 'TIP', 'Shares Owned': 136, 'Allocation (%)': 56.12}, {'Stock': 'SOL', 'Shares Owned': 154, 'Allocation (%)': 33.99}, {'Stock': 'NFLX', 'Shares Owned': 319, 'Allocation (%)': 1.27}, {'Stock': 'AGG', 'Shares Owned': 110, 'Allocation (%)': 1.41}, {'Stock': 'Novartis', 'Shares Owned': 36, 'Allocation (%)': 1.88}, {'Stock': 'Volkswagen', 'Shares Owned': 26, 'Allocation (%)': 1.19}, {'Stock': 'GOOGL', 'Shares Owned': 168, 'Allocation (%)': 1.03}, {'Stock': 'EFA', 'Shares Owned': 468, 'Allocation (%)': 1.02}, {'Stock': 'ETH', 'Shares Owned': 93, 'Allocation (%)': 1.04}, {'Stock': 'AMZN', 'Shares Owned': 108, 'Allocation (%)': 1.0500000000000003}]",Cynthia Baker, built a fintech startup and retired early.,Non-Affluent
Maria Juarez,1966-01-04,CH,Male,Divorced,Minerals surveyor,Jones and Sons,28,"979 Karl Forks, South Kathryn, AR 09492",001-797-419-4669x08940,kmendoza@example.com,Savings,QBAM58528760773112,CHF,56727.64,70.72,1114606.36,328724.24,59728.48,1,"['Checking Account', 'Savings Account', 'Investment Account']","Business Income, Investments","Client has moderate knowledge of financial markets, primarily investing in mutual funds and fixed income securities. Familiar with basic risk-return tradeoffs and market volatility, but prefers conservative investment strategies.",Income Generation,"Client assessed as low-to-medium risk. Domestic income and salary align with monthly transactions, but moderate exposure to alternative investments noted.",Full KYC verification completed. Risk assessment and AML checks cleared. Client demonstrates transparency in source of funds and investment objectives.,No,Cleared,Medium,High,CH,RM serviced PB,"[{'Stock': 'ARKF', 'Shares Owned': 271, 'Allocation (%)': 38.63}, {'Stock': 'INTC', 'Shares Owned': 355, 'Allocation (%)': 19.31}, {'Stock': 'AMZN', 'Shares Owned': 199, 'Allocation (%)': 23.64}, {'Stock': 'SPY', 'Shares Owned': 125, 'Allocation (%)': 9.19}, {'Stock': 'Novartis', 'Shares Owned': 125, 'Allocation (%)': 2.73}, {'Stock': 'NVDA', 'Shares Owned': 124, 'Allocation (%)': 1.35}, {'Stock': 'CAT', 'Shares Owned': 245, 'Allocation (%)': 1.86}, {'Stock': 'AGG', 'Shares Owned': 12, 'Allocation (%)': 1.04}, {'Stock': 'BND', 'Shares Owned': 496, 'Allocation (%)': 1.2}, {'Stock': 'ADBE', 'Shares Owned': 363, 'Allocation (%)': 1.0500000000000018}]",Arthur Elliott, ran a quant hedge fund and lives quietly by the sea.,Affluent
Michelle Sullivan,1991-04-20,CH,Female,Married,Chartered public finance accountant,Perkins Group,11,"421 Bradley Rapid, East Ernest, ME 42778",728-954-1848x6516,georgerandolph@example.org,Savings and Investment,PDHT97567629480099,CHF,83507.4,5712.0,1230034.32,290944.12,151733.84,1,"['Savings Account', 'Investment Account']","Inheritance, Savings, Salary","Client is highly knowledgeable about derivatives, structured products, and alternative investment vehicles. Experience includes cryptocurrency investments and international equities. Understands hedging and leverage strategies.",Aggressive Growth,Client assessed as medium-risk. Some international investments noted. Transactions slightly higher than expected for profile but consistent with disclosed sources of wealth.,Verification of ID documents and employment completed. Tax residency confirmed. Client is not on any sanctions or PEP lists. AML monitoring recommended due to international investment exposure.,No,Cleared,Medium,High,CH,Com. & Retail,"[{'Stock': 'TIP', 'Shares Owned': 218, 'Allocation (%)': 71.01}, {'Stock': 'ETH', 'Shares Owned': 146, 'Allocation (%)': 2.61}, {'Stock': 'ARKG', 'Shares Owned': 263, 'Allocation (%)': 2.78}, {'Stock': 'BASF', 'Shares Owned': 313, 'Allocation (%)': 2.48}, {'Stock': 'ARKK', 'Shares Owned': 393, 'Allocation (%)': 4.76}, {'Stock': 'ADA', 'Shares Owned': 28, 'Allocation (%)': 10.78}, {'Stock': 'QQQ', 'Shares Owned': 155, 'Allocation (%)': 1.55}, {'Stock': 'GOOGL', 'Shares Owned': 324, 'Allocation (%)': 1.42}, {'Stock': 'BND', 'Shares Owned': 126, 'Allocation (%)': 1.15}, {'Stock': 'INTC', 'Shares Owned': 33, 'Allocation (%)': 1.4599999999999933}]",Cynthia Baker, invested early in tech stocks and retired early.,Non-Affluent
Robert Newman,1960-06-16,CH,Male,Widowed,"Social research officer, government",Davis-Smith,24,"95922 Gregory Green, New Nancyborough, AR 72772",595-369-7988x27261,kbaker@example.org,Savings,HWTN68068286848926,CHF,126795.52,5751.44,163149.68,58455.52,70821.32,0,"['Savings Account', 'Investment Account']","Salary, Real Estate, Capital Gains","Client has extensive experience investing in equities, bonds, ETFs, and mutual funds. Demonstrates strong understanding of portfolio diversification and risk management techniques. Has previously invested in alternative assets such as real estate funds and structured products.",Capital Preservation,Client assessed as high-risk due to high-value international transactions and exposure to high-volatility assets. Requires enhanced monitoring and periodic review.,All identification documents verified. Employment and income confirmed via supporting documents. PEP check cleared. Sanctions screening completed. AML risk is low. No discrepancies found during due diligence.,No,Cleared,High,Medium,SG,RM serviced PB,"[{'Stock': 'NFLX', 'Shares Owned': 308, 'Allocation (%)': 4.05}, {'Stock': 'AAPL', 'Shares Owned': 196, 'Allocation (%)': 63.8}, {'Stock': 'AMZN', 'Shares Owned': 343, 'Allocation (%)': 18.24}, {'Stock': 'GOOGL', 'Shares Owned': 67, 'Allocation (%)': 5.55}, {'Stock': 'GLD', 'Shares Owned': 328, 'Allocation (%)': 2.84}, {'Stock': 'META', 'Shares Owned': 414, 'Allocation (%)': 1.29}, {'Stock': 'Roche', 'Shares Owned': 236, 'Allocation (%)': 1.11}, {'Stock': 'XOM', 'Shares Owned': 49, 'Allocation (%)': 1.1}, {'Stock': 'SOL', 'Shares Owned': 375, 'Allocation (%)': 1.0}, {'Stock': 'BTC', 'Shares Owned': 295, 'Allocation (%)': 1.0200000000000062}]",Cynthia Baker, focused on real estate and became a mentor.,UHNWI
Jonathan Lang,2000-01-12,DE,Female,Widowed,"Scientist, audiological",Rose LLC,30,"09784 Mccarthy Viaduct Apt. 646, Lake Jessehaven, MD 24422",943-245-4001x9544,friedmanabigail@example.org,Checking,IANE93416424035762,CHF,82337.8,2067.88,539650.72,97152.96,86950.24,0,"['Checking Account', 'Savings Account']","Salary, Real Estate, Capital Gains","Client is highly knowledgeable about derivatives, structured products, and alternative investment vehicles. Experience includes cryptocurrency investments and international equities. Understands hedging and leverage strategies.",Moderate Growth,Client assessed as medium-risk. Some international investments noted. Transactions slightly higher than expected for profile but consistent with disclosed sources of wealth.,All identification documents verified. Employment and income confirmed via supporting documents. PEP check cleared. Sanctions screening completed. AML risk is low. No discrepancies found during due diligence.,No,Cleared,High,Medium,CH,EAM,"[{'Stock': 'SOL', 'Shares Owned': 197, 'Allocation (%)': 13.01}, {'Stock': 'AMZN', 'Shares Owned': 179, 'Allocation (%)': 32.6}, {'Stock': 'SAP', 'Shares Owned': 353, 'Allocation (%)': 22.08}, {'Stock': 'VTI', 'Shares Owned': 498, 'Allocation (%)': 20.4}, {'Stock': 'Volkswagen', 'Shares Owned': 478, 'Allocation (%)': 1.59}, {'Stock': 'NVDA', 'Shares Owned': 363, 'Allocation (%)': 1.36}, {'Stock': 'TSLA', 'Shares Owned': 414, 'Allocation (%)': 2.94}, {'Stock': 'AGG', 'Shares Owned': 95, 'Allocation (%)': 1.14}, {'Stock': 'AAPL', 'Shares Owned': 302, 'Allocation (%)': 3.02}, {'Stock': 'MSFT', 'Shares Owned': 43, 'Allocation (%)': 1.859999999999998}]",Cynthia Baker, bet big on crypto and retired early.,Affluent
Alexis Daniels,1984-02-10,DE,Female,Single,"Geneticist, molecular",Clark LLC,12,"Unit 3103 Box 5304, DPO AP 98106",637-999-4162,armstrongstephen@example.net,Savings,ZZOB25173575103607,CHF,131187.64,6055.4,971324.92,244785.72,166289.24,3,"['Checking Account', 'Savings Account', 'Investment Account']","Business Income, Investments","Client is highly knowledgeable about derivatives, structured products, and alternative investment vehicles. Experience includes cryptocurrency investments and international equities. Understands hedging and leverage strategies.",Moderate Growth,Client assessed as high-risk due to high-value international transactions and exposure to high-volatility assets. Requires enhanced monitoring and periodic review.,Full KYC verification completed. Risk assessment and AML checks cleared. Client demonstrates transparency in source of funds and investment objectives.,Yes,Cleared,Medium,Low,LU,Com. & Retail,"[{'Stock': 'SAP', 'Shares Owned': 321, 'Allocation (%)': 23.93}, {'Stock': 'TIP', 'Shares Owned': 289, 'Allocation (%)': 13.36}, {'Stock': 'ARKQ', 'Shares Owned': 148, 'Allocation (%)': 42.36}, {'Stock': 'ADBE', 'Shares Owned': 189, 'Allocation (%)': 7.77}, {'Stock': 'Siemens', 'Shares Owned': 457, 'Allocation (%)': 2.11}, {'Stock': 'NEE', 'Shares Owned': 271, 'Allocation (%)': 2.0}, {'Stock': 'CAT', 'Shares Owned': 467, 'Allocation (%)': 1.98}, {'Stock': 'EEM', 'Shares Owned': 172, 'Allocation (%)': 1.3}, {'Stock': 'Roche', 'Shares Owned': 343, 'Allocation (%)': 1.89}, {'Stock': 'ARKG', 'Shares Owned': 332, 'Allocation (%)': 3.2999999999999954}]",Arthur Elliott, built a fintech startup and became a mentor.,UHNWI
John Perez,1994-06-12,DE,Female,Divorced,"Production assistant, television","Doyle, Hicks and Sherman",5,"34835 Scott Tunnel Apt. 655, West Brianhaven, GU 83523",6929287099,kimmayer@example.org,Checking,JRKO74045284100361,CHF,109618.72,2846.48,331492.52,279348.08,175845.96,0,"['Checking Account', 'Savings Account', 'Investment Account']","Business Income, Investments","Client is highly knowledgeable about derivatives, structured products, and alternative investment vehicles. Experience includes cryptocurrency investments and international equities. Understands hedging and leverage strategies.",Capital Preservation,"Client assessed as low-to-medium risk. Domestic income and salary align with monthly transactions, but moderate exposure to alternative investments noted.",Full KYC verification completed. Risk assessment and AML checks cleared. Client demonstrates transparency in source of funds and investment objectives.,Yes,Cleared,Medium,Medium,LI,RM serviced PB,"[{'Stock': 'SAP', 'Shares Owned': 500, 'Allocation (%)': 1.56}, {'Stock': 'Volkswagen', 'Shares Owned': 497, 'Allocation (%)': 72.39}, {'Stock': 'ARKG', 'Shares Owned': 91, 'Allocation (%)': 15.89}, {'Stock': 'ARKF', 'Shares Owned': 152, 'Allocation (%)': 2.72}, {'Stock': 'USO', 'Shares Owned': 41, 'Allocation (%)': 1.07}, {'Stock': 'BA', 'Shares Owned': 427, 'Allocation (%)': 2.35}, {'Stock': 'TSLA', 'Shares Owned': 29, 'Allocation (%)': 1.01}, {'Stock': 'NVDA', 'Shares Owned': 315, 'Allocation (%)': 1.01}, {'Stock': 'CAT', 'Shares Owned': 428, 'Allocation (%)': 1.0}, {'Stock': 'NFLX', 'Shares Owned': 151, 'Allocation (%)': 0.9999999999999962}]",Arthur Elliott, launched a coffee chain and became a mentor.,UHNWI
Teresa Livingston,1985-08-22,CH,Male,Divorced,Race relations officer,Thompson PLC,23,"44617 Smith Flats, Normanburgh, DE 10646",(809)903-5885x7083,wellsbryan@example.net,Checking,SHLP52561367799256,CHF,126428.32,2063.8,628836.8,80704.44,45062.92,1,['Savings Account'],"Inheritance, Savings, Salary","Client is highly knowledgeable about derivatives, structured products, and alternative investment vehicles. Experience includes cryptocurrency investments and international equities. Understands hedging and leverage strategies.",Income Generation,Client assessed as low-risk. Transaction behavior is consistent with reported income. No history of suspicious activity. Domestic and regulated international income sources only.,All identification documents verified. Employment and income confirmed via supporting documents. PEP check cleared. Sanctions screening completed. AML risk is low. No discrepancies found during due diligence.,No,Cleared,Low,High,SG,EAM,"[{'Stock': 'BASF', 'Shares Owned': 500, 'Allocation (%)': 18.92}, {'Stock': 'BA', 'Shares Owned': 337, 'Allocation (%)': 65.07}, {'Stock': 'BTC', 'Shares Owned': 136, 'Allocation (%)': 4.56}, {'Stock': 'Novartis', 'Shares Owned': 344, 'Allocation (%)': 4.78}, {'Stock': 'GOOGL', 'Shares Owned': 38, 'Allocation (%)': 1.08}, {'Stock': 'ARKG', 'Shares Owned': 481, 'Allocation (%)': 1.1}, {'Stock': 'VTI', 'Shares Owned': 111, 'Allocation (%)': 1.43}, {'Stock': 'ADBE', 'Shares Owned': 382, 'Allocation (%)': 1.05}, {'Stock': 'GLD', 'Shares Owned': 493, 'Allocation (%)': 1.0}, {'Stock': 'CVX', 'Shares Owned': 71, 'Allocation (%)': 1.010000000000006}]",Mary Greene, focused on real estate and retired early.,UHNWI
James Maxwell,1961-07-31,CH,Female,Single,Recycling officer,Christian-Meza,7,"125 Maria Village, West Kimberlyfurt, NV 59917",277.734.6265x906,jamesarmstrong@example.net,Checking,SJWV37040707963131,CHF,118678.36,5152.36,926839.32,66081.72,216396.4,1,['Savings Account'],"Inheritance, Savings, Salary","Client has extensive experience investing in equities, bonds, ETFs, and mutual funds. Demonstrates strong understanding of portfolio diversification and risk management techniques. Has previously invested in alternative assets such as real estate funds and structured products.",Capital Preservation,Client assessed as high-risk due to high-value international transactions and exposure to high-volatility assets. Requires enhanced monitoring and periodic review.,Verification of ID documents and employment completed. Tax residency confirmed. Client is not on any sanctions or PEP lists. AML monitoring recommended due to international investment exposure.,No,Cleared,Low,High,LI,RM serviced PB,"[{'Stock': 'Novartis', 'Shares Owned': 66, 'Allocation (%)': 2.99}, {'Stock': 'AGG', 'Shares Owned': 456, 'Allocation (%)': 5.78}, {'Stock': 'INTC', 'Shares Owned': 87, 'Allocation (%)': 72.83}, {'Stock': 'GE', 'Shares Owned': 54, 'Allocation (%)': 2.0}, {'Stock': 'ADBE', 'Shares Owned': 408, 'Allocation (%)': 9.54}, {'Stock': 'Roche', 'Shares Owned': 350, 'Allocation (%)': 1.75}, {'Stock': 'XOM', 'Shares Owned': 290, 'Allocation (%)': 1.57}, {'Stock': 'CAT', 'Shares Owned': 317, 'Allocation (%)': 1.46}, {'Stock': 'NFLX', 'Shares Owned': 317, 'Allocation (%)': 1.0}, {'Stock': 'SOL', 'Shares Owned': 453, 'Allocation (%)': 1.0800000000000063}]",Arthur Elliott, bet big on crypto and lives quietly by the sea.,Affluent
Chase Schmidt,1988-06-24,CH,Male,Divorced,Social researcher,Moore-Baxter,13,"705 Johnny Rapids Apt. 280, Ballside, IA 11517",+1-878-862-7097x2047,cbray@example.org,Checking,XUYZ78136563948602,CHF,98426.6,4582.52,211095.12,262935.6,154417.12,2,['Savings Account'],"Salary, Rental Income, Stock Investments","Client is highly knowledgeable about derivatives, structured products, and alternative investment vehicles. Experience includes cryptocurrency investments and international equities. Understands hedging and leverage strategies.",Aggressive Growth,Client assessed as low-risk. Transaction behavior is consistent with reported income. No history of suspicious activity. Domestic and regulated international income sources only.,Full KYC verification completed. Risk assessment and AML checks cleared. Client demonstrates transparency in source of funds and investment objectives.,Yes,Cleared,High,Low,BVI,RM serviced PB,"[{'Stock': 'NVDA', 'Shares Owned': 87, 'Allocation (%)': 25.63}, {'Stock': 'SLV', 'Shares Owned': 242, 'Allocation (%)': 48.86}, {'Stock': 'GLD', 'Shares Owned': 327, 'Allocation (%)': 15.86}, {'Stock': 'SOL', 'Shares Owned': 39, 'Allocation (%)': 2.35}, {'Stock': 'BA', 'Shares Owned': 230, 'Allocation (%)': 1.98}, {'Stock': 'XOM', 'Shares Owned': 253, 'Allocation (%)': 1.28}, {'Stock': 'QQQ', 'Shares Owned': 371, 'Allocation (%)': 1.02}, {'Stock': 'ARKK', 'Shares Owned': 188, 'Allocation (%)': 1.0}, {'Stock': 'Novartis', 'Shares Owned': 343, 'Allocation (%)': 1.01}, {'Stock': 'ADBE', 'Shares Owned': 410, 'Allocation (%)': 1.0100000000000053}]",Mary Greene, focused on real estate and retired early.,Affluent
Amy Lee,1988-07-08,DE,Female,Divorced,"Education officer, community",Mueller PLC,17,"242 Robinson Pines, North Vincent, AR 77463",+1-566-779-4436x32287,christinemiles@example.org,Savings,PJKQ25039904338578,CHF,83677.4,5707.92,318271.28,52498.04,260480.8,3,"['Checking Account', 'Savings Account', 'Investment Account']","Salary, Rental Income, Stock Investments",Client possesses practical experience in stock markets and ETFs. Has some knowledge of portfolio rebalancing and tax-efficient investment strategies.,Income Generation,"Client assessed as low-to-medium risk. Domestic income and salary align with monthly transactions, but moderate exposure to alternative investments noted.","Documents partially verified. Further verification of employment and income recommended. PEP check cleared, but client flagged for high-value international transactions. Periodic compliance review required.",No,Cleared,High,Low,CH,EAM,"[{'Stock': 'SAP', 'Shares Owned': 217, 'Allocation (%)': 19.46}, {'Stock': 'ADBE', 'Shares Owned': 391, 'Allocation (%)': 64.77}, {'Stock': 'BND', 'Shares Owned': 481, 'Allocation (%)': 1.45}, {'Stock': 'ARKK', 'Shares Owned': 36, 'Allocation (%)': 6.28}, {'Stock': 'AAPL', 'Shares Owned': 409, 'Allocation (%)': 2.42}, {'Stock': 'NVDA', 'Shares Owned': 444, 'Allocation (%)': 1.19}, {'Stock': 'QQQ', 'Shares Owned': 33, 'Allocation (%)': 1.14}, {'Stock': 'Novartis', 'Shares Owned': 117, 'Allocation (%)': 1.13}, {'Stock': 'GLD', 'Shares Owned': 294, 'Allocation (%)': 1.14}, {'Stock': 'Allianz', 'Shares Owned': 103, 'Allocation (%)': 1.0199999999999967}]",Mary Greene, bet big on crypto and achieved financial independence.,Non-Affluent
Jocelyn Cook,1983-09-11,CH,Female,Divorced,Production manager,Ray Inc,25,"635 Bernard Junctions, Butlerport, PW 92682",909-749-0082x22465,campbellmiranda@example.com,Checking,ZFYL96679087095664,CHF,84169.04,5798.36,406927.64,43213.32,239367.48,2,['Savings Account'],"Inheritance, Savings, Salary","Client is highly knowledgeable about derivatives, structured products, and alternative investment vehicles. Experience includes cryptocurrency investments and international equities. Understands hedging and leverage strategies.",Moderate Growth,Client assessed as medium-risk. Some international investments noted. Transactions slightly higher than expected for profile but consistent with disclosed sources of wealth.,All identification documents verified. Employment and income confirmed via supporting documents. PEP check cleared. Sanctions screening completed. AML risk is low. No discrepancies found during due diligence.,No,Cleared,High,High,CH,RM serviced PB,"[{'Stock': 'Volkswagen', 'Shares Owned': 260, 'Allocation (%)': 34.79}, {'Stock': 'TIP', 'Shares Owned': 368, 'Allocation (%)': 20.73}, {'Stock': 'ADBE', 'Shares Owned': 180, 'Allocation (%)': 12.7}, {'Stock': 'SAP', 'Shares Owned': 88, 'Allocation (%)': 5.2}, {'Stock': 'CAT', 'Shares Owned': 347, 'Allocation (%)': 9.87}, {'Stock': 'QQQ', 'Shares Owned': 461, 'Allocation (%)': 7.39}, {'Stock': 'Siemens', 'Shares Owned': 310, 'Allocation (%)': 2.39}, {'Stock': 'GLD', 'Shares Owned': 415, 'Allocation (%)': 3.22}, {'Stock': 'AGG', 'Shares Owned': 323, 'Allocation (%)': 1.8}, {'Stock': 'ARKG', 'Shares Owned': 318, 'Allocation (%)': 1.9100000000000066}]",Cynthia Baker, ran a quant hedge fund and became a mentor.,UHNWI
Patrick Kelley,1992-08-29,CH,Male,Single,Politician's assistant,Perez-Martinez,4,"7591 Michael Gardens, East Eric, MS 78900",(391)255-6315,longnathan@example.net,Savings,AQTN12688274311035,CHF,55806.92,3799.84,1292784.72,162403.04,138201.16,1,"['Checking Account', 'Savings Account', 'Investment Account']","Inheritance, Savings, Salary","Client has moderate knowledge of financial markets, primarily investing in mutual funds and fixed income securities. Familiar with basic risk-return tradeoffs and market volatility, but prefers conservative investment strategies.",Income Generation,Client assessed as medium-risk. Some international investments noted. Transactions slightly higher than expected for profile but consistent with disclosed sources of wealth.,Verification of ID documents and employment completed. Tax residency confirmed. Client is not on any sanctions or PEP lists. AML monitoring recommended due to international investment exposure.,No,Cleared,Medium,Medium,LI,RM serviced PB,"[{'Stock': 'GLD', 'Shares Owned': 288, 'Allocation (%)': 66.07}, {'Stock': 'ETH', 'Shares Owned': 451, 'Allocation (%)': 19.02}, {'Stock': 'Novartis', 'Shares Owned': 215, 'Allocation (%)': 1.33}, {'Stock': 'BTC', 'Shares Owned': 165, 'Allocation (%)': 6.98}, {'Stock': 'XOM', 'Shares Owned': 205, 'Allocation (%)': 1.17}, {'Stock': 'EFA', 'Shares Owned': 98, 'Allocation (%)': 1.22}, {'Stock': 'TIP', 'Shares Owned': 14, 'Allocation (%)': 1.16}, {'Stock': 'BND', 'Shares Owned': 351, 'Allocation (%)': 1.02}, {'Stock': 'BA', 'Shares Owned': 16, 'Allocation (%)': 1.01}, {'Stock': 'ADA', 'Shares Owned': 316, 'Allocation (%)': 1.020000000000007}]",Arthur Elliott, ran a quant hedge fund and became a mentor.,UHNWI
Mary Jones,1986-10-03,DE,Female,Single,Science writer,Jackson Group,3,"PSC 8483, Box 6882, APO AP 55268",2336363993,ashleymcclain@example.net,Savings and Investment,CGMS56151165057607,CHF,72556.0,709.92,192018.4,332565.56,239524.56,3,"['Checking Account', 'Savings Account', 'Investment Account']","Salary, Rental Income, Stock Investments","Client has extensive experience investing in equities, bonds, ETFs, and mutual funds. Demonstrates strong understanding of portfolio diversification and risk management techniques. Has previously invested in alternative assets such as real estate funds and structured products.",Aggressive Growth,"Client assessed as low-to-medium risk. Domestic income and salary align with monthly transactions, but moderate exposure to alternative investments noted.",All identification documents verified. Employment and income confirmed via supporting documents. PEP check cleared. Sanctions screening completed. AML risk is low. No discrepancies found during due diligence.,No,Cleared,Low,Medium,BVI,RM serviced PB,"[{'Stock': 'Roche', 'Shares Owned': 59, 'Allocation (%)': 71.86}, {'Stock': 'USO', 'Shares Owned': 302, 'Allocation (%)': 18.35}, {'Stock': 'EFA', 'Shares Owned': 354, 'Allocation (%)': 2.24}, {'Stock': 'ADA', 'Shares Owned': 195, 'Allocation (%)': 1.2}, {'Stock': 'GOOGL', 'Shares Owned': 437, 'Allocation (%)': 1.17}, {'Stock': 'TIP', 'Shares Owned': 391, 'Allocation (%)': 1.1}, {'Stock': 'ARKG', 'Shares Owned': 403, 'Allocation (%)': 1.08}, {'Stock': 'BND', 'Shares Owned': 144, 'Allocation (%)': 1.0}, {'Stock': 'INTC', 'Shares Owned': 61, 'Allocation (%)': 1.0}, {'Stock': 'META', 'Shares Owned': 276, 'Allocation (%)': 0.9999999999999982}]",Cynthia Baker, ran a quant hedge fund and lives quietly by the sea.,Non-Affluent
Margaret Flores,1971-12-25,DE,Female,Single,"Editor, film/video",Atkinson Inc,3,"8045 Brown Springs, Acostahaven, PR 71367",001-925-820-5558,fcole@example.net,Savings and Investment,LQTS58490069339830,CHF,115162.08,1037.68,802255.84,72726.0,216232.52,2,"['Checking Account', 'Savings Account', 'Investment Account']","Salary, Rental Income, Stock Investments","Client has extensive experience investing in equities, bonds, ETFs, and mutual funds. Demonstrates strong understanding of portfolio diversification and risk management techniques. Has previously invested in alternative assets such as real estate funds and structured products.",Income Generation,"Client assessed as low-to-medium risk. Domestic income and salary align with monthly transactions, but moderate exposure to alternative investments noted.",Verification of ID documents and employment completed. Tax residency confirmed. Client is not on any sanctions or PEP lists. AML monitoring recommended due to international investment exposure.,Yes,Cleared,High,Medium,BVI,RM serviced PB,"[{'Stock': 'INTC', 'Shares Owned': 432, 'Allocation (%)': 32.52}, {'Stock': 'BASF', 'Shares Owned': 19, 'Allocation (%)': 53.38}, {'Stock': 'SOL', 'Shares Owned': 10, 'Allocation (%)': 6.15}, {'Stock': 'GLD', 'Shares Owned': 13, 'Allocation (%)': 1.92}, {'Stock': 'LVMH', 'Shares Owned': 242, 'Allocation (%)': 1.02}, {'Stock': 'MSFT', 'Shares Owned': 422, 'Allocation (%)': 1.0}, {'Stock': 'NEE', 'Shares Owned': 498, 'Allocation (%)': 1.0}, {'Stock': 'SPY', 'Shares Owned': 120, 'Allocation (%)': 1.0}, {'Stock': 'CAT', 'Shares Owned': 187, 'Allocation (%)': 1.0}, {'Stock': 'ADBE', 'Shares Owned': 299, 'Allocation (%)': 1.0099999999999874}]",Mary Greene, bet big on crypto and keeps growing steadily.,UHNWI
Joseph Guzman,1972-01-29,LI,Male,Single,Analytical chemist,"Walsh, Martinez and Dennis",7,"USNS Gonzalez, FPO AE 18030",499.318.6785x177,chasederek@example.com,Checking,CVJR57172182552099,CHF,73118.36,34.0,432123.0,123222.8,151377.52,2,"['Checking Account', 'Savings Account']","Inheritance, Savings, Salary","Client has extensive experience investing in equities, bonds, ETFs, and mutual funds. Demonstrates strong understanding of portfolio diversification and risk management techniques. Has previously invested in alternative assets such as real estate funds and structured products.",Capital Preservation,"Client assessed as low-to-medium risk. Domestic income and salary align with monthly transactions, but moderate exposure to alternative investments noted.",All identification documents verified. Employment and income confirmed via supporting documents. PEP check cleared. Sanctions screening completed. AML risk is low. No discrepancies found during due diligence.,Yes,Cleared,Medium,Low,SG,Com. & Retail,"[{'Stock': 'SAP', 'Shares Owned': 469, 'Allocation (%)': 49.24}, {'Stock': 'BA', 'Shares Owned': 137, 'Allocation (%)': 14.58}, {'Stock': 'Volkswagen', 'Shares Owned': 71, 'Allocation (%)': 28.21}, {'Stock': 'EFA', 'Shares Owned': 405, 'Allocation (%)': 1.82}, {'Stock': 'AGG', 'Shares Owned': 365, 'Allocation (%)': 1.1}, {'Stock': 'VTI', 'Shares Owned': 430, 'Allocation (%)': 1.03}, {'Stock': 'Allianz', 'Shares Owned': 481, 'Allocation (%)': 1.01}, {'Stock': 'META', 'Shares Owned': 335, 'Allocation (%)': 1.01}, {'Stock': 'INTC', 'Shares Owned': 207, 'Allocation (%)': 1.0}, {'Stock': 'SOL', 'Shares Owned': 248, 'Allocation (%)': 0.9999999999999989}]",Arthur Elliott, launched a coffee chain and achieved financial independence.,Non-Affluent
Lisa Martin,1986-12-11,LI,Female,Single,"Surveyor, building control",Hernandez-Powell,23,"718 Thompson Ridges, Lake Ericamouth, ND 95010",404.955.1403x193,robinsontina@example.com,Savings and Investment,UDJE80933098268636,CHF,112639.96,3240.2,593368.0,199707.84,160406.56,1,"['Savings Account', 'Investment Account']","Salary, Rental Income, Stock Investments","Client has moderate knowledge of financial markets, primarily investing in mutual funds and fixed income securities. Familiar with basic risk-return tradeoffs and market volatility, but prefers conservative investment strategies.",Income Generation,"Client assessed as low-to-medium risk. Domestic income and salary align with monthly transactions, but moderate exposure to alternative investments noted.","Documents partially verified. Further verification of employment and income recommended. PEP check cleared, but client flagged for high-value international transactions. Periodic compliance review required.",Yes,Cleared,Low,Medium,SG,RM serviced PB,"[{'Stock': 'SOL', 'Shares Owned': 128, 'Allocation (%)': 47.87}, {'Stock': 'Volkswagen', 'Shares Owned': 474, 'Allocation (%)': 28.42}, {'Stock': 'Roche', 'Shares Owned': 447, 'Allocation (%)': 11.08}, {'Stock': 'ARKK', 'Shares Owned': 181, 'Allocation (%)': 4.88}, {'Stock': 'ADBE', 'Shares Owned': 392, 'Allocation (%)': 2.14}, {'Stock': 'ARKG', 'Shares Owned': 277, 'Allocation (%)': 1.23}, {'Stock': 'ARKF', 'Shares Owned': 203, 'Allocation (%)': 1.27}, {'Stock': 'NEE', 'Shares Owned': 146, 'Allocation (%)': 1.01}, {'Stock': 'LVMH', 'Shares Owned': 497, 'Allocation (%)': 1.1}, {'Stock': 'Novartis', 'Shares Owned': 285, 'Allocation (%)': 1.0000000000000004}]",Arthur Elliott, invested early in tech stocks but lost it all in a crash.,UHNWI
Michael Odonnell,1988-01-07,LI,Female,Divorced,"Engineer, technical sales",Schultz-Obrien,20,"324 Dunn Highway Suite 737, East Jason, VT 07693",557-662-4241x231,ebrady@example.org,Checking,ZMMC44395072141361,CHF,90862.96,3744.76,1067202.2,56597.76,214883.4,0,['Savings Account'],"Business Income, Investments",Client possesses practical experience in stock markets and ETFs. Has some knowledge of portfolio rebalancing and tax-efficient investment strategies.,Aggressive Growth,Client assessed as medium-risk. Some international investments noted. Transactions slightly higher than expected for profile but consistent with disclosed sources of wealth.,Full KYC verification completed. Risk assessment and AML checks cleared. Client demonstrates transparency in source of funds and investment objectives.,No,Cleared,High,Low,LI,RM serviced PB,"[{'Stock': 'QQQ', 'Shares Owned': 59, 'Allocation (%)': 32.14}, {'Stock': 'INTC', 'Shares Owned': 257, 'Allocation (%)': 2.4}, {'Stock': 'USO', 'Shares Owned': 446, 'Allocation (%)': 31.63}, {'Stock': 'TSLA', 'Shares Owned': 206, 'Allocation (%)': 13.34}, {'Stock': 'CVX', 'Shares Owned': 277, 'Allocation (%)': 6.87}, {'Stock': 'BTC', 'Shares Owned': 285, 'Allocation (%)': 2.77}, {'Stock': 'BASF', 'Shares Owned': 232, 'Allocation (%)': 5.43}, {'Stock': 'SPY', 'Shares Owned': 401, 'Allocation (%)': 3.13}, {'Stock': 'AAPL', 'Shares Owned': 450, 'Allocation (%)': 1.26}, {'Stock': 'SAP', 'Shares Owned': 159, 'Allocation (%)': 1.0299999999999983}]",Arthur Elliott, bet big on crypto and achieved financial independence.,UHNWI
Tiffany Hendricks,1967-08-30,LI,Female,Single,"Exhibitions officer, museum/gallery",Lee and Sons,14,"6241 Stephenson Extensions Suite 520, West Kara, PR 74453",001-289-278-5427x628,vglenn@example.net,Savings,QCWF16627763504786,CHF,118449.88,4919.12,857848.56,328492.36,83960.96,2,"['Savings Account', 'Investment Account']","Inheritance, Savings, Salary","Client has extensive experience investing in equities, bonds, ETFs, and mutual funds. Demonstrates strong understanding of portfolio diversification and risk management techniques. Has previously invested in alternative assets such as real estate funds and structured products.",Capital Preservation,Client assessed as low-risk. Transaction behavior is consistent with reported income. No history of suspicious activity. Domestic and regulated international income sources only.,Verification of ID documents and employment completed. Tax residency confirmed. Client is not on any sanctions or PEP lists. AML monitoring recommended due to international investment exposure.,No,Cleared,Low,Low,BVI,Com. & Retail,"[{'Stock': 'BND', 'Shares Owned': 235, 'Allocation (%)': 4.92}, {'Stock': 'ARKF', 'Shares Owned': 288, 'Allocation (%)': 29.94}, {'Stock': 'ADA', 'Shares Owned': 364, 'Allocation (%)': 13.62}, {'Stock': 'Allianz', 'Shares Owned': 148, 'Allocation (%)': 41.49}, {'Stock': 'LVMH', 'Shares Owned': 406, 'Allocation (%)': 3.12}, {'Stock': 'AGG', 'Shares Owned': 492, 'Allocation (%)': 1.49}, {'Stock': 'INTC', 'Shares Owned': 21, 'Allocation (%)': 1.82}, {'Stock': 'USO', 'Shares Owned': 471, 'Allocation (%)': 1.38}, {'Stock': 'MSFT', 'Shares Owned': 400, 'Allocation (%)': 1.13}, {'Stock': 'TSLA', 'Shares Owned': 228, 'Allocation (%)': 1.0900000000000007}]",Mary Greene, built a fintech startup and achieved financial independence.,UHNWI
Randall Jordan,1972-07-13,CH,Male,Divorced,Chartered loss adjuster,"Johnson, Garcia and Wright",5,"60186 Lester Passage, Lake Elizabethton, WI 79738",7953541780,andrew67@example.com,Savings,VSZE33709624212820,CHF,107824.2,1375.64,1034481.96,138943.04,123338.4,3,"['Checking Account', 'Savings Account', 'Investment Account']","Inheritance, Savings, Salary","Client has extensive experience investing in equities, bonds, ETFs, and mutual funds. Demonstrates strong understanding of portfolio diversification and risk management techniques. Has previously invested in alternative assets such as real estate funds and structured products.",Income Generation,"Client assessed as low-to-medium risk. Domestic income and salary align with monthly transactions, but moderate exposure to alternative investments noted.",All identification documents verified. Employment and income confirmed via supporting documents. PEP check cleared. Sanctions screening completed. AML risk is low. No discrepancies found during due diligence.,No,Cleared,Low,Low,SG,EAM,"[{'Stock': 'VTI', 'Shares Owned': 49, 'Allocation (%)': 7.53}, {'Stock': 'SAP', 'Shares Owned': 225, 'Allocation (%)': 77.45}, {'Stock': 'BTC', 'Shares Owned': 457, 'Allocation (%)': 4.24}, {'Stock': 'CAT', 'Shares Owned': 160, 'Allocation (%)': 1.71}, {'Stock': 'Volkswagen', 'Shares Owned': 50, 'Allocation (%)': 1.63}, {'Stock': 'SPY', 'Shares Owned': 234, 'Allocation (%)': 2.56}, {'Stock': 'GOOGL', 'Shares Owned': 223, 'Allocation (%)': 1.84}, {'Stock': 'AGG', 'Shares Owned': 430, 'Allocation (%)': 1.0}, {'Stock': 'Allianz', 'Shares Owned': 25, 'Allocation (%)': 1.04}, {'Stock': 'Novartis', 'Shares Owned': 194, 'Allocation (%)': 0.9999999999999973}]",Cynthia Baker, invested early in tech stocks and became a mentor.,UHNWI
Alexander Brewer,1974-10-03,LI,Male,Divorced,Dispensing optician,Evans Group,29,"391 Johnson Haven, New Elizabethland, WY 67530",309.758.6660x335,markhill@example.com,Checking,YLTJ53686098524692,CHF,89512.48,5382.88,596385.16,210857.12,57200.92,2,"['Checking Account', 'Savings Account', 'Investment Account']","Salary, Rental Income, Stock Investments","Client is highly knowledgeable about derivatives, structured products, and alternative investment vehicles. Experience includes cryptocurrency investments and international equities. Understands hedging and leverage strategies.",Moderate Growth,Client assessed as low-risk. Transaction behavior is consistent with reported income. No history of suspicious activity. Domestic and regulated international income sources only.,All identification documents verified. Employment and income confirmed via supporting documents. PEP check cleared. Sanctions screening completed. AML risk is low. No discrepancies found during due diligence.,No,Cleared,Medium,Low,LI,Com. & Retail,"[{'Stock': 'TSLA', 'Shares Owned': 451, 'Allocation (%)': 8.24}, {'Stock': 'VTI', 'Shares Owned': 266, 'Allocation (%)': 62.89}, {'Stock': 'EFA', 'Shares Owned': 164, 'Allocation (%)': 16.75}, {'Stock': 'ETH', 'Shares Owned': 166, 'Allocation (%)': 2.67}, {'Stock': 'Novartis', 'Shares Owned': 335, 'Allocation (%)': 2.04}, {'Stock': 'CAT', 'Shares Owned': 42, 'Allocation (%)': 2.71}, {'Stock': 'GOOGL', 'Shares Owned': 297, 'Allocation (%)': 1.05}, {'Stock': 'Roche', 'Shares Owned': 445, 'Allocation (%)': 1.21}, {'Stock': 'Allianz', 'Shares Owned': 359, 'Allocation (%)': 1.03}, {'Stock': 'AGG', 'Shares Owned': 310, 'Allocation (%)': 1.4100000000000048}]",Mary Greene, invested early in tech stocks but lost it all in a crash.,Non-Affluent
Jessica Smith,1996-11-04,CH,Female,Married,Acupuncturist,Quinn Inc,8,"7512 Cook Manor Apt. 338, East Daniel, WY 33921",(839)424-7242x622,bonniepeters@example.net,Savings and Investment,FOLQ37915330492927,CHF,79161.52,1327.36,288730.72,82807.0,155312.0,0,"['Savings Account', 'Investment Account']","Inheritance, Savings, Salary","Client has moderate knowledge of financial markets, primarily investing in mutual funds and fixed income securities. Familiar with basic risk-return tradeoffs and market volatility, but prefers conservative investment strategies.",Aggressive Growth,Client assessed as high-risk due to high-value international transactions and exposure to high-volatility assets. Requires enhanced monitoring and periodic review.,"Documents partially verified. Further verification of employment and income recommended. PEP check cleared, but client flagged for high-value international transactions. Periodic compliance review required.",No,Cleared,Low,Medium,SG,RM serviced PB,"[{'Stock': 'GE', 'Shares Owned': 435, 'Allocation (%)': 53.03}, {'Stock': 'XOM', 'Shares Owned': 377, 'Allocation (%)': 11.82}, {'Stock': 'NFLX', 'Shares Owned': 355, 'Allocation (%)': 25.21}, {'Stock': 'INTC', 'Shares Owned': 126, 'Allocation (%)': 3.48}, {'Stock': 'GOOGL', 'Shares Owned': 339, 'Allocation (%)': 1.09}, {'Stock': 'TSLA', 'Shares Owned': 158, 'Allocation (%)': 1.1}, {'Stock': 'ARKF', 'Shares Owned': 270, 'Allocation (%)': 1.07}, {'Stock': 'ARKG', 'Shares Owned': 143, 'Allocation (%)': 1.14}, {'Stock': 'BASF', 'Shares Owned': 338, 'Allocation (%)': 1.02}, {'Stock': 'BA', 'Shares Owned': 148, 'Allocation (%)': 1.0399999999999978}]",Mary Greene, launched a coffee chain and retired early.,Non-Affluent
Travis Walker,1989-04-05,LI,Female,Widowed,Television/film/video producer,Ellis-Johnson,3,"930 Perkins Summit, Curtishaven, DC 11186",4464514573,wilsonjason@example.net,Savings and Investment,HMAS78664763992371,CHF,57177.12,2996.08,1194014.72,300936.04,234617.68,3,"['Checking Account', 'Savings Account']","Salary, Rental Income, Stock Investments","Client is highly knowledgeable about derivatives, structured products, and alternative investment vehicles. Experience includes cryptocurrency investments and international equities. Understands hedging and leverage strategies.",Aggressive Growth,Client assessed as low-risk. Transaction behavior is consistent with reported income. No history of suspicious activity. Domestic and regulated international income sources only.,Verification of ID documents and employment completed. Tax residency confirmed. Client is not on any sanctions or PEP lists. AML monitoring recommended due to international investment exposure.,No,Cleared,Low,Low,CH,Com. & Retail,"[{'Stock': 'AAPL', 'Shares Owned': 217, 'Allocation (%)': 4.48}, {'Stock': 'Roche', 'Shares Owned': 443, 'Allocation (%)': 82.07}, {'Stock': 'ARKQ', 'Shares Owned': 181, 'Allocation (%)': 1.23}, {'Stock': 'INTC', 'Shares Owned': 280, 'Allocation (%)': 5.62}, {'Stock': 'QQQ', 'Shares Owned': 462, 'Allocation (%)': 1.11}, {'Stock': 'GOOGL', 'Shares Owned': 272, 'Allocation (%)': 1.14}, {'Stock': 'XOM', 'Shares Owned': 477, 'Allocation (%)': 1.21}, {'Stock': 'ARKF', 'Shares Owned': 359, 'Allocation (%)': 1.01}, {'Stock': 'GLD', 'Shares Owned': 102, 'Allocation (%)': 1.02}, {'Stock': 'AGG', 'Shares Owned': 429, 'Allocation (%)': 1.1100000000000025}]",Arthur Elliott, focused on real estate and keeps growing steadily.,UHNWI
William Day,1997-01-19,DE,Male,Widowed,Web designer,Walker PLC,24,"2807 Knapp Junction Apt. 495, Smithfurt, AL 19021",429.226.0982x420,brittany95@example.com,Checking,CFQQ58834548164774,CHF,79220.68,6388.6,1096939.28,152549.84,222790.44,0,"['Checking Account', 'Savings Account']","Salary, Rental Income, Stock Investments",Client possesses practical experience in stock markets and ETFs. Has some knowledge of portfolio rebalancing and tax-efficient investment strategies.,Moderate Growth,Client assessed as high-risk due to high-value international transactions and exposure to high-volatility assets. Requires enhanced monitoring and periodic review.,All identification documents verified. Employment and income confirmed via supporting documents. PEP check cleared. Sanctions screening completed. AML risk is low. No discrepancies found during due diligence.,No,Cleared,Medium,High,LI,RM serviced PB,"[{'Stock': 'ARKG', 'Shares Owned': 321, 'Allocation (%)': 15.2}, {'Stock': 'CVX', 'Shares Owned': 167, 'Allocation (%)': 23.58}, {'Stock': 'AGG', 'Shares Owned': 193, 'Allocation (%)': 16.42}, {'Stock': 'TIP', 'Shares Owned': 26, 'Allocation (%)': 24.99}, {'Stock': 'GOOGL', 'Shares Owned': 412, 'Allocation (%)': 14.77}, {'Stock': 'INTC', 'Shares Owned': 253, 'Allocation (%)': 1.03}, {'Stock': 'MSFT', 'Shares Owned': 327, 'Allocation (%)': 1.0}, {'Stock': 'QQQ', 'Shares Owned': 265, 'Allocation (%)': 1.0}, {'Stock': 'AMZN', 'Shares Owned': 120, 'Allocation (%)': 1.0}, {'Stock': 'NFLX', 'Shares Owned': 177, 'Allocation (%)': 1.009999999999999}]",Cynthia Baker, bet big on crypto and lives quietly by the sea.,Affluent
Nicole Rogers,1968-06-15,LI,Male,Widowed,"Accountant, chartered certified",Davis Ltd,20,"3892 Morgan Ford, Jacobborough, MA 17952",(469)606-5280,alyssa21@example.org,Savings and Investment,LWKT12150457250071,CHF,83864.4,4891.24,1036153.4,227109.8,254358.08,0,"['Savings Account', 'Investment Account']","Salary, Real Estate, Capital Gains","Client has extensive experience investing in equities, bonds, ETFs, and mutual funds. Demonstrates strong understanding of portfolio diversification and risk management techniques. Has previously invested in alternative assets such as real estate funds and structured products.",Aggressive Growth,"Client assessed as low-to-medium risk. Domestic income and salary align with monthly transactions, but moderate exposure to alternative investments noted.",Full KYC verification completed. Risk assessment and AML checks cleared. Client demonstrates transparency in source of funds and investment objectives.,Yes,Cleared,Medium,High,CH,EAM,"[{'Stock': 'SPY', 'Shares Owned': 384, 'Allocation (%)': 19.4}, {'Stock': 'INTC', 'Shares Owned': 123, 'Allocation (%)': 64.34}, {'Stock': 'GLD', 'Shares Owned': 493, 'Allocation (%)': 6.97}, {'Stock': 'Novartis', 'Shares Owned': 318, 'Allocation (%)': 1.3}, {'Stock': 'ADBE', 'Shares Owned': 406, 'Allocation (%)': 2.14}, {'Stock': 'MSFT', 'Shares Owned': 425, 'Allocation (%)': 1.19}, {'Stock': 'BND', 'Shares Owned': 416, 'Allocation (%)': 1.38}, {'Stock': 'ETH', 'Shares Owned': 104, 'Allocation (%)': 1.13}, {'Stock': 'AGG', 'Shares Owned': 292, 'Allocation (%)': 1.01}, {'Stock': 'BA', 'Shares Owned': 393, 'Allocation (%)': 1.1399999999999932}]",Arthur Elliott, focused on real estate and retired early.,Non-Affluent
Andre Fuller,1985-06-03,LI,Male,Divorced,Art therapist,Adams-Moreno,9,"30913 Diane Centers, North Anthony, UT 24155",+1-305-365-0130x66732,jonathon88@example.org,Savings,VIXS52229277383320,CHF,79625.96,3030.76,1036938.12,335008.12,130625.28,2,"['Checking Account', 'Savings Account', 'Investment Account']","Salary, Rental Income, Stock Investments","Client has moderate knowledge of financial markets, primarily investing in mutual funds and fixed income securities. Familiar with basic risk-return tradeoffs and market volatility, but prefers conservative investment strategies.",Moderate Growth,"Client assessed as low-to-medium risk. Domestic income and salary align with monthly transactions, but moderate exposure to alternative investments noted.",All identification documents verified. Employment and income confirmed via supporting documents. PEP check cleared. Sanctions screening completed. AML risk is low. No discrepancies found during due diligence.,Yes,Cleared,High,High,SG,Com. & Retail,"[{'Stock': 'SOL', 'Shares Owned': 395, 'Allocation (%)': 1.55}, {'Stock': 'Siemens', 'Shares Owned': 480, 'Allocation (%)': 5.07}, {'Stock': 'INTC', 'Shares Owned': 46, 'Allocation (%)': 55.42}, {'Stock': 'BA', 'Shares Owned': 42, 'Allocation (%)': 22.23}, {'Stock': 'META', 'Shares Owned': 275, 'Allocation (%)': 4.57}, {'Stock': 'ADA', 'Shares Owned': 482, 'Allocation (%)': 2.38}, {'Stock': 'LVMH', 'Shares Owned': 468, 'Allocation (%)': 2.46}, {'Stock': 'SLV', 'Shares Owned': 65, 'Allocation (%)': 1.09}, {'Stock': 'NEE', 'Shares Owned': 287, 'Allocation (%)': 1.26}, {'Stock': 'Roche', 'Shares Owned': 375, 'Allocation (%)': 3.9699999999999944}]",Arthur Elliott, built a fintech startup and became a mentor.,UHNWI
Nancy Smith,1987-09-11,LI,Female,Married,"Teacher, special educational needs",Fleming Ltd,8,"07124 Dean Heights Suite 485, South Maryville, AK 87788",4629535497,stokeslaurie@example.net,Savings,FRHE05258819197001,CHF,121294.32,5869.08,1114883.8,222477.64,65902.88,0,"['Checking Account', 'Savings Account']","Salary, Rental Income, Stock Investments","Client is highly knowledgeable about derivatives, structured products, and alternative investment vehicles. Experience includes cryptocurrency investments and international equities. Understands hedging and leverage strategies.",Income Generation,Client assessed as high-risk due to high-value international transactions and exposure to high-volatility assets. Requires enhanced monitoring and periodic review.,All identification documents verified. Employment and income confirmed via supporting documents. PEP check cleared. Sanctions screening completed. AML risk is low. No discrepancies found during due diligence.,No,Cleared,Medium,Low,LU,Com. & Retail,"[{'Stock': 'SLV', 'Shares Owned': 410, 'Allocation (%)': 70.74}, {'Stock': 'INTC', 'Shares Owned': 240, 'Allocation (%)': 14.12}, {'Stock': 'EFA', 'Shares Owned': 395, 'Allocation (%)': 1.55}, {'Stock': 'AAPL', 'Shares Owned': 286, 'Allocation (%)': 7.15}, {'Stock': 'LVMH', 'Shares Owned': 14, 'Allocation (%)': 1.28}, {'Stock': 'NVDA', 'Shares Owned': 341, 'Allocation (%)': 1.1}, {'Stock': 'SPY', 'Shares Owned': 49, 'Allocation (%)': 1.02}, {'Stock': 'ADBE', 'Shares Owned': 354, 'Allocation (%)': 1.01}, {'Stock': 'XOM', 'Shares Owned': 404, 'Allocation (%)': 1.02}, {'Stock': 'MSFT', 'Shares Owned': 420, 'Allocation (%)': 1.0100000000000038}]",Mary Greene, ran a quant hedge fund but lost it all in a crash.,Non-Affluent
Erika Dougherty,1991-10-17,CH,Male,Married,Electronics engineer,Gonzalez-Boyle,13,"221 Caldwell Skyway Suite 189, Stevenport, WV 37133",207-315-8736,patricksmith@example.com,Savings and Investment,UDQN69626974363487,CHF,93401.4,2573.12,688322.52,324242.36,243380.16,1,"['Savings Account', 'Investment Account']","Salary, Real Estate, Capital Gains","Client has extensive experience investing in equities, bonds, ETFs, and mutual funds. Demonstrates strong understanding of portfolio diversification and risk management techniques. Has previously invested in alternative assets such as real estate funds and structured products.",Aggressive Growth,"Client assessed as low-to-medium risk. Domestic income and salary align with monthly transactions, but moderate exposure to alternative investments noted.",All identification documents verified. Employment and income confirmed via supporting documents. PEP check cleared. Sanctions screening completed. AML risk is low. No discrepancies found during due diligence.,No,Cleared,High,High,LU,Com. & Retail,"[{'Stock': 'BASF', 'Shares Owned': 176, 'Allocation (%)': 63.38}, {'Stock': 'NFLX', 'Shares Owned': 182, 'Allocation (%)': 22.27}, {'Stock': 'QQQ', 'Shares Owned': 185, 'Allocation (%)': 6.19}, {'Stock': 'CVX', 'Shares Owned': 499, 'Allocation (%)': 1.26}, {'Stock': 'GLD', 'Shares Owned': 248, 'Allocation (%)': 1.47}, {'Stock': 'CAT', 'Shares Owned': 331, 'Allocation (%)': 1.41}, {'Stock': 'GOOGL', 'Shares Owned': 17, 'Allocation (%)': 1.01}, {'Stock': 'Novartis', 'Shares Owned': 51, 'Allocation (%)': 1.01}, {'Stock': 'ADA', 'Shares Owned': 272, 'Allocation (%)': 1.0}, {'Stock': 'ETH', 'Shares Owned': 441, 'Allocation (%)': 0.9999999999999971}]",Cynthia Baker, launched a coffee chain and became a mentor.,Affluent
Tracy Ellis,1989-08-23,DE,Male,Married,Tourist information centre manager,"Choi, Rhodes and Carter",4,"22221 Henderson Bypass, North Eric, MH 10656",(464)400-3068,wilsonmonica@example.org,Checking,PGLR24630341144343,CHF,74087.36,44.2,933474.76,130563.4,78602.56,0,['Savings Account'],"Salary, Real Estate, Capital Gains","Client is highly knowledgeable about derivatives, structured products, and alternative investment vehicles. Experience includes cryptocurrency investments and international equities. Understands hedging and leverage strategies.",Income Generation,"Client assessed as low-to-medium risk. Domestic income and salary align with monthly transactions, but moderate exposure to alternative investments noted.","Documents partially verified. Further verification of employment and income recommended. PEP check cleared, but client flagged for high-value international transactions. Periodic compliance review required.",Yes,Cleared,Low,High,SG,RM serviced PB,"[{'Stock': 'TSLA', 'Shares Owned': 236, 'Allocation (%)': 13.46}, {'Stock': 'AGG', 'Shares Owned': 231, 'Allocation (%)': 7.9}, {'Stock': 'QQQ', 'Shares Owned': 107, 'Allocation (%)': 38.15}, {'Stock': 'MSFT', 'Shares Owned': 384, 'Allocation (%)': 2.19}, {'Stock': 'GOOGL', 'Shares Owned': 288, 'Allocation (%)': 22.82}, {'Stock': 'SPY', 'Shares Owned': 147, 'Allocation (%)': 1.34}, {'Stock': 'ETH', 'Shares Owned': 338, 'Allocation (%)': 10.94}, {'Stock': 'Allianz', 'Shares Owned': 125, 'Allocation (%)': 1.09}, {'Stock': 'BTC', 'Shares Owned': 188, 'Allocation (%)': 1.09}, {'Stock': 'ADA', 'Shares Owned': 445, 'Allocation (%)': 1.0199999999999905}]",Mary Greene, ran a quant hedge fund and achieved financial independence.,UHNWI
Jonathan Little,1988-10-09,DE,Male,Widowed,Industrial/product designer,Stein-Burns,24,"00249 Laura Inlet, Warrenfort, IN 76807",208-640-9168x53510,alan54@example.com,Savings and Investment,YULW45746411652797,CHF,127723.72,4111.28,804004.8,280629.2,61775.96,0,['Savings Account'],"Inheritance, Savings, Salary","Client has moderate knowledge of financial markets, primarily investing in mutual funds and fixed income securities. Familiar with basic risk-return tradeoffs and market volatility, but prefers conservative investment strategies.",Income Generation,"Client assessed as low-to-medium risk. Domestic income and salary align with monthly transactions, but moderate exposure to alternative investments noted.",Verification of ID documents and employment completed. Tax residency confirmed. Client is not on any sanctions or PEP lists. AML monitoring recommended due to international investment exposure.,Yes,Cleared,High,Low,BVI,Com. & Retail,"[{'Stock': 'TIP', 'Shares Owned': 328, 'Allocation (%)': 17.09}, {'Stock': 'EEM', 'Shares Owned': 260, 'Allocation (%)': 19.72}, {'Stock': 'Novartis', 'Shares Owned': 14, 'Allocation (%)': 2.59}, {'Stock': 'SAP', 'Shares Owned': 344, 'Allocation (%)': 31.8}, {'Stock': 'Allianz', 'Shares Owned': 175, 'Allocation (%)': 15.18}, {'Stock': 'Roche', 'Shares Owned': 354, 'Allocation (%)': 3.72}, {'Stock': 'ARKK', 'Shares Owned': 314, 'Allocation (%)': 3.93}, {'Stock': 'Volkswagen', 'Shares Owned': 183, 'Allocation (%)': 2.42}, {'Stock': 'TSLA', 'Shares Owned': 149, 'Allocation (%)': 2.29}, {'Stock': 'BA', 'Shares Owned': 65, 'Allocation (%)': 1.2599999999999936}]",Cynthia Baker, invested early in tech stocks but lost it all in a crash.,UHNWI
Craig Clark,1989-01-29,DE,Male,Married,Tree surgeon,Stanley and Sons,27,"9471 Martinez Roads, Karlachester, ID 98395",339.500.2524,careychris@example.com,Savings and Investment,MQUF20657830864438,CHF,105668.6,5981.28,180991.52,183467.4,181118.68,0,['Savings Account'],"Business Income, Investments",Client possesses practical experience in stock markets and ETFs. Has some knowledge of portfolio rebalancing and tax-efficient investment strategies.,Aggressive Growth,Client assessed as medium-risk. Some international investments noted. Transactions slightly higher than expected for profile but consistent with disclosed sources of wealth.,Verification of ID documents and employment completed. Tax residency confirmed. Client is not on any sanctions or PEP lists. AML monitoring recommended due to international investment exposure.,Yes,Cleared,Low,Medium,CH,EAM,"[{'Stock': 'GLD', 'Shares Owned': 301, 'Allocation (%)': 77.39}, {'Stock': 'SOL', 'Shares Owned': 435, 'Allocation (%)': 2.68}, {'Stock': 'NVDA', 'Shares Owned': 116, 'Allocation (%)': 2.82}, {'Stock': 'VTI', 'Shares Owned': 454, 'Allocation (%)': 9.95}, {'Stock': 'ARKQ', 'Shares Owned': 303, 'Allocation (%)': 1.56}, {'Stock': 'Siemens', 'Shares Owned': 165, 'Allocation (%)': 1.22}, {'Stock': 'QQQ', 'Shares Owned': 275, 'Allocation (%)': 1.03}, {'Stock': 'Novartis', 'Shares Owned': 368, 'Allocation (%)': 1.05}, {'Stock': 'ARKG', 'Shares Owned': 17, 'Allocation (%)': 1.13}, {'Stock': 'MSFT', 'Shares Owned': 92, 'Allocation (%)': 1.17}]",Cynthia Baker, built a fintech startup but lost it all in a crash.,Non-Affluent
Amy Maldonado,1965-08-26,CH,Female,Divorced,Research scientist (medical),Bell LLC,8,"6286 Gomez Ridge, North Jeremymouth, NY 95335",620-675-0188x6297,wgonzalez@example.net,Savings,EMPR33206593187535,CHF,90008.88,189.72,188484.44,81552.4,244668.08,0,"['Checking Account', 'Savings Account', 'Investment Account']","Inheritance, Savings, Salary",Client possesses practical experience in stock markets and ETFs. Has some knowledge of portfolio rebalancing and tax-efficient investment strategies.,Aggressive Growth,"Client assessed as low-to-medium risk. Domestic income and salary align with monthly transactions, but moderate exposure to alternative investments noted.",Verification of ID documents and employment completed. Tax residency confirmed. Client is not on any sanctions or PEP lists. AML monitoring recommended due to international investment exposure.,Yes,Cleared,Medium,Low,SG,Com. & Retail,"[{'Stock': 'SAP', 'Shares Owned': 366, 'Allocation (%)': 16.46}, {'Stock': 'TIP', 'Shares Owned': 149, 'Allocation (%)': 37.59}, {'Stock': 'SPY', 'Shares Owned': 142, 'Allocation (%)': 2.86}, {'Stock': 'MSFT', 'Shares Owned': 133, 'Allocation (%)': 18.29}, {'Stock': 'NFLX', 'Shares Owned': 373, 'Allocation (%)': 9.47}, {'Stock': 'ARKK', 'Shares Owned': 498, 'Allocation (%)': 3.2}, {'Stock': 'GOOGL', 'Shares Owned': 110, 'Allocation (%)': 4.39}, {'Stock': 'SOL', 'Shares Owned': 434, 'Allocation (%)': 2.48}, {'Stock': 'NVDA', 'Shares Owned': 288, 'Allocation (%)': 3.41}, {'Stock': 'NEE', 'Shares Owned': 273, 'Allocation (%)': 1.849999999999989}]",Arthur Elliott, ran a quant hedge fund but lost it all in a crash.,Affluent
Darlene Bryant,1985-05-15,LI,Male,Widowed,Toxicologist,"Hayes, Hill and Rivera",14,"3776 Joseph Lock Suite 606, Danaside, KS 59736",502.803.8268,harrisnicholas@example.org,Checking,TFKF74432402202635,CHF,125704.8,6095.52,584627.28,124083.0,115125.36,1,"['Savings Account', 'Investment Account']","Business Income, Investments","Client has moderate knowledge of financial markets, primarily investing in mutual funds and fixed income securities. Familiar with basic risk-return tradeoffs and market volatility, but prefers conservative investment strategies.",Capital Preservation,Client assessed as medium-risk. Some international investments noted. Transactions slightly higher than expected for profile but consistent with disclosed sources of wealth.,All identification documents verified. Employment and income confirmed via supporting documents. PEP check cleared. Sanctions screening completed. AML risk is low. No discrepancies found during due diligence.,No,Cleared,Medium,Low,LU,Com. & Retail,"[{'Stock': 'TSLA', 'Shares Owned': 51, 'Allocation (%)': 40.02}, {'Stock': 'AMZN', 'Shares Owned': 498, 'Allocation (%)': 40.62}, {'Stock': 'XOM', 'Shares Owned': 414, 'Allocation (%)': 12.0}, {'Stock': 'MSFT', 'Shares Owned': 406, 'Allocation (%)': 1.05}, {'Stock': 'GE', 'Shares Owned': 314, 'Allocation (%)': 1.15}, {'Stock': 'ARKQ', 'Shares Owned': 34, 'Allocation (%)': 1.13}, {'Stock': 'BTC', 'Shares Owned': 101, 'Allocation (%)': 1.02}, {'Stock': 'SLV', 'Shares Owned': 348, 'Allocation (%)': 1.01}, {'Stock': 'ARKK', 'Shares Owned': 74, 'Allocation (%)': 1.0}, {'Stock': 'QQQ', 'Shares Owned': 231, 'Allocation (%)': 1.0}]",Cynthia Baker, launched a coffee chain and became a mentor.,Non-Affluent
Brenda Moore,1994-03-11,DE,Male,Single,Insurance account manager,Johnson Inc,25,"380 Elijah Estate, Port Elizabeth, NE 99668",922.771.4908x0620,petersonnicholas@example.com,Savings,UAMW52111696901558,CHF,87233.12,5161.2,486008.24,98935.24,180753.52,2,"['Checking Account', 'Savings Account', 'Investment Account']","Business Income, Investments","Client is highly knowledgeable about derivatives, structured products, and alternative investment vehicles. Experience includes cryptocurrency investments and international equities. Understands hedging and leverage strategies.",Income Generation,"Client assessed as low-to-medium risk. Domestic income and salary align with monthly transactions, but moderate exposure to alternative investments noted.","Documents partially verified. Further verification of employment and income recommended. PEP check cleared, but client flagged for high-value international transactions. Periodic compliance review required.",Yes,Cleared,Low,High,LI,EAM,"[{'Stock': 'AMZN', 'Shares Owned': 13, 'Allocation (%)': 39.11}, {'Stock': 'NVDA', 'Shares Owned': 61, 'Allocation (%)': 21.19}, {'Stock': 'ARKF', 'Shares Owned': 256, 'Allocation (%)': 21.75}, {'Stock': 'MSFT', 'Shares Owned': 165, 'Allocation (%)': 9.58}, {'Stock': 'ARKG', 'Shares Owned': 332, 'Allocation (%)': 3.05}, {'Stock': 'NEE', 'Shares Owned': 128, 'Allocation (%)': 1.28}, {'Stock': 'Roche', 'Shares Owned': 453, 'Allocation (%)': 1.01}, {'Stock': 'META', 'Shares Owned': 478, 'Allocation (%)': 1.02}, {'Stock': 'Allianz', 'Shares Owned': 491, 'Allocation (%)': 1.01}, {'Stock': 'ARKQ', 'Shares Owned': 380, 'Allocation (%)': 1.0000000000000029}]",Cynthia Baker, bet big on crypto and keeps growing steadily.,UHNWI
Robert Burke,1978-11-05,LI,Female,Single,Camera operator,Padilla Ltd,28,"789 Autumn Terrace, Hessview, TX 33067",521-861-0822,richardsmary@example.com,Savings and Investment,WZPM16442868702842,CHF,74749.68,6505.56,442261.12,43799.48,250705.12,2,"['Checking Account', 'Savings Account']","Inheritance, Savings, Salary",Client possesses practical experience in stock markets and ETFs. Has some knowledge of portfolio rebalancing and tax-efficient investment strategies.,Moderate Growth,"Client assessed as low-to-medium risk. Domestic income and salary align with monthly transactions, but moderate exposure to alternative investments noted.","Documents partially verified. Further verification of employment and income recommended. PEP check cleared, but client flagged for high-value international transactions. Periodic compliance review required.",Yes,Cleared,Medium,Medium,LU,RM serviced PB,"[{'Stock': 'CVX', 'Shares Owned': 242, 'Allocation (%)': 62.78}, {'Stock': 'BA', 'Shares Owned': 447, 'Allocation (%)': 25.76}, {'Stock': 'Siemens', 'Shares Owned': 350, 'Allocation (%)': 2.76}, {'Stock': 'NEE', 'Shares Owned': 42, 'Allocation (%)': 2.64}, {'Stock': 'SAP', 'Shares Owned': 246, 'Allocation (%)': 1.01}, {'Stock': 'GLD', 'Shares Owned': 36, 'Allocation (%)': 1.02}, {'Stock': 'QQQ', 'Shares Owned': 384, 'Allocation (%)': 1.0}, {'Stock': 'ETH', 'Shares Owned': 328, 'Allocation (%)': 1.02}, {'Stock': 'BND', 'Shares Owned': 465, 'Allocation (%)': 1.01}, {'Stock': 'BTC', 'Shares Owned': 419, 'Allocation (%)': 0.9999999999999976}]",Arthur Elliott, focused on real estate and became a mentor.,Affluent
Paul Martin,1993-09-20,LI,Female,Single,Travel agency manager,Parker Group,3,"0842 Hannah Common Suite 976, Keithport, MD 94559",001-752-243-9044x679,sarashepard@example.net,Savings and Investment,WQVF30606410371562,CHF,125049.96,3421.08,561310.76,276307.12,107692.28,1,"['Savings Account', 'Investment Account']","Business Income, Investments","Client has moderate knowledge of financial markets, primarily investing in mutual funds and fixed income securities. Familiar with basic risk-return tradeoffs and market volatility, but prefers conservative investment strategies.",Income Generation,Client assessed as high-risk due to high-value international transactions and exposure to high-volatility assets. Requires enhanced monitoring and periodic review.,Verification of ID documents and employment completed. Tax residency confirmed. Client is not on any sanctions or PEP lists. AML monitoring recommended due to international investment exposure.,Yes,Cleared,Low,Medium,BVI,EAM,"[{'Stock': 'EFA', 'Shares Owned': 259, 'Allocation (%)': 15.73}, {'Stock': 'ADA', 'Shares Owned': 444, 'Allocation (%)': 7.07}, {'Stock': 'BASF', 'Shares Owned': 264, 'Allocation (%)': 34.84}, {'Stock': 'AMZN', 'Shares Owned': 77, 'Allocation (%)': 2.82}, {'Stock': 'LVMH', 'Shares Owned': 195, 'Allocation (%)': 30.73}, {'Stock': 'NEE', 'Shares Owned': 333, 'Allocation (%)': 1.83}, {'Stock': 'ARKQ', 'Shares Owned': 59, 'Allocation (%)': 1.09}, {'Stock': 'CVX', 'Shares Owned': 240, 'Allocation (%)': 3.61}, {'Stock': 'TSLA', 'Shares Owned': 453, 'Allocation (%)': 1.01}, {'Stock': 'Allianz', 'Shares Owned': 447, 'Allocation (%)': 1.2699999999999847}]",Arthur Elliott, focused on real estate but lost it all in a crash.,Affluent
Holly Smith,1985-10-14,DE,Female,Widowed,Chief Executive Officer,Rush and Sons,11,"944 Neal Mews, Tashaborough, KY 98055",(868)818-7552,heather96@example.com,Savings and Investment,HSAR55256909743877,CHF,129306.76,5044.24,325113.44,226624.28,142754.44,2,"['Checking Account', 'Savings Account', 'Investment Account']","Business Income, Investments","Client has moderate knowledge of financial markets, primarily investing in mutual funds and fixed income securities. Familiar with basic risk-return tradeoffs and market volatility, but prefers conservative investment strategies.",Aggressive Growth,Client assessed as low-risk. Transaction behavior is consistent with reported income. No history of suspicious activity. Domestic and regulated international income sources only.,Full KYC verification completed. Risk assessment and AML checks cleared. Client demonstrates transparency in source of funds and investment objectives.,Yes,Cleared,Medium,Medium,CH,EAM,"[{'Stock': 'MSFT', 'Shares Owned': 357, 'Allocation (%)': 49.68}, {'Stock': 'BA', 'Shares Owned': 310, 'Allocation (%)': 18.07}, {'Stock': 'BTC', 'Shares Owned': 209, 'Allocation (%)': 17.06}, {'Stock': 'BND', 'Shares Owned': 449, 'Allocation (%)': 2.78}, {'Stock': 'Allianz', 'Shares Owned': 472, 'Allocation (%)': 4.49}, {'Stock': 'NVDA', 'Shares Owned': 490, 'Allocation (%)': 1.46}, {'Stock': 'GLD', 'Shares Owned': 89, 'Allocation (%)': 2.4}, {'Stock': 'INTC', 'Shares Owned': 120, 'Allocation (%)': 1.34}, {'Stock': 'Roche', 'Shares Owned': 443, 'Allocation (%)': 1.23}, {'Stock': 'XOM', 'Shares Owned': 214, 'Allocation (%)': 1.4900000000000024}]",Arthur Elliott, built a fintech startup and keeps growing steadily.,Non-Affluent
Travis Watson,1962-02-05,CH,Female,Widowed,Make,"Boyer, Tyler and Simpson",24,"1030 Kaitlyn Island, Loveville, NJ 68781",684.972.4929,vaughankevin@example.net,Checking,YLNW57780214359875,CHF,111625.4,662.32,1163384.8,287268.04,60131.04,2,"['Savings Account', 'Investment Account']","Inheritance, Savings, Salary","Client has extensive experience investing in equities, bonds, ETFs, and mutual funds. Demonstrates strong understanding of portfolio diversification and risk management techniques. Has previously invested in alternative assets such as real estate funds and structured products.",Moderate Growth,Client assessed as medium-risk. Some international investments noted. Transactions slightly higher than expected for profile but consistent with disclosed sources of wealth.,All identification documents verified. Employment and income confirmed via supporting documents. PEP check cleared. Sanctions screening completed. AML risk is low. No discrepancies found during due diligence.,No,Cleared,High,High,LU,Com. & Retail,"[{'Stock': 'Siemens', 'Shares Owned': 324, 'Allocation (%)': 58.25}, {'Stock': 'SOL', 'Shares Owned': 111, 'Allocation (%)': 30.6}, {'Stock': 'BTC', 'Shares Owned': 374, 'Allocation (%)': 2.48}, {'Stock': 'AMZN', 'Shares Owned': 397, 'Allocation (%)': 1.47}, {'Stock': 'BASF', 'Shares Owned': 85, 'Allocation (%)': 1.69}, {'Stock': 'USO', 'Shares Owned': 419, 'Allocation (%)': 1.32}, {'Stock': 'NFLX', 'Shares Owned': 249, 'Allocation (%)': 1.17}, {'Stock': 'SPY', 'Shares Owned': 467, 'Allocation (%)': 1.01}, {'Stock': 'Roche', 'Shares Owned': 453, 'Allocation (%)': 1.0}, {'Stock': 'CVX', 'Shares Owned': 243, 'Allocation (%)': 1.009999999999998}]",Cynthia Baker, built a fintech startup and became a mentor.,UHNWI
Peter Oliver,1962-06-17,LI,Female,Divorced,Barista,"Crosby, Stephens and Rodgers",9,"717 Peterson Fords, Davidsonburgh, AS 35065",494-278-8396,kpayne@example.net,Savings,DEQI41495198579156,CHF,84720.52,3470.72,532855.48,107754.84,223875.04,1,"['Checking Account', 'Savings Account', 'Investment Account']","Business Income, Investments","Client has extensive experience investing in equities, bonds, ETFs, and mutual funds. Demonstrates strong understanding of portfolio diversification and risk management techniques. Has previously invested in alternative assets such as real estate funds and structured products.",Capital Preservation,Client assessed as medium-risk. Some international investments noted. Transactions slightly higher than expected for profile but consistent with disclosed sources of wealth.,Verification of ID documents and employment completed. Tax residency confirmed. Client is not on any sanctions or PEP lists. AML monitoring recommended due to international investment exposure.,Yes,Cleared,Low,High,SG,Com. & Retail,"[{'Stock': 'LVMH', 'Shares Owned': 99, 'Allocation (%)': 3.34}, {'Stock': 'TIP', 'Shares Owned': 280, 'Allocation (%)': 11.06}, {'Stock': 'BTC', 'Shares Owned': 284, 'Allocation (%)': 25.13}, {'Stock': 'NFLX', 'Shares Owned': 190, 'Allocation (%)': 54.41}, {'Stock': 'TSLA', 'Shares Owned': 459, 'Allocation (%)': 1.01}, {'Stock': 'EFA', 'Shares Owned': 319, 'Allocation (%)': 1.04}, {'Stock': 'QQQ', 'Shares Owned': 314, 'Allocation (%)': 1.0}, {'Stock': 'GLD', 'Shares Owned': 418, 'Allocation (%)': 1.0}, {'Stock': 'USO', 'Shares Owned': 400, 'Allocation (%)': 1.01}, {'Stock': 'NEE', 'Shares Owned': 107, 'Allocation (%)': 1.0000000000000024}]",Cynthia Baker, focused on real estate and achieved financial independence.,Affluent
Mr. Justin Rosales,1990-11-14,LI,Male,Widowed,Dispensing optician,"Williams, Willis and Briggs",21,"10414 Osborne Center Apt. 918, Rodgersview, MA 11394",661-489-6633x84942,ytaylor@example.org,Checking,RHFZ42414470898387,CHF,81053.96,144.84,1012607.04,43081.4,65664.2,0,"['Checking Account', 'Savings Account', 'Investment Account']","Inheritance, Savings, Salary","Client has extensive experience investing in equities, bonds, ETFs, and mutual funds. Demonstrates strong understanding of portfolio diversification and risk management techniques. Has previously invested in alternative assets such as real estate funds and structured products.",Capital Preservation,Client assessed as low-risk. Transaction behavior is consistent with reported income. No history of suspicious activity. Domestic and regulated international income sources only.,"Documents partially verified. Further verification of employment and income recommended. PEP check cleared, but client flagged for high-value international transactions. Periodic compliance review required.",Yes,Cleared,Medium,High,LU,Com. & Retail,"[{'Stock': 'MSFT', 'Shares Owned': 435, 'Allocation (%)': 76.79}, {'Stock': 'ARKF', 'Shares Owned': 64, 'Allocation (%)': 8.65}, {'Stock': 'Volkswagen', 'Shares Owned': 159, 'Allocation (%)': 4.89}, {'Stock': 'ARKG', 'Shares Owned': 413, 'Allocation (%)': 1.48}, {'Stock': 'SOL', 'Shares Owned': 53, 'Allocation (%)': 2.86}, {'Stock': 'QQQ', 'Shares Owned': 467, 'Allocation (%)': 1.16}, {'Stock': 'LVMH', 'Shares Owned': 133, 'Allocation (%)': 1.13}, {'Stock': 'EEM', 'Shares Owned': 256, 'Allocation (%)': 1.04}, {'Stock': 'Allianz', 'Shares Owned': 233, 'Allocation (%)': 1.0}, {'Stock': 'GOOGL', 'Shares Owned': 214, 'Allocation (%)': 0.9999999999999947}]",Arthur Elliott, bet big on crypto and became a mentor.,Non-Affluent
Amanda Flores,1981-11-02,DE,Female,Single,"Merchandiser, retail",Mendez and Sons,29,"03379 Molly Groves Apt. 483, New Elizabeth, CA 93123",471-949-7740x2113,mmcdonald@example.com,Savings and Investment,MQCS19317957041884,CHF,75387.52,4636.92,1169988.96,177964.84,245539.84,0,"['Savings Account', 'Investment Account']","Salary, Real Estate, Capital Gains","Client has moderate knowledge of financial markets, primarily investing in mutual funds and fixed income securities. Familiar with basic risk-return tradeoffs and market volatility, but prefers conservative investment strategies.",Moderate Growth,Client assessed as medium-risk. Some international investments noted. Transactions slightly higher than expected for profile but consistent with disclosed sources of wealth.,Full KYC verification completed. Risk assessment and AML checks cleared. Client demonstrates transparency in source of funds and investment objectives.,Yes,Cleared,High,High,SG,RM serviced PB,"[{'Stock': 'EFA', 'Shares Owned': 305, 'Allocation (%)': 4.31}, {'Stock': 'ARKQ', 'Shares Owned': 146, 'Allocation (%)': 82.14}, {'Stock': 'BA', 'Shares Owned': 78, 'Allocation (%)': 5.67}, {'Stock': 'INTC', 'Shares Owned': 425, 'Allocation (%)': 1.64}, {'Stock': 'BTC', 'Shares Owned': 68, 'Allocation (%)': 1.08}, {'Stock': 'ADA', 'Shares Owned': 361, 'Allocation (%)': 1.12}, {'Stock': 'SOL', 'Shares Owned': 19, 'Allocation (%)': 1.02}, {'Stock': 'TIP', 'Shares Owned': 317, 'Allocation (%)': 1.02}, {'Stock': 'Roche', 'Shares Owned': 383, 'Allocation (%)': 1.0}, {'Stock': 'META', 'Shares Owned': 432, 'Allocation (%)': 0.9999999999999973}]",Arthur Elliott, ran a quant hedge fund but lost it all in a crash.,Affluent
Shawn Blair,1961-06-21,LI,Male,Widowed,Orthoptist,Lewis Group,17,"7318 Jackson Rest, Zacharyland, KS 86239",6553063319,woodssteven@example.net,Checking,OAKI48982296044260,CHF,124143.52,3023.96,1162207.04,38914.36,37053.2,2,"['Checking Account', 'Savings Account']","Salary, Rental Income, Stock Investments","Client is highly knowledgeable about derivatives, structured products, and alternative investment vehicles. Experience includes cryptocurrency investments and international equities. Understands hedging and leverage strategies.",Aggressive Growth,Client assessed as low-risk. Transaction behavior is consistent with reported income. No history of suspicious activity. Domestic and regulated international income sources only.,Verification of ID documents and employment completed. Tax residency confirmed. Client is not on any sanctions or PEP lists. AML monitoring recommended due to international investment exposure.,No,Cleared,High,High,CH,RM serviced PB,"[{'Stock': 'NEE', 'Shares Owned': 157, 'Allocation (%)': 26.59}, {'Stock': 'AMZN', 'Shares Owned': 229, 'Allocation (%)': 62.08}, {'Stock': 'USO', 'Shares Owned': 128, 'Allocation (%)': 4.24}, {'Stock': 'BTC', 'Shares Owned': 156, 'Allocation (%)': 1.0}, {'Stock': 'SPY', 'Shares Owned': 398, 'Allocation (%)': 1.02}, {'Stock': 'Allianz', 'Shares Owned': 479, 'Allocation (%)': 1.02}, {'Stock': 'CAT', 'Shares Owned': 83, 'Allocation (%)': 1.05}, {'Stock': 'ADA', 'Shares Owned': 262, 'Allocation (%)': 1.0}, {'Stock': 'GOOGL', 'Shares Owned': 310, 'Allocation (%)': 1.0}, {'Stock': 'EEM', 'Shares Owned': 320, 'Allocation (%)': 0.9999999999999991}]",Cynthia Baker, ran a quant hedge fund and keeps growing steadily.,Affluent
Roy Wilson,1989-11-08,CH,Male,Married,Commercial horticulturist,Frank Group,21,"2321 Corey Knolls Suite 322, West Pamela, MS 08179",(258)300-8208x497,clarkpenny@example.net,Savings and Investment,NZME19924646978537,CHF,96504.92,3434.68,1337433.52,154431.4,191176.56,0,"['Checking Account', 'Savings Account']","Salary, Rental Income, Stock Investments","Client has moderate knowledge of financial markets, primarily investing in mutual funds and fixed income securities. Familiar with basic risk-return tradeoffs and market volatility, but prefers conservative investment strategies.",Aggressive Growth,"Client assessed as low-to-medium risk. Domestic income and salary align with monthly transactions, but moderate exposure to alternative investments noted.",All identification documents verified. Employment and income confirmed via supporting documents. PEP check cleared. Sanctions screening completed. AML risk is low. No discrepancies found during due diligence.,Yes,Cleared,Medium,Medium,CH,EAM,"[{'Stock': 'INTC', 'Shares Owned': 345, 'Allocation (%)': 63.5}, {'Stock': 'QQQ', 'Shares Owned': 204, 'Allocation (%)': 5.87}, {'Stock': 'Volkswagen', 'Shares Owned': 134, 'Allocation (%)': 19.25}, {'Stock': 'BA', 'Shares Owned': 147, 'Allocation (%)': 2.98}, {'Stock': 'EFA', 'Shares Owned': 54, 'Allocation (%)': 2.99}, {'Stock': 'NFLX', 'Shares Owned': 421, 'Allocation (%)': 1.01}, {'Stock': 'MSFT', 'Shares Owned': 86, 'Allocation (%)': 1.09}, {'Stock': 'TSLA', 'Shares Owned': 492, 'Allocation (%)': 1.04}, {'Stock': 'Allianz', 'Shares Owned': 466, 'Allocation (%)': 1.1}, {'Stock': 'Novartis', 'Shares Owned': 17, 'Allocation (%)': 1.1699999999999986}]",Cynthia Baker, launched a coffee chain but lost it all in a crash.,Affluent
Hannah James,1980-04-27,CH,Male,Married,Customer service manager,Aguilar Group,3,"88162 Mitchell Grove, New Amandamouth, SC 84243",001-974-501-3536x26095,ryanbradford@example.com,Savings and Investment,GTYA76064570411812,CHF,63922.72,6757.84,730710.32,129373.4,230941.6,2,"['Checking Account', 'Savings Account', 'Investment Account']","Salary, Real Estate, Capital Gains","Client has extensive experience investing in equities, bonds, ETFs, and mutual funds. Demonstrates strong understanding of portfolio diversification and risk management techniques. Has previously invested in alternative assets such as real estate funds and structured products.",Aggressive Growth,Client assessed as low-risk. Transaction behavior is consistent with reported income. No history of suspicious activity. Domestic and regulated international income sources only.,Full KYC verification completed. Risk assessment and AML checks cleared. Client demonstrates transparency in source of funds and investment objectives.,No,Cleared,High,High,BVI,Com. & Retail,"[{'Stock': 'ADBE', 'Shares Owned': 253, 'Allocation (%)': 27.04}, {'Stock': 'GLD', 'Shares Owned': 139, 'Allocation (%)': 15.74}, {'Stock': 'Siemens', 'Shares Owned': 236, 'Allocation (%)': 39.08}, {'Stock': 'TSLA', 'Shares Owned': 190, 'Allocation (%)': 10.38}, {'Stock': 'TIP', 'Shares Owned': 337, 'Allocation (%)': 2.19}, {'Stock': 'ETH', 'Shares Owned': 332, 'Allocation (%)': 1.14}, {'Stock': 'ARKQ', 'Shares Owned': 241, 'Allocation (%)': 1.21}, {'Stock': 'NEE', 'Shares Owned': 18, 'Allocation (%)': 1.03}, {'Stock': 'CVX', 'Shares Owned': 206, 'Allocation (%)': 1.07}, {'Stock': 'GOOGL', 'Shares Owned': 393, 'Allocation (%)': 1.1200000000000074}]",Mary Greene, invested early in tech stocks and retired early.,Non-Affluent
Alexandra Mcgee,1999-02-28,DE,Male,Single,"Engineer, biomedical",Roberts-Henson,12,"Unit 9325 Box 0019, DPO AA 68361",667-300-4787x6355,brianamclean@example.com,Savings and Investment,WONI56224133723500,CHF,105140.92,1531.36,1275727.6,167628.16,171595.28,0,"['Checking Account', 'Savings Account', 'Investment Account']","Inheritance, Savings, Salary","Client is highly knowledgeable about derivatives, structured products, and alternative investment vehicles. Experience includes cryptocurrency investments and international equities. Understands hedging and leverage strategies.",Moderate Growth,Client assessed as medium-risk. Some international investments noted. Transactions slightly higher than expected for profile but consistent with disclosed sources of wealth.,"Documents partially verified. Further verification of employment and income recommended. PEP check cleared, but client flagged for high-value international transactions. Periodic compliance review required.",Yes,Cleared,Medium,Low,LI,RM serviced PB,"[{'Stock': 'BTC', 'Shares Owned': 127, 'Allocation (%)': 3.63}, {'Stock': 'SAP', 'Shares Owned': 109, 'Allocation (%)': 31.88}, {'Stock': 'ETH', 'Shares Owned': 260, 'Allocation (%)': 29.68}, {'Stock': 'ARKF', 'Shares Owned': 327, 'Allocation (%)': 12.16}, {'Stock': 'META', 'Shares Owned': 296, 'Allocation (%)': 10.7}, {'Stock': 'BA', 'Shares Owned': 156, 'Allocation (%)': 7.52}, {'Stock': 'LVMH', 'Shares Owned': 150, 'Allocation (%)': 1.32}, {'Stock': 'GLD', 'Shares Owned': 450, 'Allocation (%)': 1.09}, {'Stock': 'AGG', 'Shares Owned': 153, 'Allocation (%)': 1.02}, {'Stock': 'NVDA', 'Shares Owned': 325, 'Allocation (%)': 1.0000000000000102}]",Arthur Elliott, built a fintech startup but lost it all in a crash.,Affluent
Leslie Stephens,1995-12-06,CH,Male,Married,Land,"Kane, Bishop and Carter",23,"1143 Rodriguez Squares, North Amy, IN 10458",(519)446-8030x64992,pjackson@example.com,Savings,XRBU90644505440540,CHF,132074.36,472.6,704851.28,291144.04,82485.36,0,"['Savings Account', 'Investment Account']","Salary, Real Estate, Capital Gains","Client is highly knowledgeable about derivatives, structured products, and alternative investment vehicles. Experience includes cryptocurrency investments and international equities. Understands hedging and leverage strategies.",Moderate Growth,Client assessed as high-risk due to high-value international transactions and exposure to high-volatility assets. Requires enhanced monitoring and periodic review.,Verification of ID documents and employment completed. Tax residency confirmed. Client is not on any sanctions or PEP lists. AML monitoring recommended due to international investment exposure.,No,Cleared,Low,High,SG,RM serviced PB,"[{'Stock': 'GE', 'Shares Owned': 451, 'Allocation (%)': 88.22}, {'Stock': 'Roche', 'Shares Owned': 166, 'Allocation (%)': 1.26}, {'Stock': 'BTC', 'Shares Owned': 77, 'Allocation (%)': 1.66}, {'Stock': 'SOL', 'Shares Owned': 364, 'Allocation (%)': 2.11}, {'Stock': 'BA', 'Shares Owned': 142, 'Allocation (%)': 1.03}, {'Stock': 'Volkswagen', 'Shares Owned': 102, 'Allocation (%)': 1.08}, {'Stock': 'EFA', 'Shares Owned': 313, 'Allocation (%)': 1.29}, {'Stock': 'USO', 'Shares Owned': 375, 'Allocation (%)': 1.34}, {'Stock': 'META', 'Shares Owned': 373, 'Allocation (%)': 1.0}, {'Stock': 'AGG', 'Shares Owned': 180, 'Allocation (%)': 1.0100000000000016}]",Mary Greene, focused on real estate and retired early.,Non-Affluent
Anthony Owens,2000-08-10,LI,Male,Widowed,Recycling officer,"Sparks, Miller and Ward",17,"9253 Scott Valleys, West Danielle, AL 22820",001-514-799-5775x251,gjohnson@example.com,Savings,VDLS76049917482814,CHF,129814.72,875.84,1252882.32,103428.68,155493.56,0,"['Checking Account', 'Savings Account']","Business Income, Investments",Client possesses practical experience in stock markets and ETFs. Has some knowledge of portfolio rebalancing and tax-efficient investment strategies.,Aggressive Growth,"Client assessed as low-to-medium risk. Domestic income and salary align with monthly transactions, but moderate exposure to alternative investments noted.",Verification of ID documents and employment completed. Tax residency confirmed. Client is not on any sanctions or PEP lists. AML monitoring recommended due to international investment exposure.,No,Cleared,High,Medium,BVI,Com. & Retail,"[{'Stock': 'GE', 'Shares Owned': 339, 'Allocation (%)': 60.18}, {'Stock': 'SLV', 'Shares Owned': 317, 'Allocation (%)': 31.21}, {'Stock': 'Roche', 'Shares Owned': 72, 'Allocation (%)': 1.25}, {'Stock': 'NEE', 'Shares Owned': 172, 'Allocation (%)': 1.16}, {'Stock': 'TIP', 'Shares Owned': 43, 'Allocation (%)': 1.1}, {'Stock': 'INTC', 'Shares Owned': 353, 'Allocation (%)': 1.03}, {'Stock': 'ADA', 'Shares Owned': 88, 'Allocation (%)': 1.0}, {'Stock': 'NVDA', 'Shares Owned': 122, 'Allocation (%)': 1.05}, {'Stock': 'ARKK', 'Shares Owned': 363, 'Allocation (%)': 1.01}, {'Stock': 'META', 'Shares Owned': 427, 'Allocation (%)': 1.0099999999999996}]",Arthur Elliott, built a fintech startup and became a mentor.,Non-Affluent
Lisa Williams,1977-09-24,LI,Female,Married,Customer service manager,"Frank, Thomas and Payne",8,"611 Dean Expressway Suite 234, West Marcia, NH 48473",578-997-4000,churchmorgan@example.org,Savings,SUQG19128187564585,CHF,88933.8,6504.2,766128.12,197975.88,190781.48,1,"['Checking Account', 'Savings Account']","Salary, Real Estate, Capital Gains","Client is highly knowledgeable about derivatives, structured products, and alternative investment vehicles. Experience includes cryptocurrency investments and international equities. Understands hedging and leverage strategies.",Moderate Growth,Client assessed as low-risk. Transaction behavior is consistent with reported income. No history of suspicious activity. Domestic and regulated international income sources only.,Verification of ID documents and employment completed. Tax residency confirmed. Client is not on any sanctions or PEP lists. AML monitoring recommended due to international investment exposure.,No,Cleared,High,High,LU,Com. & Retail,"[{'Stock': 'NEE', 'Shares Owned': 232, 'Allocation (%)': 87.18}, {'Stock': 'ARKK', 'Shares Owned': 200, 'Allocation (%)': 2.15}, {'Stock': 'EEM', 'Shares Owned': 191, 'Allocation (%)': 3.59}, {'Stock': 'VTI', 'Shares Owned': 436, 'Allocation (%)': 1.06}, {'Stock': 'BA', 'Shares Owned': 352, 'Allocation (%)': 1.01}, {'Stock': 'INTC', 'Shares Owned': 336, 'Allocation (%)': 1.0}, {'Stock': 'XOM', 'Shares Owned': 263, 'Allocation (%)': 1.01}, {'Stock': 'BTC', 'Shares Owned': 86, 'Allocation (%)': 1.0}, {'Stock': 'SOL', 'Shares Owned': 329, 'Allocation (%)': 1.0}, {'Stock': 'ADBE', 'Shares Owned': 445, 'Allocation (%)': 0.9999999999999929}]",Arthur Elliott, bet big on crypto but lost it all in a crash.,Affluent
Kristen Marsh,1968-10-31,LI,Female,Married,TEFL teacher,Torres Ltd,25,"45037 James Dale, Conleyborough, TN 42361",001-913-320-4817,seth00@example.com,Savings and Investment,BCVI20749852220081,CHF,74077.16,5587.56,785234.76,229444.92,203483.2,3,"['Checking Account', 'Savings Account']","Inheritance, Savings, Salary","Client is highly knowledgeable about derivatives, structured products, and alternative investment vehicles. Experience includes cryptocurrency investments and international equities. Understands hedging and leverage strategies.",Capital Preservation,Client assessed as low-risk. Transaction behavior is consistent with reported income. No history of suspicious activity. Domestic and regulated international income sources only.,"Documents partially verified. Further verification of employment and income recommended. PEP check cleared, but client flagged for high-value international transactions. Periodic compliance review required.",Yes,Cleared,High,Medium,LU,RM serviced PB,"[{'Stock': 'QQQ', 'Shares Owned': 34, 'Allocation (%)': 17.36}, {'Stock': 'Roche', 'Shares Owned': 56, 'Allocation (%)': 38.45}, {'Stock': 'GLD', 'Shares Owned': 397, 'Allocation (%)': 31.03}, {'Stock': 'VTI', 'Shares Owned': 172, 'Allocation (%)': 3.77}, {'Stock': 'AAPL', 'Shares Owned': 388, 'Allocation (%)': 3.82}, {'Stock': 'XOM', 'Shares Owned': 165, 'Allocation (%)': 1.03}, {'Stock': 'EEM', 'Shares Owned': 89, 'Allocation (%)': 1.26}, {'Stock': 'SAP', 'Shares Owned': 362, 'Allocation (%)': 1.15}, {'Stock': 'LVMH', 'Shares Owned': 432, 'Allocation (%)': 1.04}, {'Stock': 'NFLX', 'Shares Owned': 147, 'Allocation (%)': 1.0899999999999967}]",Mary Greene, invested early in tech stocks and retired early.,Non-Affluent
Jeffrey Hernandez,1981-06-03,DE,Male,Widowed,Paramedic,Smith-Ritter,25,"5572 Emily Viaduct Apt. 596, Livingstonton, AL 96771",001-632-340-3850x92446,garzadeborah@example.com,Savings,KNGR55203211723490,CHF,69486.48,1991.04,1119551.32,288872.16,252420.08,0,['Savings Account'],"Salary, Rental Income, Stock Investments","Client has moderate knowledge of financial markets, primarily investing in mutual funds and fixed income securities. Familiar with basic risk-return tradeoffs and market volatility, but prefers conservative investment strategies.",Moderate Growth,Client assessed as high-risk due to high-value international transactions and exposure to high-volatility assets. Requires enhanced monitoring and periodic review.,All identification documents verified. Employment and income confirmed via supporting documents. PEP check cleared. Sanctions screening completed. AML risk is low. No discrepancies found during due diligence.,Yes,Cleared,Low,Medium,LI,Com. & Retail,"[{'Stock': 'Siemens', 'Shares Owned': 464, 'Allocation (%)': 53.89}, {'Stock': 'MSFT', 'Shares Owned': 322, 'Allocation (%)': 31.68}, {'Stock': 'USO', 'Shares Owned': 54, 'Allocation (%)': 4.78}, {'Stock': 'Volkswagen', 'Shares Owned': 76, 'Allocation (%)': 2.5}, {'Stock': 'BA', 'Shares Owned': 115, 'Allocation (%)': 1.06}, {'Stock': 'ADA', 'Shares Owned': 124, 'Allocation (%)': 1.89}, {'Stock': 'TSLA', 'Shares Owned': 246, 'Allocation (%)': 1.0}, {'Stock': 'ARKG', 'Shares Owned': 137, 'Allocation (%)': 1.14}, {'Stock': 'ETH', 'Shares Owned': 336, 'Allocation (%)': 1.03}, {'Stock': 'EEM', 'Shares Owned': 60, 'Allocation (%)': 1.0299999999999987}]",Mary Greene, built a fintech startup and retired early.,Affluent
Gabrielle Hudson DDS,1966-05-01,LI,Female,Divorced,Diagnostic radiographer,"Guzman, Martin and Schaefer",19,"6163 Karen Causeway, Evansshire, SC 64231",587-357-6877,yvonneshaw@example.net,Savings,FUQE11363582053601,CHF,66502.64,399.16,1122386.92,269777.76,139922.92,2,"['Savings Account', 'Investment Account']","Inheritance, Savings, Salary",Client possesses practical experience in stock markets and ETFs. Has some knowledge of portfolio rebalancing and tax-efficient investment strategies.,Aggressive Growth,Client assessed as medium-risk. Some international investments noted. Transactions slightly higher than expected for profile but consistent with disclosed sources of wealth.,Verification of ID documents and employment completed. Tax residency confirmed. Client is not on any sanctions or PEP lists. AML monitoring recommended due to international investment exposure.,No,Cleared,Medium,Low,LU,EAM,"[{'Stock': 'SAP', 'Shares Owned': 45, 'Allocation (%)': 46.43}, {'Stock': 'Roche', 'Shares Owned': 397, 'Allocation (%)': 22.6}, {'Stock': 'USO', 'Shares Owned': 343, 'Allocation (%)': 17.97}, {'Stock': 'Volkswagen', 'Shares Owned': 465, 'Allocation (%)': 6.58}, {'Stock': 'AAPL', 'Shares Owned': 339, 'Allocation (%)': 1.34}, {'Stock': 'Novartis', 'Shares Owned': 297, 'Allocation (%)': 1.03}, {'Stock': 'TSLA', 'Shares Owned': 209, 'Allocation (%)': 1.02}, {'Stock': 'META', 'Shares Owned': 20, 'Allocation (%)': 1.02}, {'Stock': 'BA', 'Shares Owned': 258, 'Allocation (%)': 1.0}, {'Stock': 'SOL', 'Shares Owned': 117, 'Allocation (%)': 1.0099999999999998}]",Arthur Elliott, launched a coffee chain and keeps growing steadily.,Non-Affluent
Jacqueline Navarro,1985-12-05,LI,Male,Widowed,"Teacher, primary school",Banks Inc,14,"6683 Kyle Wells, Port Joshuatown, KS 35325",+1-790-364-5860x52378,jamesbradford@example.net,Checking,FJNX61335318325432,CHF,105336.76,4148.0,852575.16,233823.44,196435.68,0,"['Checking Account', 'Savings Account']","Salary, Rental Income, Stock Investments",Client possesses practical experience in stock markets and ETFs. Has some knowledge of portfolio rebalancing and tax-efficient investment strategies.,Income Generation,Client assessed as low-risk. Transaction behavior is consistent with reported income. No history of suspicious activity. Domestic and regulated international income sources only.,All identification documents verified. Employment and income confirmed via supporting documents. PEP check cleared. Sanctions screening completed. AML risk is low. No discrepancies found during due diligence.,Yes,Cleared,Low,High,CH,RM serviced PB,"[{'Stock': 'GLD', 'Shares Owned': 68, 'Allocation (%)': 32.21}, {'Stock': 'BA', 'Shares Owned': 68, 'Allocation (%)': 18.4}, {'Stock': 'CAT', 'Shares Owned': 61, 'Allocation (%)': 31.91}, {'Stock': 'SPY', 'Shares Owned': 147, 'Allocation (%)': 6.57}, {'Stock': 'ARKF', 'Shares Owned': 248, 'Allocation (%)': 1.79}, {'Stock': 'ETH', 'Shares Owned': 83, 'Allocation (%)': 3.0}, {'Stock': 'ADBE', 'Shares Owned': 231, 'Allocation (%)': 1.25}, {'Stock': 'BTC', 'Shares Owned': 187, 'Allocation (%)': 1.33}, {'Stock': 'QQQ', 'Shares Owned': 486, 'Allocation (%)': 1.84}, {'Stock': 'GOOGL', 'Shares Owned': 268, 'Allocation (%)': 1.6999999999999937}]",Arthur Elliott, bet big on crypto and retired early.,Non-Affluent
Tamara Castillo,1974-06-07,LI,Male,Widowed,General practice doctor,Cabrera-Shepard,26,"189 Patricia Mountains, Ryanfort, AR 45914",+1-762-536-6700x3114,aaronbruce@example.net,Checking,YZFF00313760047928,CHF,117680.8,4796.72,339847.68,242151.4,158323.72,3,['Savings Account'],"Salary, Real Estate, Capital Gains",Client possesses practical experience in stock markets and ETFs. Has some knowledge of portfolio rebalancing and tax-efficient investment strategies.,Aggressive Growth,"Client assessed as low-to-medium risk. Domestic income and salary align with monthly transactions, but moderate exposure to alternative investments noted.",Full KYC verification completed. Risk assessment and AML checks cleared. Client demonstrates transparency in source of funds and investment objectives.,Yes,Cleared,Low,Low,LI,Com. & Retail,"[{'Stock': 'AAPL', 'Shares Owned': 274, 'Allocation (%)': 14.71}, {'Stock': 'GOOGL', 'Shares Owned': 64, 'Allocation (%)': 33.34}, {'Stock': 'EEM', 'Shares Owned': 185, 'Allocation (%)': 3.07}, {'Stock': 'NFLX', 'Shares Owned': 250, 'Allocation (%)': 31.86}, {'Stock': 'ARKF', 'Shares Owned': 376, 'Allocation (%)': 1.12}, {'Stock': 'TIP', 'Shares Owned': 353, 'Allocation (%)': 7.95}, {'Stock': 'BND', 'Shares Owned': 337, 'Allocation (%)': 3.27}, {'Stock': 'ARKG', 'Shares Owned': 404, 'Allocation (%)': 1.04}, {'Stock': 'INTC', 'Shares Owned': 205, 'Allocation (%)': 2.36}, {'Stock': 'ARKK', 'Shares Owned': 74, 'Allocation (%)': 1.2799999999999874}]",Cynthia Baker, ran a quant hedge fund and achieved financial independence.,UHNWI
Dillon Carr,1974-01-31,CH,Female,Married,Hotel manager,"Castaneda, Sullivan and Allison",29,"57044 Rachel Ferry, Howelltown, IN 48644",266.240.4752x796,qriggs@example.com,Savings,AACV78218071214303,CHF,107805.16,4780.4,824869.92,104387.48,203262.88,2,"['Checking Account', 'Savings Account', 'Investment Account']","Inheritance, Savings, Salary","Client has extensive experience investing in equities, bonds, ETFs, and mutual funds. Demonstrates strong understanding of portfolio diversification and risk management techniques. Has previously invested in alternative assets such as real estate funds and structured products.",Aggressive Growth,"Client assessed as low-to-medium risk. Domestic income and salary align with monthly transactions, but moderate exposure to alternative investments noted.",All identification documents verified. Employment and income confirmed via supporting documents. PEP check cleared. Sanctions screening completed. AML risk is low. No discrepancies found during due diligence.,Yes,Cleared,High,Low,LI,RM serviced PB,"[{'Stock': 'Volkswagen', 'Shares Owned': 293, 'Allocation (%)': 22.6}, {'Stock': 'TIP', 'Shares Owned': 309, 'Allocation (%)': 4.0}, {'Stock': 'EEM', 'Shares Owned': 165, 'Allocation (%)': 43.42}, {'Stock': 'GE', 'Shares Owned': 155, 'Allocation (%)': 12.35}, {'Stock': 'Roche', 'Shares Owned': 416, 'Allocation (%)': 3.82}, {'Stock': 'BA', 'Shares Owned': 16, 'Allocation (%)': 8.34}, {'Stock': 'CVX', 'Shares Owned': 205, 'Allocation (%)': 1.26}, {'Stock': 'CAT', 'Shares Owned': 43, 'Allocation (%)': 1.42}, {'Stock': 'ARKG', 'Shares Owned': 351, 'Allocation (%)': 1.68}, {'Stock': 'TSLA', 'Shares Owned': 16, 'Allocation (%)': 1.1100000000000028}]",Mary Greene, ran a quant hedge fund and became a mentor.,Non-Affluent
Derek Hart,1967-05-16,LI,Female,Divorced,Personnel officer,Castillo Group,10,"4163 Melendez Roads Apt. 322, Mcknightfort, LA 16786",679-689-8998x96312,alicia54@example.com,Checking,OAVM94480318979917,CHF,113894.56,6243.08,310012.68,44563.12,245426.28,1,['Savings Account'],"Salary, Real Estate, Capital Gains","Client is highly knowledgeable about derivatives, structured products, and alternative investment vehicles. Experience includes cryptocurrency investments and international equities. Understands hedging and leverage strategies.",Capital Preservation,Client assessed as medium-risk. Some international investments noted. Transactions slightly higher than expected for profile but consistent with disclosed sources of wealth.,All identification documents verified. Employment and income confirmed via supporting documents. PEP check cleared. Sanctions screening completed. AML risk is low. No discrepancies found during due diligence.,Yes,Cleared,Medium,Medium,SG,RM serviced PB,"[{'Stock': 'ARKQ', 'Shares Owned': 55, 'Allocation (%)': 5.57}, {'Stock': 'INTC', 'Shares Owned': 202, 'Allocation (%)': 19.65}, {'Stock': 'ADA', 'Shares Owned': 495, 'Allocation (%)': 15.34}, {'Stock': 'XOM', 'Shares Owned': 167, 'Allocation (%)': 45.71}, {'Stock': 'MSFT', 'Shares Owned': 477, 'Allocation (%)': 5.62}, {'Stock': 'NEE', 'Shares Owned': 42, 'Allocation (%)': 2.32}, {'Stock': 'ARKK', 'Shares Owned': 236, 'Allocation (%)': 1.05}, {'Stock': 'ARKF', 'Shares Owned': 335, 'Allocation (%)': 1.66}, {'Stock': 'SPY', 'Shares Owned': 482, 'Allocation (%)': 1.75}, {'Stock': 'NVDA', 'Shares Owned': 22, 'Allocation (%)': 1.3299999999999956}]",Arthur Elliott, built a fintech startup and retired early.,Non-Affluent
Christopher Hudson,1970-10-15,CH,Female,Married,Fast food restaurant manager,Patterson and Sons,9,"61386 Jose Harbor Suite 587, South Anthonyshire, NH 26808",(954)746-8436,campbellmichael@example.net,Savings,EHNO77788840148610,CHF,64549.0,5077.56,1113893.72,212962.4,143355.56,3,['Savings Account'],"Inheritance, Savings, Salary","Client is highly knowledgeable about derivatives, structured products, and alternative investment vehicles. Experience includes cryptocurrency investments and international equities. Understands hedging and leverage strategies.",Capital Preservation,Client assessed as medium-risk. Some international investments noted. Transactions slightly higher than expected for profile but consistent with disclosed sources of wealth.,All identification documents verified. Employment and income confirmed via supporting documents. PEP check cleared. Sanctions screening completed. AML risk is low. No discrepancies found during due diligence.,No,Cleared,Low,Medium,CH,RM serviced PB,"[{'Stock': 'EFA', 'Shares Owned': 418, 'Allocation (%)': 61.89}, {'Stock': 'ADBE', 'Shares Owned': 175, 'Allocation (%)': 9.58}, {'Stock': 'Volkswagen', 'Shares Owned': 353, 'Allocation (%)': 21.05}, {'Stock': 'SPY', 'Shares Owned': 384, 'Allocation (%)': 1.27}, {'Stock': 'GLD', 'Shares Owned': 317, 'Allocation (%)': 1.15}, {'Stock': 'AGG', 'Shares Owned': 144, 'Allocation (%)': 1.01}, {'Stock': 'ARKF', 'Shares Owned': 450, 'Allocation (%)': 1.04}, {'Stock': 'SOL', 'Shares Owned': 435, 'Allocation (%)': 1.01}, {'Stock': 'TIP', 'Shares Owned': 141, 'Allocation (%)': 1.0}, {'Stock': 'NEE', 'Shares Owned': 487, 'Allocation (%)': 1.0000000000000009}]",Cynthia Baker, focused on real estate and keeps growing steadily.,Affluent
Angela Mooney,2000-04-07,DE,Male,Divorced,English as a second language teacher,"Compton, Tyler and Waters",6,"315 Evelyn Squares, Normanfort, WI 57381",+1-961-997-8307,lisafranco@example.org,Savings,QCZN22586748242124,CHF,82062.4,756.84,602731.6,155074.0,119131.24,3,"['Checking Account', 'Savings Account']","Business Income, Investments","Client has moderate knowledge of financial markets, primarily investing in mutual funds and fixed income securities. Familiar with basic risk-return tradeoffs and market volatility, but prefers conservative investment strategies.",Capital Preservation,Client assessed as medium-risk. Some international investments noted. Transactions slightly higher than expected for profile but consistent with disclosed sources of wealth.,All identification documents verified. Employment and income confirmed via supporting documents. PEP check cleared. Sanctions screening completed. AML risk is low. No discrepancies found during due diligence.,Yes,Cleared,Low,High,CH,EAM,"[{'Stock': 'AGG', 'Shares Owned': 227, 'Allocation (%)': 63.68}, {'Stock': 'QQQ', 'Shares Owned': 303, 'Allocation (%)': 7.06}, {'Stock': 'BND', 'Shares Owned': 37, 'Allocation (%)': 7.77}, {'Stock': 'MSFT', 'Shares Owned': 193, 'Allocation (%)': 12.17}, {'Stock': 'GOOGL', 'Shares Owned': 358, 'Allocation (%)': 1.8}, {'Stock': 'TSLA', 'Shares Owned': 463, 'Allocation (%)': 2.34}, {'Stock': 'EFA', 'Shares Owned': 13, 'Allocation (%)': 1.01}, {'Stock': 'ARKG', 'Shares Owned': 37, 'Allocation (%)': 1.15}, {'Stock': 'ADBE', 'Shares Owned': 219, 'Allocation (%)': 1.36}, {'Stock': 'USO', 'Shares Owned': 58, 'Allocation (%)': 1.6600000000000026}]",Mary Greene, ran a quant hedge fund and became a mentor.,Non-Affluent
Jonathan Bennett,1978-03-11,CH,Male,Single,"Scientist, biomedical","Williamson, Johnson and Davis",17,"8297 Cannon Mission Apt. 531, New Alanfort, NM 23959",(856)413-2102x35255,harellano@example.org,Checking,OJYD71592713728204,CHF,67190.8,2953.24,206792.76,243264.56,158371.32,0,"['Checking Account', 'Savings Account', 'Investment Account']","Salary, Real Estate, Capital Gains",Client possesses practical experience in stock markets and ETFs. Has some knowledge of portfolio rebalancing and tax-efficient investment strategies.,Aggressive Growth,Client assessed as medium-risk. Some international investments noted. Transactions slightly higher than expected for profile but consistent with disclosed sources of wealth.,"Documents partially verified. Further verification of employment and income recommended. PEP check cleared, but client flagged for high-value international transactions. Periodic compliance review required.",No,Cleared,Medium,High,CH,RM serviced PB,"[{'Stock': 'EEM', 'Shares Owned': 354, 'Allocation (%)': 55.23}, {'Stock': 'GOOGL', 'Shares Owned': 257, 'Allocation (%)': 24.75}, {'Stock': 'AMZN', 'Shares Owned': 305, 'Allocation (%)': 9.57}, {'Stock': 'SLV', 'Shares Owned': 222, 'Allocation (%)': 3.91}, {'Stock': 'Allianz', 'Shares Owned': 367, 'Allocation (%)': 1.26}, {'Stock': 'BTC', 'Shares Owned': 16, 'Allocation (%)': 1.02}, {'Stock': 'AGG', 'Shares Owned': 476, 'Allocation (%)': 1.09}, {'Stock': 'ARKG', 'Shares Owned': 100, 'Allocation (%)': 1.07}, {'Stock': 'SOL', 'Shares Owned': 335, 'Allocation (%)': 1.07}, {'Stock': 'EFA', 'Shares Owned': 333, 'Allocation (%)': 1.0300000000000031}]",Mary Greene, focused on real estate and achieved financial independence.,UHNWI
Pamela Ford,1967-01-22,DE,Female,Divorced,Statistician,Moore and Sons,24,"856 Powers Pines Apt. 279, Joanport, MO 02790",001-666-262-6563x84906,smithkimberly@example.net,Savings and Investment,BQQD83445185123598,CHF,67209.84,3344.24,1277379.32,49484.28,24407.92,2,"['Savings Account', 'Investment Account']","Inheritance, Savings, Salary",Client possesses practical experience in stock markets and ETFs. Has some knowledge of portfolio rebalancing and tax-efficient investment strategies.,Moderate Growth,Client assessed as medium-risk. Some international investments noted. Transactions slightly higher than expected for profile but consistent with disclosed sources of wealth.,All identification documents verified. Employment and income confirmed via supporting documents. PEP check cleared. Sanctions screening completed. AML risk is low. No discrepancies found during due diligence.,No,Cleared,Medium,High,LI,Com. & Retail,"[{'Stock': 'ARKG', 'Shares Owned': 44, 'Allocation (%)': 20.86}, {'Stock': 'INTC', 'Shares Owned': 429, 'Allocation (%)': 44.07}, {'Stock': 'ARKK', 'Shares Owned': 358, 'Allocation (%)': 18.38}, {'Stock': 'Novartis', 'Shares Owned': 158, 'Allocation (%)': 5.92}, {'Stock': 'VTI', 'Shares Owned': 210, 'Allocation (%)': 2.03}, {'Stock': 'NEE', 'Shares Owned': 330, 'Allocation (%)': 2.67}, {'Stock': 'ADBE', 'Shares Owned': 169, 'Allocation (%)': 1.71}, {'Stock': 'AAPL', 'Shares Owned': 140, 'Allocation (%)': 1.16}, {'Stock': 'MSFT', 'Shares Owned': 22, 'Allocation (%)': 1.03}, {'Stock': 'BA', 'Shares Owned': 122, 'Allocation (%)': 2.1700000000000017}]",Mary Greene, built a fintech startup and achieved financial independence.,UHNWI
Craig Schmitt,1997-07-07,DE,Male,Married,Environmental manager,White Inc,25,"074 Jacob Hills, Lake Ryanside, NM 80140",001-290-508-7329x89647,cbryant@example.org,Savings,YXJQ84242660996023,CHF,107305.36,6776.2,1116209.12,283898.64,94252.08,1,"['Savings Account', 'Investment Account']","Salary, Real Estate, Capital Gains","Client is highly knowledgeable about derivatives, structured products, and alternative investment vehicles. Experience includes cryptocurrency investments and international equities. Understands hedging and leverage strategies.",Capital Preservation,Client assessed as low-risk. Transaction behavior is consistent with reported income. No history of suspicious activity. Domestic and regulated international income sources only.,Verification of ID documents and employment completed. Tax residency confirmed. Client is not on any sanctions or PEP lists. AML monitoring recommended due to international investment exposure.,No,Cleared,Medium,Medium,CH,Com. & Retail,"[{'Stock': 'EEM', 'Shares Owned': 193, 'Allocation (%)': 2.36}, {'Stock': 'AMZN', 'Shares Owned': 471, 'Allocation (%)': 27.83}, {'Stock': 'ETH', 'Shares Owned': 182, 'Allocation (%)': 14.82}, {'Stock': 'SOL', 'Shares Owned': 379, 'Allocation (%)': 36.94}, {'Stock': 'NEE', 'Shares Owned': 87, 'Allocation (%)': 13.05}, {'Stock': 'TSLA', 'Shares Owned': 259, 'Allocation (%)': 1.0}, {'Stock': 'GOOGL', 'Shares Owned': 397, 'Allocation (%)': 1.0}, {'Stock': 'CAT', 'Shares Owned': 19, 'Allocation (%)': 1.0}, {'Stock': 'XOM', 'Shares Owned': 75, 'Allocation (%)': 1.0}, {'Stock': 'NFLX', 'Shares Owned': 450, 'Allocation (%)': 1.0000000000000036}]",Arthur Elliott, ran a quant hedge fund and became a mentor.,UHNWI
Amy Watts,1987-04-04,LI,Female,Married,English as a second language teacher,Brown-Gordon,15,"88783 Harrison Plaza, New Carmen, MI 94660",(281)208-0426,jonathan70@example.com,Savings,UHRJ78137347790451,CHF,118428.12,4197.64,952164.56,302308.96,81622.44,0,"['Savings Account', 'Investment Account']","Inheritance, Savings, Salary","Client is highly knowledgeable about derivatives, structured products, and alternative investment vehicles. Experience includes cryptocurrency investments and international equities. Understands hedging and leverage strategies.",Capital Preservation,Client assessed as medium-risk. Some international investments noted. Transactions slightly higher than expected for profile but consistent with disclosed sources of wealth.,All identification documents verified. Employment and income confirmed via supporting documents. PEP check cleared. Sanctions screening completed. AML risk is low. No discrepancies found during due diligence.,No,Cleared,Medium,High,CH,EAM,"[{'Stock': 'NEE', 'Shares Owned': 449, 'Allocation (%)': 14.32}, {'Stock': 'ETH', 'Shares Owned': 223, 'Allocation (%)': 71.89}, {'Stock': 'SLV', 'Shares Owned': 74, 'Allocation (%)': 1.99}, {'Stock': 'GE', 'Shares Owned': 185, 'Allocation (%)': 1.76}, {'Stock': 'Siemens', 'Shares Owned': 419, 'Allocation (%)': 1.73}, {'Stock': 'SPY', 'Shares Owned': 243, 'Allocation (%)': 4.08}, {'Stock': 'BA', 'Shares Owned': 17, 'Allocation (%)': 1.0}, {'Stock': 'SAP', 'Shares Owned': 295, 'Allocation (%)': 1.08}, {'Stock': 'EEM', 'Shares Owned': 91, 'Allocation (%)': 1.0}, {'Stock': 'CAT', 'Shares Owned': 419, 'Allocation (%)': 1.1500000000000057}]",Cynthia Baker, invested early in tech stocks and became a mentor.,UHNWI
Lindsey Rodriguez,1992-06-09,LI,Female,Widowed,Records manager,"Wallace, Peterson and Gomez",14,"6781 Michael Corner Apt. 675, New Ericafort, IL 11071",3848347301,ronaldholt@example.com,Checking,JCNF65012273504112,CHF,64272.92,4027.64,540286.52,207485.0,159077.84,1,"['Checking Account', 'Savings Account']","Inheritance, Savings, Salary",Client possesses practical experience in stock markets and ETFs. Has some knowledge of portfolio rebalancing and tax-efficient investment strategies.,Capital Preservation,Client assessed as high-risk due to high-value international transactions and exposure to high-volatility assets. Requires enhanced monitoring and periodic review.,"Documents partially verified. Further verification of employment and income recommended. PEP check cleared, but client flagged for high-value international transactions. Periodic compliance review required.",Yes,Cleared,Low,High,SG,RM serviced PB,"[{'Stock': 'ARKQ', 'Shares Owned': 106, 'Allocation (%)': 38.19}, {'Stock': 'GLD', 'Shares Owned': 110, 'Allocation (%)': 19.25}, {'Stock': 'Roche', 'Shares Owned': 301, 'Allocation (%)': 35.44}, {'Stock': 'USO', 'Shares Owned': 477, 'Allocation (%)': 1.08}, {'Stock': 'SPY', 'Shares Owned': 46, 'Allocation (%)': 1.03}, {'Stock': 'Novartis', 'Shares Owned': 474, 'Allocation (%)': 1.0}, {'Stock': 'VTI', 'Shares Owned': 111, 'Allocation (%)': 1.0}, {'Stock': 'ADA', 'Shares Owned': 176, 'Allocation (%)': 1.01}, {'Stock': 'Volkswagen', 'Shares Owned': 207, 'Allocation (%)': 1.0}, {'Stock': 'NEE', 'Shares Owned': 139, 'Allocation (%)': 1.0000000000000044}]",Mary Greene, bet big on crypto and retired early.,Non-Affluent
Bradley Flores,1972-04-20,LI,Female,Married,Herbalist,Gonzalez-Scott,24,"05948 Becky Mountain, Louismouth, OH 57778",001-472-957-8396,martinchristopher@example.net,Savings,DKTI91542020803460,CHF,124788.16,1351.16,1287149.56,168284.36,80022.4,1,"['Checking Account', 'Savings Account']","Salary, Real Estate, Capital Gains",Client possesses practical experience in stock markets and ETFs. Has some knowledge of portfolio rebalancing and tax-efficient investment strategies.,Income Generation,Client assessed as low-risk. Transaction behavior is consistent with reported income. No history of suspicious activity. Domestic and regulated international income sources only.,Full KYC verification completed. Risk assessment and AML checks cleared. Client demonstrates transparency in source of funds and investment objectives.,No,Cleared,High,Low,LU,EAM,"[{'Stock': 'MSFT', 'Shares Owned': 411, 'Allocation (%)': 18.78}, {'Stock': 'TIP', 'Shares Owned': 27, 'Allocation (%)': 15.45}, {'Stock': 'ADBE', 'Shares Owned': 288, 'Allocation (%)': 18.19}, {'Stock': 'EEM', 'Shares Owned': 344, 'Allocation (%)': 17.84}, {'Stock': 'Novartis', 'Shares Owned': 365, 'Allocation (%)': 7.91}, {'Stock': 'EFA', 'Shares Owned': 123, 'Allocation (%)': 7.18}, {'Stock': 'ARKQ', 'Shares Owned': 304, 'Allocation (%)': 4.3}, {'Stock': 'ARKK', 'Shares Owned': 77, 'Allocation (%)': 6.26}, {'Stock': 'USO', 'Shares Owned': 19, 'Allocation (%)': 2.96}, {'Stock': 'SAP', 'Shares Owned': 176, 'Allocation (%)': 1.1299999999999981}]",Arthur Elliott, launched a coffee chain and retired early.,Affluent
Jennifer Johnson,1971-06-03,DE,Female,Widowed,Broadcast presenter,Marshall-Bates,20,"4757 Mueller Roads Apt. 461, Lake Susan, IN 61777",+1-654-580-5723x0631,pmoore@example.net,Savings,LGEA92391891076079,CHF,130363.48,3578.84,1127533.84,121334.44,252729.48,3,"['Checking Account', 'Savings Account', 'Investment Account']","Inheritance, Savings, Salary","Client is highly knowledgeable about derivatives, structured products, and alternative investment vehicles. Experience includes cryptocurrency investments and international equities. Understands hedging and leverage strategies.",Capital Preservation,Client assessed as low-risk. Transaction behavior is consistent with reported income. No history of suspicious activity. Domestic and regulated international income sources only.,"Documents partially verified. Further verification of employment and income recommended. PEP check cleared, but client flagged for high-value international transactions. Periodic compliance review required.",No,Cleared,Medium,Medium,BVI,RM serviced PB,"[{'Stock': 'NFLX', 'Shares Owned': 416, 'Allocation (%)': 45.12}, {'Stock': 'SPY', 'Shares Owned': 432, 'Allocation (%)': 9.07}, {'Stock': 'AGG', 'Shares Owned': 296, 'Allocation (%)': 5.96}, {'Stock': 'INTC', 'Shares Owned': 38, 'Allocation (%)': 11.21}, {'Stock': 'Volkswagen', 'Shares Owned': 128, 'Allocation (%)': 11.84}, {'Stock': 'SAP', 'Shares Owned': 426, 'Allocation (%)': 7.95}, {'Stock': 'EFA', 'Shares Owned': 323, 'Allocation (%)': 5.34}, {'Stock': 'Siemens', 'Shares Owned': 477, 'Allocation (%)': 1.08}, {'Stock': 'NVDA', 'Shares Owned': 267, 'Allocation (%)': 1.05}, {'Stock': 'META', 'Shares Owned': 265, 'Allocation (%)': 1.3800000000000014}]",Cynthia Baker, invested early in tech stocks and lives quietly by the sea.,Non-Affluent
Crystal Hernandez,1979-08-30,DE,Male,Divorced,Minerals surveyor,"Nichols, Green and Gill",9,"7821 Randall Locks Apt. 578, East Juliamouth, TN 25806",+1-554-711-9827x9380,matthewglover@example.net,Savings,DFWB29216302475527,CHF,127060.04,1763.24,1064191.84,304487.68,86165.52,3,"['Savings Account', 'Investment Account']","Inheritance, Savings, Salary","Client has extensive experience investing in equities, bonds, ETFs, and mutual funds. Demonstrates strong understanding of portfolio diversification and risk management techniques. Has previously invested in alternative assets such as real estate funds and structured products.",Moderate Growth,Client assessed as low-risk. Transaction behavior is consistent with reported income. No history of suspicious activity. Domestic and regulated international income sources only.,Full KYC verification completed. Risk assessment and AML checks cleared. Client demonstrates transparency in source of funds and investment objectives.,Yes,Cleared,High,Medium,LI,Com. & Retail,"[{'Stock': 'AGG', 'Shares Owned': 227, 'Allocation (%)': 71.07}, {'Stock': 'GLD', 'Shares Owned': 257, 'Allocation (%)': 3.69}, {'Stock': 'ARKG', 'Shares Owned': 342, 'Allocation (%)': 10.6}, {'Stock': 'SAP', 'Shares Owned': 356, 'Allocation (%)': 5.94}, {'Stock': 'SPY', 'Shares Owned': 136, 'Allocation (%)': 2.64}, {'Stock': 'Siemens', 'Shares Owned': 497, 'Allocation (%)': 1.77}, {'Stock': 'ARKK', 'Shares Owned': 435, 'Allocation (%)': 1.01}, {'Stock': 'Allianz', 'Shares Owned': 182, 'Allocation (%)': 1.25}, {'Stock': 'USO', 'Shares Owned': 461, 'Allocation (%)': 1.03}, {'Stock': 'Novartis', 'Shares Owned': 54, 'Allocation (%)': 1.0000000000000064}]",Arthur Elliott, focused on real estate and achieved financial independence.,Non-Affluent
William Fry,1978-05-25,LI,Female,Widowed,"Solicitor, Scotland",Vasquez Ltd,11,"Unit 6571 Box 3844, DPO AP 11656",448.364.2289x18715,vwagner@example.com,Savings,YDIC41544694334674,CHF,119931.6,1366.8,393310.64,72814.4,212503.4,1,"['Checking Account', 'Savings Account']","Inheritance, Savings, Salary","Client has moderate knowledge of financial markets, primarily investing in mutual funds and fixed income securities. Familiar with basic risk-return tradeoffs and market volatility, but prefers conservative investment strategies.",Income Generation,"Client assessed as low-to-medium risk. Domestic income and salary align with monthly transactions, but moderate exposure to alternative investments noted.",Verification of ID documents and employment completed. Tax residency confirmed. Client is not on any sanctions or PEP lists. AML monitoring recommended due to international investment exposure.,No,Cleared,Low,High,LI,EAM,"[{'Stock': 'LVMH', 'Shares Owned': 426, 'Allocation (%)': 41.78}, {'Stock': 'INTC', 'Shares Owned': 73, 'Allocation (%)': 47.31}, {'Stock': 'CAT', 'Shares Owned': 281, 'Allocation (%)': 3.76}, {'Stock': 'NEE', 'Shares Owned': 367, 'Allocation (%)': 1.07}, {'Stock': 'USO', 'Shares Owned': 51, 'Allocation (%)': 1.04}, {'Stock': 'TIP', 'Shares Owned': 269, 'Allocation (%)': 1.0}, {'Stock': 'NFLX', 'Shares Owned': 11, 'Allocation (%)': 1.01}, {'Stock': 'ADBE', 'Shares Owned': 115, 'Allocation (%)': 1.01}, {'Stock': 'Roche', 'Shares Owned': 460, 'Allocation (%)': 1.01}, {'Stock': 'SAP', 'Shares Owned': 346, 'Allocation (%)': 1.009999999999997}]",Mary Greene, focused on real estate and became a mentor.,Affluent
Edward Moore,1993-01-07,CH,Female,Divorced,Sports therapist,Joyce PLC,23,"771 Ray Orchard Suite 718, Simonville, NV 72012",001-530-459-8551x0656,mcintyrejonathan@example.net,Checking,QRNX70688396846937,CHF,125417.16,1832.6,238248.88,263398.68,77112.0,0,['Savings Account'],"Inheritance, Savings, Salary","Client is highly knowledgeable about derivatives, structured products, and alternative investment vehicles. Experience includes cryptocurrency investments and international equities. Understands hedging and leverage strategies.",Income Generation,Client assessed as medium-risk. Some international investments noted. Transactions slightly higher than expected for profile but consistent with disclosed sources of wealth.,"Documents partially verified. Further verification of employment and income recommended. PEP check cleared, but client flagged for high-value international transactions. Periodic compliance review required.",Yes,Cleared,Low,High,SG,RM serviced PB,"[{'Stock': 'EEM', 'Shares Owned': 52, 'Allocation (%)': 83.56}, {'Stock': 'CVX', 'Shares Owned': 161, 'Allocation (%)': 7.78}, {'Stock': 'QQQ', 'Shares Owned': 73, 'Allocation (%)': 1.32}, {'Stock': 'ARKF', 'Shares Owned': 498, 'Allocation (%)': 1.08}, {'Stock': 'ADA', 'Shares Owned': 273, 'Allocation (%)': 1.26}, {'Stock': 'Siemens', 'Shares Owned': 92, 'Allocation (%)': 1.0}, {'Stock': 'VTI', 'Shares Owned': 262, 'Allocation (%)': 1.0}, {'Stock': 'NEE', 'Shares Owned': 87, 'Allocation (%)': 1.0}, {'Stock': 'SLV', 'Shares Owned': 302, 'Allocation (%)': 1.0}, {'Stock': 'GOOGL', 'Shares Owned': 425, 'Allocation (%)': 0.9999999999999964}]",Mary Greene, launched a coffee chain and lives quietly by the sea.,UHNWI
Susan Watson,1969-11-22,DE,Male,Single,"Teacher, secondary school",Hopkins-Pearson,22,"22029 Troy Mills, Erinfurt, MH 69071",522-905-7347,tmartin@example.org,Savings,KUBB83740610527687,CHF,111870.2,1717.68,149589.12,68405.28,169663.4,2,"['Checking Account', 'Savings Account']","Inheritance, Savings, Salary","Client is highly knowledgeable about derivatives, structured products, and alternative investment vehicles. Experience includes cryptocurrency investments and international equities. Understands hedging and leverage strategies.",Capital Preservation,Client assessed as low-risk. Transaction behavior is consistent with reported income. No history of suspicious activity. Domestic and regulated international income sources only.,Verification of ID documents and employment completed. Tax residency confirmed. Client is not on any sanctions or PEP lists. AML monitoring recommended due to international investment exposure.,Yes,Cleared,Medium,Medium,LU,RM serviced PB,"[{'Stock': 'EFA', 'Shares Owned': 286, 'Allocation (%)': 78.46}, {'Stock': 'LVMH', 'Shares Owned': 306, 'Allocation (%)': 2.81}, {'Stock': 'Roche', 'Shares Owned': 473, 'Allocation (%)': 3.73}, {'Stock': 'AGG', 'Shares Owned': 38, 'Allocation (%)': 7.72}, {'Stock': 'NEE', 'Shares Owned': 141, 'Allocation (%)': 1.24}, {'Stock': 'Novartis', 'Shares Owned': 63, 'Allocation (%)': 1.82}, {'Stock': 'GLD', 'Shares Owned': 130, 'Allocation (%)': 1.13}, {'Stock': 'NFLX', 'Shares Owned': 230, 'Allocation (%)': 1.05}, {'Stock': 'Allianz', 'Shares Owned': 116, 'Allocation (%)': 1.02}, {'Stock': 'META', 'Shares Owned': 156, 'Allocation (%)': 1.0200000000000071}]",Cynthia Baker, built a fintech startup and retired early.,UHNWI
Olivia Mathews,1997-02-07,CH,Female,Divorced,"Editor, magazine features",Gutierrez LLC,9,"555 Perez Trafficway, Edwinfort, MI 00698",+1-494-322-8667x88585,englishmark@example.com,Savings and Investment,RSGC32096736951129,CHF,98924.36,4125.56,795830.52,293420.68,263165.44,1,"['Checking Account', 'Savings Account']","Salary, Real Estate, Capital Gains","Client has moderate knowledge of financial markets, primarily investing in mutual funds and fixed income securities. Familiar with basic risk-return tradeoffs and market volatility, but prefers conservative investment strategies.",Income Generation,Client assessed as low-risk. Transaction behavior is consistent with reported income. No history of suspicious activity. Domestic and regulated international income sources only.,Full KYC verification completed. Risk assessment and AML checks cleared. Client demonstrates transparency in source of funds and investment objectives.,No,Cleared,High,High,LU,Com. & Retail,"[{'Stock': 'Siemens', 'Shares Owned': 156, 'Allocation (%)': 2.27}, {'Stock': 'GOOGL', 'Shares Owned': 382, 'Allocation (%)': 70.98}, {'Stock': 'EEM', 'Shares Owned': 257, 'Allocation (%)': 11.05}, {'Stock': 'CVX', 'Shares Owned': 37, 'Allocation (%)': 6.8}, {'Stock': 'SOL', 'Shares Owned': 36, 'Allocation (%)': 2.17}, {'Stock': 'META', 'Shares Owned': 90, 'Allocation (%)': 1.97}, {'Stock': 'BASF', 'Shares Owned': 269, 'Allocation (%)': 1.1}, {'Stock': 'GE', 'Shares Owned': 303, 'Allocation (%)': 1.43}, {'Stock': 'Volkswagen', 'Shares Owned': 39, 'Allocation (%)': 1.02}, {'Stock': 'NVDA', 'Shares Owned': 468, 'Allocation (%)': 1.2099999999999986}]",Cynthia Baker, focused on real estate but lost it all in a crash.,Affluent
Samuel Ramos,1980-04-11,DE,Female,Married,Outdoor activities/education manager,Harrison PLC,18,"7165 Wilson Lock, East Elizabethborough, KY 13971",001-764-866-1075x1594,oneillchelsea@example.net,Savings and Investment,DBDX48665027003820,CHF,65075.32,6026.16,452981.32,325449.36,24887.32,2,['Savings Account'],"Business Income, Investments","Client is highly knowledgeable about derivatives, structured products, and alternative investment vehicles. Experience includes cryptocurrency investments and international equities. Understands hedging and leverage strategies.",Capital Preservation,Client assessed as medium-risk. Some international investments noted. Transactions slightly higher than expected for profile but consistent with disclosed sources of wealth.,"Documents partially verified. Further verification of employment and income recommended. PEP check cleared, but client flagged for high-value international transactions. Periodic compliance review required.",No,Cleared,High,High,LI,EAM,"[{'Stock': 'Novartis', 'Shares Owned': 350, 'Allocation (%)': 37.11}, {'Stock': 'SAP', 'Shares Owned': 187, 'Allocation (%)': 12.98}, {'Stock': 'ETH', 'Shares Owned': 331, 'Allocation (%)': 4.16}, {'Stock': 'GE', 'Shares Owned': 422, 'Allocation (%)': 2.73}, {'Stock': 'GOOGL', 'Shares Owned': 416, 'Allocation (%)': 33.7}, {'Stock': 'USO', 'Shares Owned': 220, 'Allocation (%)': 4.61}, {'Stock': 'TSLA', 'Shares Owned': 16, 'Allocation (%)': 1.13}, {'Stock': 'Volkswagen', 'Shares Owned': 313, 'Allocation (%)': 1.42}, {'Stock': 'EEM', 'Shares Owned': 184, 'Allocation (%)': 1.04}, {'Stock': 'TIP', 'Shares Owned': 211, 'Allocation (%)': 1.12}]",Arthur Elliott, bet big on crypto and became a mentor.,Affluent
Daniel Petersen,1983-05-30,LI,Male,Married,Professor Emeritus,Contreras-Morgan,29,"881 Ashley Estate Suite 980, Roachland, HI 28327",+1-282-612-9041x003,stephanie54@example.net,Savings,BXYK51761384609853,CHF,73336.64,4073.88,996378.16,230301.72,114249.52,3,"['Checking Account', 'Savings Account']","Salary, Real Estate, Capital Gains","Client is highly knowledgeable about derivatives, structured products, and alternative investment vehicles. Experience includes cryptocurrency investments and international equities. Understands hedging and leverage strategies.",Capital Preservation,Client assessed as high-risk due to high-value international transactions and exposure to high-volatility assets. Requires enhanced monitoring and periodic review.,Full KYC verification completed. Risk assessment and AML checks cleared. Client demonstrates transparency in source of funds and investment objectives.,Yes,Cleared,Medium,High,CH,Com. & Retail,"[{'Stock': 'GE', 'Shares Owned': 113, 'Allocation (%)': 26.06}, {'Stock': 'INTC', 'Shares Owned': 122, 'Allocation (%)': 31.14}, {'Stock': 'NFLX', 'Shares Owned': 284, 'Allocation (%)': 10.87}, {'Stock': 'BA', 'Shares Owned': 184, 'Allocation (%)': 21.93}, {'Stock': 'ETH', 'Shares Owned': 85, 'Allocation (%)': 1.62}, {'Stock': 'TIP', 'Shares Owned': 191, 'Allocation (%)': 2.65}, {'Stock': 'Roche', 'Shares Owned': 29, 'Allocation (%)': 1.39}, {'Stock': 'GOOGL', 'Shares Owned': 336, 'Allocation (%)': 2.33}, {'Stock': 'VTI', 'Shares Owned': 250, 'Allocation (%)': 1.0}, {'Stock': 'CAT', 'Shares Owned': 474, 'Allocation (%)': 1.009999999999999}]",Mary Greene, invested early in tech stocks and achieved financial independence.,UHNWI
Rachel Johnson,1979-12-06,CH,Male,Single,Retail manager,"Hernandez, Anderson and Walker",4,"Unit 5112 Box 8658, DPO AE 70724",(696)332-0539,elizabeth90@example.com,Savings,PLMU22788172599013,CHF,115308.96,3240.88,1147867.88,159316.52,107843.92,2,"['Checking Account', 'Savings Account', 'Investment Account']","Inheritance, Savings, Salary","Client has extensive experience investing in equities, bonds, ETFs, and mutual funds. Demonstrates strong understanding of portfolio diversification and risk management techniques. Has previously invested in alternative assets such as real estate funds and structured products.",Aggressive Growth,Client assessed as high-risk due to high-value international transactions and exposure to high-volatility assets. Requires enhanced monitoring and periodic review.,Full KYC verification completed. Risk assessment and AML checks cleared. Client demonstrates transparency in source of funds and investment objectives.,Yes,Cleared,Low,Low,LI,Com. & Retail,"[{'Stock': 'ARKQ', 'Shares Owned': 353, 'Allocation (%)': 24.04}, {'Stock': 'LVMH', 'Shares Owned': 179, 'Allocation (%)': 33.95}, {'Stock': 'Allianz', 'Shares Owned': 455, 'Allocation (%)': 31.27}, {'Stock': 'EFA', 'Shares Owned': 297, 'Allocation (%)': 3.32}, {'Stock': 'ADBE', 'Shares Owned': 271, 'Allocation (%)': 1.79}, {'Stock': 'Volkswagen', 'Shares Owned': 172, 'Allocation (%)': 1.51}, {'Stock': 'ARKK', 'Shares Owned': 196, 'Allocation (%)': 1.04}, {'Stock': 'Roche', 'Shares Owned': 438, 'Allocation (%)': 1.03}, {'Stock': 'AGG', 'Shares Owned': 82, 'Allocation (%)': 1.01}, {'Stock': 'XOM', 'Shares Owned': 499, 'Allocation (%)': 1.0400000000000051}]",Arthur Elliott, launched a coffee chain and retired early.,Non-Affluent
Nicole Johnson,1973-04-12,DE,Female,Married,Brewing technologist,Erickson Group,14,"210 Hanson Fort, Brianfort, RI 57144",(927)378-5179x233,davidhendrix@example.com,Checking,JDBI93386603171145,CHF,127139.6,2430.32,1020442.0,239991.72,208018.8,3,['Savings Account'],"Salary, Rental Income, Stock Investments","Client is highly knowledgeable about derivatives, structured products, and alternative investment vehicles. Experience includes cryptocurrency investments and international equities. Understands hedging and leverage strategies.",Income Generation,Client assessed as medium-risk. Some international investments noted. Transactions slightly higher than expected for profile but consistent with disclosed sources of wealth.,All identification documents verified. Employment and income confirmed via supporting documents. PEP check cleared. Sanctions screening completed. AML risk is low. No discrepancies found during due diligence.,No,Cleared,Medium,Medium,LI,EAM,"[{'Stock': 'GLD', 'Shares Owned': 10, 'Allocation (%)': 45.03}, {'Stock': 'ARKQ', 'Shares Owned': 141, 'Allocation (%)': 1.22}, {'Stock': 'XOM', 'Shares Owned': 162, 'Allocation (%)': 21.48}, {'Stock': 'QQQ', 'Shares Owned': 414, 'Allocation (%)': 9.81}, {'Stock': 'GE', 'Shares Owned': 28, 'Allocation (%)': 8.9}, {'Stock': 'BTC', 'Shares Owned': 233, 'Allocation (%)': 3.23}, {'Stock': 'CAT', 'Shares Owned': 438, 'Allocation (%)': 3.79}, {'Stock': 'SLV', 'Shares Owned': 479, 'Allocation (%)': 2.62}, {'Stock': 'ARKG', 'Shares Owned': 30, 'Allocation (%)': 1.61}, {'Stock': 'SPY', 'Shares Owned': 418, 'Allocation (%)': 2.3099999999999925}]",Mary Greene, bet big on crypto and achieved financial independence.,UHNWI
David Johnson DDS,1977-12-11,CH,Female,Single,Museum/gallery curator,"White, Nelson and Johnston",21,"051 Sandra Trace Suite 813, West Bethland, HI 60446",(792)793-9364,randall15@example.org,Checking,KHSD51237463278394,CHF,90474.68,3904.56,932921.24,246931.12,174568.92,0,"['Checking Account', 'Savings Account', 'Investment Account']","Business Income, Investments","Client is highly knowledgeable about derivatives, structured products, and alternative investment vehicles. Experience includes cryptocurrency investments and international equities. Understands hedging and leverage strategies.",Income Generation,Client assessed as high-risk due to high-value international transactions and exposure to high-volatility assets. Requires enhanced monitoring and periodic review.,"Documents partially verified. Further verification of employment and income recommended. PEP check cleared, but client flagged for high-value international transactions. Periodic compliance review required.",No,Cleared,Low,Medium,BVI,Com. & Retail,"[{'Stock': 'AGG', 'Shares Owned': 339, 'Allocation (%)': 85.6}, {'Stock': 'SOL', 'Shares Owned': 145, 'Allocation (%)': 5.07}, {'Stock': 'TIP', 'Shares Owned': 61, 'Allocation (%)': 1.24}, {'Stock': 'ARKF', 'Shares Owned': 467, 'Allocation (%)': 1.42}, {'Stock': 'TSLA', 'Shares Owned': 28, 'Allocation (%)': 1.48}, {'Stock': 'AMZN', 'Shares Owned': 127, 'Allocation (%)': 1.08}, {'Stock': 'SPY', 'Shares Owned': 218, 'Allocation (%)': 1.07}, {'Stock': 'BASF', 'Shares Owned': 426, 'Allocation (%)': 1.03}, {'Stock': 'Allianz', 'Shares Owned': 119, 'Allocation (%)': 1.0}, {'Stock': 'AAPL', 'Shares Owned': 459, 'Allocation (%)': 1.0100000000000042}]",Arthur Elliott, bet big on crypto and achieved financial independence.,UHNWI
Jonathan Frazier,1975-01-24,LI,Male,Widowed,Paramedic,"Chan, Yoder and Chapman",10,"865 Choi Mission Apt. 147, North Jessica, DC 10092",7013159483,woodcarol@example.net,Savings,DTCQ44803532054236,CHF,73427.76,5435.24,1092878.32,79621.2,153785.4,2,"['Savings Account', 'Investment Account']","Salary, Real Estate, Capital Gains","Client is highly knowledgeable about derivatives, structured products, and alternative investment vehicles. Experience includes cryptocurrency investments and international equities. Understands hedging and leverage strategies.",Capital Preservation,Client assessed as high-risk due to high-value international transactions and exposure to high-volatility assets. Requires enhanced monitoring and periodic review.,"Documents partially verified. Further verification of employment and income recommended. PEP check cleared, but client flagged for high-value international transactions. Periodic compliance review required.",Yes,Cleared,Low,Medium,BVI,EAM,"[{'Stock': 'CAT', 'Shares Owned': 21, 'Allocation (%)': 60.11}, {'Stock': 'XOM', 'Shares Owned': 249, 'Allocation (%)': 12.55}, {'Stock': 'NVDA', 'Shares Owned': 465, 'Allocation (%)': 16.16}, {'Stock': 'ETH', 'Shares Owned': 274, 'Allocation (%)': 5.13}, {'Stock': 'ARKF', 'Shares Owned': 145, 'Allocation (%)': 1.04}, {'Stock': 'VTI', 'Shares Owned': 47, 'Allocation (%)': 1.0}, {'Stock': 'Allianz', 'Shares Owned': 379, 'Allocation (%)': 1.01}, {'Stock': 'SAP', 'Shares Owned': 142, 'Allocation (%)': 1.0}, {'Stock': 'AGG', 'Shares Owned': 178, 'Allocation (%)': 1.0}, {'Stock': 'BND', 'Shares Owned': 40, 'Allocation (%)': 1.0}]",Mary Greene, ran a quant hedge fund and achieved financial independence.,Non-Affluent
Michele Miller,1983-05-14,CH,Male,Widowed,"Therapist, nutritional","Mercado, Baker and Figueroa",9,"388 Erika Manor, Garrettshire, OR 65676",9147128920,ypatel@example.com,Savings,JXDY01246822567138,CHF,82592.12,1735.36,1118653.04,262922.0,245821.36,3,"['Savings Account', 'Investment Account']","Business Income, Investments","Client is highly knowledgeable about derivatives, structured products, and alternative investment vehicles. Experience includes cryptocurrency investments and international equities. Understands hedging and leverage strategies.",Moderate Growth,"Client assessed as low-to-medium risk. Domestic income and salary align with monthly transactions, but moderate exposure to alternative investments noted.",Verification of ID documents and employment completed. Tax residency confirmed. Client is not on any sanctions or PEP lists. AML monitoring recommended due to international investment exposure.,Yes,Cleared,Medium,Low,SG,RM serviced PB,"[{'Stock': 'GLD', 'Shares Owned': 160, 'Allocation (%)': 45.05}, {'Stock': 'SLV', 'Shares Owned': 309, 'Allocation (%)': 37.96}, {'Stock': 'GOOGL', 'Shares Owned': 97, 'Allocation (%)': 7.06}, {'Stock': 'USO', 'Shares Owned': 86, 'Allocation (%)': 1.83}, {'Stock': 'GE', 'Shares Owned': 122, 'Allocation (%)': 1.87}, {'Stock': 'ADBE', 'Shares Owned': 163, 'Allocation (%)': 1.02}, {'Stock': 'NVDA', 'Shares Owned': 15, 'Allocation (%)': 1.88}, {'Stock': 'ADA', 'Shares Owned': 441, 'Allocation (%)': 1.03}, {'Stock': 'AGG', 'Shares Owned': 324, 'Allocation (%)': 1.29}, {'Stock': 'Roche', 'Shares Owned': 62, 'Allocation (%)': 1.0100000000000025}]",Mary Greene, invested early in tech stocks and achieved financial independence.,UHNWI
Elizabeth Garcia,1986-06-14,LI,Male,Married,"Civil engineer, consulting","French, Perkins and Bates",4,"74540 Mcconnell Lodge Apt. 315, Aaronside, NJ 47935",(343)828-8166,romeromaria@example.org,Savings and Investment,SNSF96128126810144,CHF,95127.24,4411.84,480825.96,111966.08,91146.52,1,['Savings Account'],"Salary, Real Estate, Capital Gains","Client has extensive experience investing in equities, bonds, ETFs, and mutual funds. Demonstrates strong understanding of portfolio diversification and risk management techniques. Has previously invested in alternative assets such as real estate funds and structured products.",Aggressive Growth,Client assessed as low-risk. Transaction behavior is consistent with reported income. No history of suspicious activity. Domestic and regulated international income sources only.,Full KYC verification completed. Risk assessment and AML checks cleared. Client demonstrates transparency in source of funds and investment objectives.,No,Cleared,Low,Low,LU,Com. & Retail,"[{'Stock': 'GOOGL', 'Shares Owned': 144, 'Allocation (%)': 13.75}, {'Stock': 'VTI', 'Shares Owned': 84, 'Allocation (%)': 57.35}, {'Stock': 'SOL', 'Shares Owned': 366, 'Allocation (%)': 4.57}, {'Stock': 'SLV', 'Shares Owned': 259, 'Allocation (%)': 16.77}, {'Stock': 'BASF', 'Shares Owned': 387, 'Allocation (%)': 1.99}, {'Stock': 'ETH', 'Shares Owned': 464, 'Allocation (%)': 1.24}, {'Stock': 'CVX', 'Shares Owned': 244, 'Allocation (%)': 1.1}, {'Stock': 'NFLX', 'Shares Owned': 171, 'Allocation (%)': 1.01}, {'Stock': 'GE', 'Shares Owned': 304, 'Allocation (%)': 1.11}, {'Stock': 'META', 'Shares Owned': 264, 'Allocation (%)': 1.1099999999999979}]",Arthur Elliott, built a fintech startup and lives quietly by the sea.,Non-Affluent
Miss Madison Johnson PhD,1967-09-13,DE,Female,Married,Photographer,"Coleman, Smith and Brown",13,"0224 Traci Streets, Millermouth, AS 63813",001-442-311-4243x64731,timothygibbs@example.org,Checking,HSTR01805241372054,CHF,95170.76,3030.08,916862.36,171674.84,248780.72,3,"['Checking Account', 'Savings Account', 'Investment Account']","Salary, Real Estate, Capital Gains",Client possesses practical experience in stock markets and ETFs. Has some knowledge of portfolio rebalancing and tax-efficient investment strategies.,Moderate Growth,Client assessed as high-risk due to high-value international transactions and exposure to high-volatility assets. Requires enhanced monitoring and periodic review.,Full KYC verification completed. Risk assessment and AML checks cleared. Client demonstrates transparency in source of funds and investment objectives.,Yes,Cleared,Low,Medium,LI,RM serviced PB,"[{'Stock': 'ADBE', 'Shares Owned': 224, 'Allocation (%)': 12.07}, {'Stock': 'MSFT', 'Shares Owned': 333, 'Allocation (%)': 25.95}, {'Stock': 'META', 'Shares Owned': 151, 'Allocation (%)': 40.51}, {'Stock': 'CAT', 'Shares Owned': 60, 'Allocation (%)': 11.57}, {'Stock': 'NVDA', 'Shares Owned': 417, 'Allocation (%)': 1.17}, {'Stock': 'USO', 'Shares Owned': 84, 'Allocation (%)': 3.26}, {'Stock': 'INTC', 'Shares Owned': 80, 'Allocation (%)': 1.88}, {'Stock': 'EEM', 'Shares Owned': 199, 'Allocation (%)': 1.06}, {'Stock': 'ETH', 'Shares Owned': 308, 'Allocation (%)': 1.43}, {'Stock': 'TSLA', 'Shares Owned': 476, 'Allocation (%)': 1.100000000000006}]",Arthur Elliott, invested early in tech stocks and achieved financial independence.,UHNWI
Christina Benson,1986-12-11,LI,Male,Widowed,"Designer, graphic",Edwards-Campbell,14,"0159 Juarez Haven, North Sarahhaven, MT 31400",001-894-807-9084x462,huangjessica@example.net,Checking,DJBC09071399013217,CHF,56833.04,4022.88,1342587.92,151079.68,175505.96,1,"['Checking Account', 'Savings Account']","Inheritance, Savings, Salary","Client is highly knowledgeable about derivatives, structured products, and alternative investment vehicles. Experience includes cryptocurrency investments and international equities. Understands hedging and leverage strategies.",Income Generation,Client assessed as low-risk. Transaction behavior is consistent with reported income. No history of suspicious activity. Domestic and regulated international income sources only.,Verification of ID documents and employment completed. Tax residency confirmed. Client is not on any sanctions or PEP lists. AML monitoring recommended due to international investment exposure.,No,Cleared,Low,Low,CH,RM serviced PB,"[{'Stock': 'AGG', 'Shares Owned': 427, 'Allocation (%)': 76.84}, {'Stock': 'CVX', 'Shares Owned': 369, 'Allocation (%)': 1.59}, {'Stock': 'ARKF', 'Shares Owned': 92, 'Allocation (%)': 7.84}, {'Stock': 'Siemens', 'Shares Owned': 20, 'Allocation (%)': 6.23}, {'Stock': 'EFA', 'Shares Owned': 246, 'Allocation (%)': 1.9}, {'Stock': 'ADA', 'Shares Owned': 215, 'Allocation (%)': 1.43}, {'Stock': 'XOM', 'Shares Owned': 259, 'Allocation (%)': 1.13}, {'Stock': 'NEE', 'Shares Owned': 197, 'Allocation (%)': 1.01}, {'Stock': 'META', 'Shares Owned': 86, 'Allocation (%)': 1.02}, {'Stock': 'ARKG', 'Shares Owned': 180, 'Allocation (%)': 1.0099999999999967}]",Arthur Elliott, bet big on crypto and achieved financial independence.,UHNWI
Christine Williams,1979-02-19,CH,Female,Divorced,Manufacturing engineer,"Simmons, Roberts and King",15,"359 Kim Vista, Parkerton, AR 42532",001-837-955-2809x5554,matthew16@example.com,Checking,YVGJ83868583402270,CHF,87195.04,4421.36,570060.32,291971.6,147084.68,1,"['Savings Account', 'Investment Account']","Business Income, Investments","Client is highly knowledgeable about derivatives, structured products, and alternative investment vehicles. Experience includes cryptocurrency investments and international equities. Understands hedging and leverage strategies.",Moderate Growth,Client assessed as low-risk. Transaction behavior is consistent with reported income. No history of suspicious activity. Domestic and regulated international income sources only.,"Documents partially verified. Further verification of employment and income recommended. PEP check cleared, but client flagged for high-value international transactions. Periodic compliance review required.",Yes,Cleared,Medium,Low,LI,Com. & Retail,"[{'Stock': 'Allianz', 'Shares Owned': 408, 'Allocation (%)': 34.26}, {'Stock': 'ARKF', 'Shares Owned': 67, 'Allocation (%)': 27.84}, {'Stock': 'BND', 'Shares Owned': 241, 'Allocation (%)': 30.46}, {'Stock': 'EFA', 'Shares Owned': 62, 'Allocation (%)': 1.1}, {'Stock': 'AAPL', 'Shares Owned': 62, 'Allocation (%)': 1.08}, {'Stock': 'BASF', 'Shares Owned': 497, 'Allocation (%)': 1.07}, {'Stock': 'AMZN', 'Shares Owned': 279, 'Allocation (%)': 1.15}, {'Stock': 'SLV', 'Shares Owned': 434, 'Allocation (%)': 1.03}, {'Stock': 'VTI', 'Shares Owned': 419, 'Allocation (%)': 1.01}, {'Stock': 'BA', 'Shares Owned': 23, 'Allocation (%)': 1.000000000000005}]",Mary Greene, invested early in tech stocks and became a mentor.,Affluent
James Bailey,1987-06-23,LI,Female,Married,Toxicologist,"Ferguson, Terry and Robinson",25,"USCGC Cooper, FPO AA 84941",(760)609-6443x71626,melissa83@example.net,Savings,PZCS29035535632950,CHF,84827.96,5659.64,1314240.08,184628.16,133417.36,3,"['Checking Account', 'Savings Account']","Salary, Real Estate, Capital Gains",Client possesses practical experience in stock markets and ETFs. Has some knowledge of portfolio rebalancing and tax-efficient investment strategies.,Moderate Growth,Client assessed as low-risk. Transaction behavior is consistent with reported income. No history of suspicious activity. Domestic and regulated international income sources only.,Verification of ID documents and employment completed. Tax residency confirmed. Client is not on any sanctions or PEP lists. AML monitoring recommended due to international investment exposure.,Yes,Cleared,Medium,Medium,BVI,RM serviced PB,"[{'Stock': 'XOM', 'Shares Owned': 433, 'Allocation (%)': 21.49}, {'Stock': 'SPY', 'Shares Owned': 65, 'Allocation (%)': 64.29}, {'Stock': 'ARKF', 'Shares Owned': 247, 'Allocation (%)': 3.0}, {'Stock': 'Volkswagen', 'Shares Owned': 413, 'Allocation (%)': 4.17}, {'Stock': 'USO', 'Shares Owned': 296, 'Allocation (%)': 1.34}, {'Stock': 'TSLA', 'Shares Owned': 388, 'Allocation (%)': 1.08}, {'Stock': 'EFA', 'Shares Owned': 120, 'Allocation (%)': 1.29}, {'Stock': 'ADA', 'Shares Owned': 60, 'Allocation (%)': 1.3}, {'Stock': 'BND', 'Shares Owned': 313, 'Allocation (%)': 1.03}, {'Stock': 'CVX', 'Shares Owned': 343, 'Allocation (%)': 1.0099999999999991}]",Arthur Elliott, invested early in tech stocks and retired early.,Affluent
Julie Delgado,1989-04-26,DE,Male,Single,Purchasing manager,"Cherry, Zimmerman and Brown",2,"PSC 2570, Box 6499, APO AE 09093",(799)527-3136,chelseymartin@example.com,Savings and Investment,JTHD17308277106303,CHF,118484.56,6152.64,533583.08,95236.72,34996.88,0,"['Checking Account', 'Savings Account']","Inheritance, Savings, Salary","Client has extensive experience investing in equities, bonds, ETFs, and mutual funds. Demonstrates strong understanding of portfolio diversification and risk management techniques. Has previously invested in alternative assets such as real estate funds and structured products.",Income Generation,Client assessed as high-risk due to high-value international transactions and exposure to high-volatility assets. Requires enhanced monitoring and periodic review.,Verification of ID documents and employment completed. Tax residency confirmed. Client is not on any sanctions or PEP lists. AML monitoring recommended due to international investment exposure.,Yes,Cleared,Low,Medium,LU,EAM,"[{'Stock': 'SAP', 'Shares Owned': 438, 'Allocation (%)': 54.55}, {'Stock': 'GLD', 'Shares Owned': 115, 'Allocation (%)': 32.38}, {'Stock': 'ARKK', 'Shares Owned': 123, 'Allocation (%)': 2.87}, {'Stock': 'TSLA', 'Shares Owned': 218, 'Allocation (%)': 1.76}, {'Stock': 'ADBE', 'Shares Owned': 101, 'Allocation (%)': 2.22}, {'Stock': 'CAT', 'Shares Owned': 314, 'Allocation (%)': 1.23}, {'Stock': 'Novartis', 'Shares Owned': 202, 'Allocation (%)': 1.93}, {'Stock': 'BND', 'Shares Owned': 420, 'Allocation (%)': 1.01}, {'Stock': 'BASF', 'Shares Owned': 188, 'Allocation (%)': 1.01}, {'Stock': 'AAPL', 'Shares Owned': 462, 'Allocation (%)': 1.039999999999999}]",Mary Greene, launched a coffee chain but lost it all in a crash.,Non-Affluent
Caitlin Harris,1977-01-05,LI,Female,Widowed,Dealer,Taylor-Moran,14,"516 Ann Gardens, Romanview, NE 07297",+1-906-824-5719x2937,colton99@example.com,Savings,TDCL65758673017891,CHF,108589.2,1820.36,690845.32,74547.72,170580.72,1,"['Savings Account', 'Investment Account']","Inheritance, Savings, Salary","Client has extensive experience investing in equities, bonds, ETFs, and mutual funds. Demonstrates strong understanding of portfolio diversification and risk management techniques. Has previously invested in alternative assets such as real estate funds and structured products.",Income Generation,Client assessed as medium-risk. Some international investments noted. Transactions slightly higher than expected for profile but consistent with disclosed sources of wealth.,"Documents partially verified. Further verification of employment and income recommended. PEP check cleared, but client flagged for high-value international transactions. Periodic compliance review required.",Yes,Cleared,Low,Low,SG,RM serviced PB,"[{'Stock': 'USO', 'Shares Owned': 275, 'Allocation (%)': 40.12}, {'Stock': 'LVMH', 'Shares Owned': 310, 'Allocation (%)': 8.97}, {'Stock': 'GE', 'Shares Owned': 359, 'Allocation (%)': 36.96}, {'Stock': 'Roche', 'Shares Owned': 113, 'Allocation (%)': 5.36}, {'Stock': 'SOL', 'Shares Owned': 100, 'Allocation (%)': 1.83}, {'Stock': 'VTI', 'Shares Owned': 328, 'Allocation (%)': 2.45}, {'Stock': 'NFLX', 'Shares Owned': 372, 'Allocation (%)': 1.29}, {'Stock': 'ADA', 'Shares Owned': 462, 'Allocation (%)': 1.01}, {'Stock': 'SAP', 'Shares Owned': 371, 'Allocation (%)': 1.01}, {'Stock': 'Allianz', 'Shares Owned': 383, 'Allocation (%)': 1.0000000000000033}]",Mary Greene, focused on real estate and retired early.,UHNWI
Barbara West,1992-05-04,DE,Female,Divorced,Herbalist,"Garner, Lee and Collier",4,"602 Payne Overpass Apt. 989, Kelseytown, CT 57528",990-347-9839x6716,virginia68@example.net,Savings,JHPM25010347182536,CHF,131202.6,6701.4,528583.04,126841.76,67205.08,3,"['Checking Account', 'Savings Account']","Salary, Real Estate, Capital Gains","Client has moderate knowledge of financial markets, primarily investing in mutual funds and fixed income securities. Familiar with basic risk-return tradeoffs and market volatility, but prefers conservative investment strategies.",Capital Preservation,"Client assessed as low-to-medium risk. Domestic income and salary align with monthly transactions, but moderate exposure to alternative investments noted.",All identification documents verified. Employment and income confirmed via supporting documents. PEP check cleared. Sanctions screening completed. AML risk is low. No discrepancies found during due diligence.,Yes,Cleared,Medium,Medium,LU,EAM,"[{'Stock': 'QQQ', 'Shares Owned': 212, 'Allocation (%)': 25.61}, {'Stock': 'META', 'Shares Owned': 280, 'Allocation (%)': 22.27}, {'Stock': 'ARKK', 'Shares Owned': 59, 'Allocation (%)': 4.37}, {'Stock': 'ARKG', 'Shares Owned': 273, 'Allocation (%)': 5.46}, {'Stock': 'TSLA', 'Shares Owned': 377, 'Allocation (%)': 16.98}, {'Stock': 'AGG', 'Shares Owned': 236, 'Allocation (%)': 14.28}, {'Stock': 'ADA', 'Shares Owned': 257, 'Allocation (%)': 5.83}, {'Stock': 'NEE', 'Shares Owned': 400, 'Allocation (%)': 2.69}, {'Stock': 'BA', 'Shares Owned': 153, 'Allocation (%)': 1.19}, {'Stock': 'EEM', 'Shares Owned': 137, 'Allocation (%)': 1.3200000000000065}]",Arthur Elliott, invested early in tech stocks but lost it all in a crash.,Non-Affluent
Kendra Ramos,1991-11-02,CH,Male,Married,Teaching laboratory technician,"Taylor, English and Gonzalez",17,"930 Kevin Street, Port Jasonside, AS 65336",(414)818-0456x1178,alvaradojoel@example.com,Savings,PYQD35063763760551,CHF,57761.92,4609.04,1008603.2,252178.68,220510.4,0,['Savings Account'],"Salary, Real Estate, Capital Gains","Client has extensive experience investing in equities, bonds, ETFs, and mutual funds. Demonstrates strong understanding of portfolio diversification and risk management techniques. Has previously invested in alternative assets such as real estate funds and structured products.",Aggressive Growth,Client assessed as low-risk. Transaction behavior is consistent with reported income. No history of suspicious activity. Domestic and regulated international income sources only.,Verification of ID documents and employment completed. Tax residency confirmed. Client is not on any sanctions or PEP lists. AML monitoring recommended due to international investment exposure.,Yes,Cleared,Low,Medium,LI,RM serviced PB,"[{'Stock': 'INTC', 'Shares Owned': 135, 'Allocation (%)': 85.55}, {'Stock': 'CVX', 'Shares Owned': 419, 'Allocation (%)': 5.81}, {'Stock': 'GOOGL', 'Shares Owned': 190, 'Allocation (%)': 1.58}, {'Stock': 'MSFT', 'Shares Owned': 378, 'Allocation (%)': 1.02}, {'Stock': 'AGG', 'Shares Owned': 145, 'Allocation (%)': 1.03}, {'Stock': 'GE', 'Shares Owned': 215, 'Allocation (%)': 1.0}, {'Stock': 'SOL', 'Shares Owned': 395, 'Allocation (%)': 1.0}, {'Stock': 'LVMH', 'Shares Owned': 262, 'Allocation (%)': 1.0}, {'Stock': 'BTC', 'Shares Owned': 230, 'Allocation (%)': 1.01}, {'Stock': 'NVDA', 'Shares Owned': 399, 'Allocation (%)': 1.0000000000000042}]",Mary Greene, launched a coffee chain and retired early.,Non-Affluent
Craig Black,1997-02-05,CH,Female,Married,Print production planner,"Smith, Phillips and Obrien",14,"651 Wood Pine Suite 107, Taylorfort, MH 52866",+1-219-469-6955,ariel96@example.com,Checking,CJAG40151398799374,CHF,106918.44,2630.92,893611.8,121244.0,104354.16,2,"['Checking Account', 'Savings Account']","Salary, Real Estate, Capital Gains",Client possesses practical experience in stock markets and ETFs. Has some knowledge of portfolio rebalancing and tax-efficient investment strategies.,Income Generation,Client assessed as low-risk. Transaction behavior is consistent with reported income. No history of suspicious activity. Domestic and regulated international income sources only.,Verification of ID documents and employment completed. Tax residency confirmed. Client is not on any sanctions or PEP lists. AML monitoring recommended due to international investment exposure.,Yes,Cleared,Medium,Medium,SG,EAM,"[{'Stock': 'XOM', 'Shares Owned': 124, 'Allocation (%)': 70.11}, {'Stock': 'GE', 'Shares Owned': 136, 'Allocation (%)': 17.2}, {'Stock': 'ARKG', 'Shares Owned': 249, 'Allocation (%)': 5.02}, {'Stock': 'SLV', 'Shares Owned': 288, 'Allocation (%)': 1.03}, {'Stock': 'TIP', 'Shares Owned': 236, 'Allocation (%)': 1.16}, {'Stock': 'BND', 'Shares Owned': 204, 'Allocation (%)': 1.19}, {'Stock': 'NEE', 'Shares Owned': 138, 'Allocation (%)': 1.2}, {'Stock': 'ETH', 'Shares Owned': 449, 'Allocation (%)': 1.02}, {'Stock': 'BASF', 'Shares Owned': 101, 'Allocation (%)': 1.07}, {'Stock': 'SAP', 'Shares Owned': 207, 'Allocation (%)': 1.0000000000000007}]",Arthur Elliott, ran a quant hedge fund and achieved financial independence.,Non-Affluent
Joanne Ward,1974-06-09,LI,Female,Married,Meteorologist,Willis-Marshall,7,"19686 Dawn Summit, New Kyle, MA 28502",795.760.8689x56793,shellyhowell@example.org,Savings,LQOG68787626808221,CHF,110449.0,96.56,1027244.72,186395.48,199842.48,1,"['Checking Account', 'Savings Account']","Salary, Real Estate, Capital Gains","Client has extensive experience investing in equities, bonds, ETFs, and mutual funds. Demonstrates strong understanding of portfolio diversification and risk management techniques. Has previously invested in alternative assets such as real estate funds and structured products.",Income Generation,Client assessed as medium-risk. Some international investments noted. Transactions slightly higher than expected for profile but consistent with disclosed sources of wealth.,"Documents partially verified. Further verification of employment and income recommended. PEP check cleared, but client flagged for high-value international transactions. Periodic compliance review required.",No,Cleared,Medium,High,LI,EAM,"[{'Stock': 'Roche', 'Shares Owned': 323, 'Allocation (%)': 22.39}, {'Stock': 'TIP', 'Shares Owned': 321, 'Allocation (%)': 11.37}, {'Stock': 'NFLX', 'Shares Owned': 168, 'Allocation (%)': 18.81}, {'Stock': 'MSFT', 'Shares Owned': 61, 'Allocation (%)': 13.7}, {'Stock': 'QQQ', 'Shares Owned': 84, 'Allocation (%)': 8.81}, {'Stock': 'Novartis', 'Shares Owned': 278, 'Allocation (%)': 4.78}, {'Stock': 'SLV', 'Shares Owned': 123, 'Allocation (%)': 2.34}, {'Stock': 'USO', 'Shares Owned': 260, 'Allocation (%)': 8.88}, {'Stock': 'GLD', 'Shares Owned': 218, 'Allocation (%)': 7.61}, {'Stock': 'AMZN', 'Shares Owned': 99, 'Allocation (%)': 1.3099999999999854}]",Cynthia Baker, invested early in tech stocks and lives quietly by the sea.,Non-Affluent
David Reid,1993-03-31,CH,Male,Married,Product designer,Lee Ltd,24,"1705 Walker Underpass, Cartermouth, IN 38433",+1-735-798-6440x201,fanderson@example.org,Checking,RFPU04470536348745,CHF,64878.12,1327.36,323563.72,178378.28,83935.8,1,"['Checking Account', 'Savings Account', 'Investment Account']","Salary, Rental Income, Stock Investments",Client possesses practical experience in stock markets and ETFs. Has some knowledge of portfolio rebalancing and tax-efficient investment strategies.,Income Generation,Client assessed as medium-risk. Some international investments noted. Transactions slightly higher than expected for profile but consistent with disclosed sources of wealth.,Full KYC verification completed. Risk assessment and AML checks cleared. Client demonstrates transparency in source of funds and investment objectives.,No,Cleared,Low,Low,BVI,EAM,"[{'Stock': 'SLV', 'Shares Owned': 174, 'Allocation (%)': 20.93}, {'Stock': 'ARKG', 'Shares Owned': 307, 'Allocation (%)': 34.16}, {'Stock': 'MSFT', 'Shares Owned': 440, 'Allocation (%)': 8.14}, {'Stock': 'NFLX', 'Shares Owned': 214, 'Allocation (%)': 21.59}, {'Stock': 'GLD', 'Shares Owned': 272, 'Allocation (%)': 4.48}, {'Stock': 'NEE', 'Shares Owned': 421, 'Allocation (%)': 3.65}, {'Stock': 'BTC', 'Shares Owned': 376, 'Allocation (%)': 3.2}, {'Stock': 'ARKF', 'Shares Owned': 88, 'Allocation (%)': 1.03}, {'Stock': 'ADA', 'Shares Owned': 25, 'Allocation (%)': 1.53}, {'Stock': 'ARKK', 'Shares Owned': 462, 'Allocation (%)': 1.289999999999995}]",Arthur Elliott, bet big on crypto and achieved financial independence.,UHNWI
Darren Russo,1975-10-12,LI,Male,Widowed,"Surveyor, hydrographic","Juarez, Wise and Macias",5,"14763 Taylor Point Apt. 570, South Jared, ME 40839",598.432.1671,ogonzalez@example.net,Checking,WPXL36893807653644,CHF,93386.44,4803.52,361682.48,333743.32,263041.0,0,['Savings Account'],"Business Income, Investments","Client has extensive experience investing in equities, bonds, ETFs, and mutual funds. Demonstrates strong understanding of portfolio diversification and risk management techniques. Has previously invested in alternative assets such as real estate funds and structured products.",Aggressive Growth,Client assessed as low-risk. Transaction behavior is consistent with reported income. No history of suspicious activity. Domestic and regulated international income sources only.,"Documents partially verified. Further verification of employment and income recommended. PEP check cleared, but client flagged for high-value international transactions. Periodic compliance review required.",Yes,Cleared,Low,Medium,LI,Com. & Retail,"[{'Stock': 'Novartis', 'Shares Owned': 339, 'Allocation (%)': 73.38}, {'Stock': 'LVMH', 'Shares Owned': 161, 'Allocation (%)': 5.29}, {'Stock': 'ETH', 'Shares Owned': 231, 'Allocation (%)': 5.15}, {'Stock': 'EEM', 'Shares Owned': 377, 'Allocation (%)': 4.11}, {'Stock': 'INTC', 'Shares Owned': 51, 'Allocation (%)': 1.56}, {'Stock': 'GE', 'Shares Owned': 73, 'Allocation (%)': 4.27}, {'Stock': 'ARKK', 'Shares Owned': 455, 'Allocation (%)': 1.56}, {'Stock': 'Allianz', 'Shares Owned': 418, 'Allocation (%)': 1.29}, {'Stock': 'ADA', 'Shares Owned': 109, 'Allocation (%)': 1.09}, {'Stock': 'ARKG', 'Shares Owned': 141, 'Allocation (%)': 2.300000000000007}]",Arthur Elliott, bet big on crypto and retired early.,UHNWI
Christina Wilson,1993-09-21,CH,Male,Married,"Editor, magazine features",Burns-Escobar,12,"Unit 7343 Box 4969, DPO AP 72149",(830)800-6081x36669,ojohnson@example.org,Savings,SUHF12337280302682,CHF,83999.72,5919.4,1316509.24,182403.88,24685.36,1,"['Checking Account', 'Savings Account']","Salary, Real Estate, Capital Gains",Client possesses practical experience in stock markets and ETFs. Has some knowledge of portfolio rebalancing and tax-efficient investment strategies.,Income Generation,"Client assessed as low-to-medium risk. Domestic income and salary align with monthly transactions, but moderate exposure to alternative investments noted.",All identification documents verified. Employment and income confirmed via supporting documents. PEP check cleared. Sanctions screening completed. AML risk is low. No discrepancies found during due diligence.,No,Cleared,Low,Medium,CH,EAM,"[{'Stock': 'ARKK', 'Shares Owned': 90, 'Allocation (%)': 13.73}, {'Stock': 'ETH', 'Shares Owned': 282, 'Allocation (%)': 68.99}, {'Stock': 'BASF', 'Shares Owned': 323, 'Allocation (%)': 5.02}, {'Stock': 'Allianz', 'Shares Owned': 329, 'Allocation (%)': 5.49}, {'Stock': 'AMZN', 'Shares Owned': 216, 'Allocation (%)': 1.04}, {'Stock': 'Siemens', 'Shares Owned': 322, 'Allocation (%)': 1.17}, {'Stock': 'BTC', 'Shares Owned': 244, 'Allocation (%)': 1.09}, {'Stock': 'USO', 'Shares Owned': 319, 'Allocation (%)': 1.05}, {'Stock': 'MSFT', 'Shares Owned': 49, 'Allocation (%)': 1.29}, {'Stock': 'Roche', 'Shares Owned': 463, 'Allocation (%)': 1.1300000000000017}]",Mary Greene, invested early in tech stocks and achieved financial independence.,UHNWI
Jennifer Holloway,1967-11-30,LI,Female,Married,Public librarian,Hunt-Anderson,14,"1540 Kayla Tunnel Suite 890, West Richardstad, PW 94156",815-779-4040x584,zimmermanchristopher@example.org,Savings,YKMF31399682995991,CHF,65813.12,5018.4,1317377.6,46422.24,258285.76,1,"['Checking Account', 'Savings Account']","Salary, Real Estate, Capital Gains","Client has moderate knowledge of financial markets, primarily investing in mutual funds and fixed income securities. Familiar with basic risk-return tradeoffs and market volatility, but prefers conservative investment strategies.",Moderate Growth,Client assessed as low-risk. Transaction behavior is consistent with reported income. No history of suspicious activity. Domestic and regulated international income sources only.,Full KYC verification completed. Risk assessment and AML checks cleared. Client demonstrates transparency in source of funds and investment objectives.,Yes,Cleared,Low,Medium,SG,RM serviced PB,"[{'Stock': 'VTI', 'Shares Owned': 340, 'Allocation (%)': 85.87}, {'Stock': 'SOL', 'Shares Owned': 208, 'Allocation (%)': 4.39}, {'Stock': 'AAPL', 'Shares Owned': 414, 'Allocation (%)': 2.17}, {'Stock': 'AMZN', 'Shares Owned': 74, 'Allocation (%)': 1.32}, {'Stock': 'NVDA', 'Shares Owned': 34, 'Allocation (%)': 1.05}, {'Stock': 'ADA', 'Shares Owned': 98, 'Allocation (%)': 1.19}, {'Stock': 'CAT', 'Shares Owned': 316, 'Allocation (%)': 1.01}, {'Stock': 'LVMH', 'Shares Owned': 167, 'Allocation (%)': 1.0}, {'Stock': 'INTC', 'Shares Owned': 210, 'Allocation (%)': 1.0}, {'Stock': 'MSFT', 'Shares Owned': 377, 'Allocation (%)': 0.9999999999999947}]",Arthur Elliott, bet big on crypto and keeps growing steadily.,Non-Affluent
Matthew Williams,1982-11-28,CH,Female,Single,"Nurse, mental health",Stephens-Sosa,20,"PSC 9871, Box 8119, APO AE 70324",(450)304-4798x962,wmoreno@example.org,Savings and Investment,YEKM08758130791194,CHF,126595.6,5405.32,792335.32,210415.8,137072.36,2,['Savings Account'],"Business Income, Investments",Client possesses practical experience in stock markets and ETFs. Has some knowledge of portfolio rebalancing and tax-efficient investment strategies.,Income Generation,Client assessed as high-risk due to high-value international transactions and exposure to high-volatility assets. Requires enhanced monitoring and periodic review.,"Documents partially verified. Further verification of employment and income recommended. PEP check cleared, but client flagged for high-value international transactions. Periodic compliance review required.",Yes,Cleared,Medium,Low,CH,Com. & Retail,"[{'Stock': 'NFLX', 'Shares Owned': 85, 'Allocation (%)': 1.23}, {'Stock': 'AAPL', 'Shares Owned': 382, 'Allocation (%)': 27.81}, {'Stock': 'ARKK', 'Shares Owned': 375, 'Allocation (%)': 12.31}, {'Stock': 'QQQ', 'Shares Owned': 290, 'Allocation (%)': 26.05}, {'Stock': 'GLD', 'Shares Owned': 407, 'Allocation (%)': 14.82}, {'Stock': 'ARKG', 'Shares Owned': 183, 'Allocation (%)': 4.96}, {'Stock': 'SAP', 'Shares Owned': 41, 'Allocation (%)': 6.66}, {'Stock': 'BA', 'Shares Owned': 126, 'Allocation (%)': 3.01}, {'Stock': 'GOOGL', 'Shares Owned': 290, 'Allocation (%)': 1.04}, {'Stock': 'Roche', 'Shares Owned': 227, 'Allocation (%)': 2.109999999999993}]",Arthur Elliott, ran a quant hedge fund but lost it all in a crash.,Affluent
Kristen Mann,1985-05-28,DE,Female,Widowed,Geoscientist,Davis-Griffith,26,"6431 Lawrence Mill Suite 108, New Nathan, GU 08255",391.278.4990,rogersmatthew@example.com,Savings and Investment,VECH27067043223477,CHF,69366.12,3622.36,481199.28,314236.84,181077.2,1,['Savings Account'],"Business Income, Investments","Client has extensive experience investing in equities, bonds, ETFs, and mutual funds. Demonstrates strong understanding of portfolio diversification and risk management techniques. Has previously invested in alternative assets such as real estate funds and structured products.",Capital Preservation,Client assessed as medium-risk. Some international investments noted. Transactions slightly higher than expected for profile but consistent with disclosed sources of wealth.,Full KYC verification completed. Risk assessment and AML checks cleared. Client demonstrates transparency in source of funds and investment objectives.,Yes,Cleared,Low,High,LU,EAM,"[{'Stock': 'TIP', 'Shares Owned': 79, 'Allocation (%)': 41.83}, {'Stock': 'AGG', 'Shares Owned': 81, 'Allocation (%)': 27.3}, {'Stock': 'GLD', 'Shares Owned': 409, 'Allocation (%)': 21.09}, {'Stock': 'CAT', 'Shares Owned': 140, 'Allocation (%)': 1.88}, {'Stock': 'BASF', 'Shares Owned': 202, 'Allocation (%)': 1.84}, {'Stock': 'AMZN', 'Shares Owned': 436, 'Allocation (%)': 1.59}, {'Stock': 'SLV', 'Shares Owned': 411, 'Allocation (%)': 1.46}, {'Stock': 'EFA', 'Shares Owned': 286, 'Allocation (%)': 1.0}, {'Stock': 'SPY', 'Shares Owned': 414, 'Allocation (%)': 1.0}, {'Stock': 'NVDA', 'Shares Owned': 22, 'Allocation (%)': 1.0100000000000016}]",Arthur Elliott, bet big on crypto and lives quietly by the sea.,Non-Affluent
Sarah Finley,1992-06-04,CH,Female,Widowed,Multimedia programmer,"Frazier, Butler and Rose",21,"599 Kim Cape, Veronicaburgh, OH 82677",+1-499-504-1065,wsalas@example.net,Savings,AUKE29848918836453,CHF,73512.76,5855.48,227762.6,101772.2,25493.88,2,"['Savings Account', 'Investment Account']","Salary, Real Estate, Capital Gains","Client is highly knowledgeable about derivatives, structured products, and alternative investment vehicles. Experience includes cryptocurrency investments and international equities. Understands hedging and leverage strategies.",Capital Preservation,"Client assessed as low-to-medium risk. Domestic income and salary align with monthly transactions, but moderate exposure to alternative investments noted.",All identification documents verified. Employment and income confirmed via supporting documents. PEP check cleared. Sanctions screening completed. AML risk is low. No discrepancies found during due diligence.,No,Cleared,Low,High,SG,EAM,"[{'Stock': 'ARKK', 'Shares Owned': 51, 'Allocation (%)': 53.28}, {'Stock': 'Allianz', 'Shares Owned': 398, 'Allocation (%)': 13.63}, {'Stock': 'ARKG', 'Shares Owned': 342, 'Allocation (%)': 23.5}, {'Stock': 'BND', 'Shares Owned': 364, 'Allocation (%)': 2.55}, {'Stock': 'SLV', 'Shares Owned': 500, 'Allocation (%)': 1.3}, {'Stock': 'ETH', 'Shares Owned': 295, 'Allocation (%)': 1.45}, {'Stock': 'EFA', 'Shares Owned': 327, 'Allocation (%)': 1.05}, {'Stock': 'GE', 'Shares Owned': 256, 'Allocation (%)': 1.07}, {'Stock': 'ARKF', 'Shares Owned': 31, 'Allocation (%)': 1.17}, {'Stock': 'BASF', 'Shares Owned': 111, 'Allocation (%)': 0.9999999999999964}]",Arthur Elliott, invested early in tech stocks but lost it all in a crash.,UHNWI
Elizabeth Higgins,1971-10-09,LI,Male,Single,"Clinical scientist, histocompatibility and immunogenetics","Garza, Reed and Gallegos",2,"0774 Thompson Plaza, Carrfurt, NE 57600",+1-421-381-0318x6525,colleen02@example.org,Savings and Investment,VBDV57670480655998,CHF,91561.32,6067.64,171247.8,260088.44,215324.72,2,"['Checking Account', 'Savings Account']","Salary, Rental Income, Stock Investments","Client is highly knowledgeable about derivatives, structured products, and alternative investment vehicles. Experience includes cryptocurrency investments and international equities. Understands hedging and leverage strategies.",Aggressive Growth,Client assessed as low-risk. Transaction behavior is consistent with reported income. No history of suspicious activity. Domestic and regulated international income sources only.,Full KYC verification completed. Risk assessment and AML checks cleared. Client demonstrates transparency in source of funds and investment objectives.,No,Cleared,Low,High,CH,RM serviced PB,"[{'Stock': 'XOM', 'Shares Owned': 112, 'Allocation (%)': 38.57}, {'Stock': 'ARKF', 'Shares Owned': 284, 'Allocation (%)': 18.72}, {'Stock': 'SLV', 'Shares Owned': 311, 'Allocation (%)': 14.78}, {'Stock': 'MSFT', 'Shares Owned': 277, 'Allocation (%)': 16.45}, {'Stock': 'META', 'Shares Owned': 92, 'Allocation (%)': 4.48}, {'Stock': 'USO', 'Shares Owned': 423, 'Allocation (%)': 2.07}, {'Stock': 'TSLA', 'Shares Owned': 452, 'Allocation (%)': 1.29}, {'Stock': 'SOL', 'Shares Owned': 59, 'Allocation (%)': 1.53}, {'Stock': 'LVMH', 'Shares Owned': 375, 'Allocation (%)': 1.04}, {'Stock': 'Volkswagen', 'Shares Owned': 41, 'Allocation (%)': 1.0699999999999994}]",Mary Greene, launched a coffee chain and achieved financial independence.,UHNWI
Mr. Jeffrey Lowery,1962-05-24,DE,Male,Widowed,Logistics and distribution manager,Massey and Sons,19,"7673 Tammy Court, West Jeremy, PA 19306",395.727.1945x04812,tdaniel@example.com,Checking,ETZU05775751272253,CHF,61344.84,4809.64,456555.4,172809.08,30062.12,1,['Savings Account'],"Inheritance, Savings, Salary","Client is highly knowledgeable about derivatives, structured products, and alternative investment vehicles. Experience includes cryptocurrency investments and international equities. Understands hedging and leverage strategies.",Moderate Growth,Client assessed as low-risk. Transaction behavior is consistent with reported income. No history of suspicious activity. Domestic and regulated international income sources only.,All identification documents verified. Employment and income confirmed via supporting documents. PEP check cleared. Sanctions screening completed. AML risk is low. No discrepancies found during due diligence.,Yes,Cleared,Low,High,SG,EAM,"[{'Stock': 'Roche', 'Shares Owned': 459, 'Allocation (%)': 23.85}, {'Stock': 'SOL', 'Shares Owned': 221, 'Allocation (%)': 20.67}, {'Stock': 'NVDA', 'Shares Owned': 121, 'Allocation (%)': 39.37}, {'Stock': 'NEE', 'Shares Owned': 306, 'Allocation (%)': 3.99}, {'Stock': 'SLV', 'Shares Owned': 185, 'Allocation (%)': 3.78}, {'Stock': 'BND', 'Shares Owned': 219, 'Allocation (%)': 2.46}, {'Stock': 'GLD', 'Shares Owned': 388, 'Allocation (%)': 1.21}, {'Stock': 'SAP', 'Shares Owned': 408, 'Allocation (%)': 1.48}, {'Stock': 'CAT', 'Shares Owned': 157, 'Allocation (%)': 1.64}, {'Stock': 'ARKF', 'Shares Owned': 132, 'Allocation (%)': 1.5500000000000071}]",Cynthia Baker, invested early in tech stocks and lives quietly by the sea.,Non-Affluent
Kristina Farmer,1993-10-28,DE,Male,Single,Social worker,Young-Williams,30,"1405 Kim Crescent Apt. 016, New Edward, DC 19418",+1-663-806-0531x812,mathewsmichael@example.net,Checking,QEWZ38202794329390,CHF,93391.88,2868.92,424203.04,337024.32,88065.44,0,['Savings Account'],"Inheritance, Savings, Salary",Client possesses practical experience in stock markets and ETFs. Has some knowledge of portfolio rebalancing and tax-efficient investment strategies.,Aggressive Growth,Client assessed as high-risk due to high-value international transactions and exposure to high-volatility assets. Requires enhanced monitoring and periodic review.,All identification documents verified. Employment and income confirmed via supporting documents. PEP check cleared. Sanctions screening completed. AML risk is low. No discrepancies found during due diligence.,No,Cleared,Low,High,SG,EAM,"[{'Stock': 'EEM', 'Shares Owned': 239, 'Allocation (%)': 81.13}, {'Stock': 'NEE', 'Shares Owned': 414, 'Allocation (%)': 9.16}, {'Stock': 'GE', 'Shares Owned': 489, 'Allocation (%)': 1.36}, {'Stock': 'GLD', 'Shares Owned': 149, 'Allocation (%)': 1.54}, {'Stock': 'ARKF', 'Shares Owned': 27, 'Allocation (%)': 1.77}, {'Stock': 'MSFT', 'Shares Owned': 455, 'Allocation (%)': 1.03}, {'Stock': 'CAT', 'Shares Owned': 188, 'Allocation (%)': 1.01}, {'Stock': 'NFLX', 'Shares Owned': 297, 'Allocation (%)': 1.0}, {'Stock': 'TIP', 'Shares Owned': 28, 'Allocation (%)': 1.0}, {'Stock': 'SAP', 'Shares Owned': 26, 'Allocation (%)': 1.0000000000000044}]",Cynthia Baker, ran a quant hedge fund and retired early.,Affluent
Kevin Gay,2000-06-10,DE,Male,Widowed,Speech and language therapist,Navarro-Garza,23,"Unit 3119 Box 1197, DPO AP 17906",001-359-605-2420,michaelbarnett@example.org,Savings,ZAGA61435307870831,CHF,92325.64,6105.04,1140673.48,129996.96,175956.8,2,"['Checking Account', 'Savings Account']","Inheritance, Savings, Salary","Client has extensive experience investing in equities, bonds, ETFs, and mutual funds. Demonstrates strong understanding of portfolio diversification and risk management techniques. Has previously invested in alternative assets such as real estate funds and structured products.",Moderate Growth,Client assessed as high-risk due to high-value international transactions and exposure to high-volatility assets. Requires enhanced monitoring and periodic review.,Full KYC verification completed. Risk assessment and AML checks cleared. Client demonstrates transparency in source of funds and investment objectives.,No,Cleared,Medium,Medium,CH,RM serviced PB,"[{'Stock': 'CVX', 'Shares Owned': 93, 'Allocation (%)': 80.62}, {'Stock': 'ARKG', 'Shares Owned': 257, 'Allocation (%)': 7.12}, {'Stock': 'Allianz', 'Shares Owned': 190, 'Allocation (%)': 2.19}, {'Stock': 'USO', 'Shares Owned': 186, 'Allocation (%)': 1.86}, {'Stock': 'ARKF', 'Shares Owned': 141, 'Allocation (%)': 2.3}, {'Stock': 'LVMH', 'Shares Owned': 480, 'Allocation (%)': 1.48}, {'Stock': 'BASF', 'Shares Owned': 108, 'Allocation (%)': 1.1}, {'Stock': 'META', 'Shares Owned': 371, 'Allocation (%)': 1.2}, {'Stock': 'QQQ', 'Shares Owned': 485, 'Allocation (%)': 1.1}, {'Stock': 'BND', 'Shares Owned': 104, 'Allocation (%)': 1.0299999999999963}]",Arthur Elliott, invested early in tech stocks and became a mentor.,Non-Affluent
Melissa Frederick,1979-11-16,CH,Male,Married,Minerals surveyor,"Alvarez, Lewis and Parker",13,"265 William Bypass Suite 910, North Ryanshire, IA 83970",640-738-1493x104,chadmoran@example.net,Savings and Investment,IVKT55973087538327,CHF,70943.04,3279.64,180655.6,73643.32,48114.76,3,"['Checking Account', 'Savings Account']","Business Income, Investments","Client is highly knowledgeable about derivatives, structured products, and alternative investment vehicles. Experience includes cryptocurrency investments and international equities. Understands hedging and leverage strategies.",Moderate Growth,Client assessed as low-risk. Transaction behavior is consistent with reported income. No history of suspicious activity. Domestic and regulated international income sources only.,Full KYC verification completed. Risk assessment and AML checks cleared. Client demonstrates transparency in source of funds and investment objectives.,No,Cleared,High,High,LU,Com. & Retail,"[{'Stock': 'BTC', 'Shares Owned': 390, 'Allocation (%)': 72.1}, {'Stock': 'SLV', 'Shares Owned': 385, 'Allocation (%)': 19.02}, {'Stock': 'BA', 'Shares Owned': 459, 'Allocation (%)': 1.69}, {'Stock': 'USO', 'Shares Owned': 223, 'Allocation (%)': 1.13}, {'Stock': 'EEM', 'Shares Owned': 315, 'Allocation (%)': 1.05}, {'Stock': 'NFLX', 'Shares Owned': 468, 'Allocation (%)': 1.01}, {'Stock': 'VTI', 'Shares Owned': 71, 'Allocation (%)': 1.0}, {'Stock': 'CAT', 'Shares Owned': 243, 'Allocation (%)': 1.0}, {'Stock': 'TSLA', 'Shares Owned': 345, 'Allocation (%)': 1.0}, {'Stock': 'AAPL', 'Shares Owned': 419, 'Allocation (%)': 1.000000000000007}]",Cynthia Baker, invested early in tech stocks and retired early.,Non-Affluent
Brendan Mullins,1985-09-24,DE,Female,Widowed,"Radiographer, therapeutic","Johnson, James and Hill",16,"624 Jessica Viaduct Suite 994, New Carla, MN 00702",593.380.1790,brett99@example.org,Savings,JUGH45206582324605,CHF,120786.36,3785.56,942899.56,149041.04,184475.84,1,"['Checking Account', 'Savings Account', 'Investment Account']","Inheritance, Savings, Salary","Client is highly knowledgeable about derivatives, structured products, and alternative investment vehicles. Experience includes cryptocurrency investments and international equities. Understands hedging and leverage strategies.",Income Generation,Client assessed as medium-risk. Some international investments noted. Transactions slightly higher than expected for profile but consistent with disclosed sources of wealth.,"Documents partially verified. Further verification of employment and income recommended. PEP check cleared, but client flagged for high-value international transactions. Periodic compliance review required.",No,Cleared,Medium,High,CH,RM serviced PB,"[{'Stock': 'INTC', 'Shares Owned': 182, 'Allocation (%)': 16.09}, {'Stock': 'VTI', 'Shares Owned': 129, 'Allocation (%)': 30.62}, {'Stock': 'META', 'Shares Owned': 138, 'Allocation (%)': 15.72}, {'Stock': 'ETH', 'Shares Owned': 304, 'Allocation (%)': 21.22}, {'Stock': 'GLD', 'Shares Owned': 210, 'Allocation (%)': 7.08}, {'Stock': 'MSFT', 'Shares Owned': 88, 'Allocation (%)': 3.54}, {'Stock': 'ARKK', 'Shares Owned': 424, 'Allocation (%)': 1.89}, {'Stock': 'XOM', 'Shares Owned': 417, 'Allocation (%)': 1.48}, {'Stock': 'AAPL', 'Shares Owned': 401, 'Allocation (%)': 1.1}, {'Stock': 'BTC', 'Shares Owned': 79, 'Allocation (%)': 1.2599999999999945}]",Mary Greene, launched a coffee chain and achieved financial independence.,Affluent
Joshua Hernandez,1973-11-30,DE,Male,Divorced,Environmental consultant,"James, Cole and Andrews",3,"8035 Mccoy Isle Apt. 954, East Michelle, NH 82969",(284)540-9457,rojasgregory@example.net,Savings,EGQB97890825172780,CHF,90017.72,2566.32,1065683.08,323421.6,221832.32,0,"['Savings Account', 'Investment Account']","Salary, Real Estate, Capital Gains",Client possesses practical experience in stock markets and ETFs. Has some knowledge of portfolio rebalancing and tax-efficient investment strategies.,Income Generation,"Client assessed as low-to-medium risk. Domestic income and salary align with monthly transactions, but moderate exposure to alternative investments noted.",All identification documents verified. Employment and income confirmed via supporting documents. PEP check cleared. Sanctions screening completed. AML risk is low. No discrepancies found during due diligence.,Yes,Cleared,High,Medium,LI,Com. & Retail,"[{'Stock': 'SAP', 'Shares Owned': 189, 'Allocation (%)': 74.6}, {'Stock': 'BA', 'Shares Owned': 236, 'Allocation (%)': 16.67}, {'Stock': 'SOL', 'Shares Owned': 109, 'Allocation (%)': 1.25}, {'Stock': 'SPY', 'Shares Owned': 227, 'Allocation (%)': 1.24}, {'Stock': 'ARKQ', 'Shares Owned': 216, 'Allocation (%)': 1.1}, {'Stock': 'BND', 'Shares Owned': 170, 'Allocation (%)': 1.02}, {'Stock': 'ARKF', 'Shares Owned': 359, 'Allocation (%)': 1.01}, {'Stock': 'Roche', 'Shares Owned': 71, 'Allocation (%)': 1.08}, {'Stock': 'CVX', 'Shares Owned': 206, 'Allocation (%)': 1.0}, {'Stock': 'TSLA', 'Shares Owned': 104, 'Allocation (%)': 1.0300000000000047}]",Cynthia Baker, ran a quant hedge fund and retired early.,Affluent
Andrew Cooper,1970-06-02,LI,Female,Widowed,"Designer, jewellery","Beard, Jones and James",13,"Unit 8598 Box 1557, DPO AE 90977",905.401.3667x58467,woodjared@example.com,Checking,NRKQ49029401011893,CHF,117087.16,4685.2,774713.8,153684.08,235238.52,0,"['Savings Account', 'Investment Account']","Business Income, Investments","Client is highly knowledgeable about derivatives, structured products, and alternative investment vehicles. Experience includes cryptocurrency investments and international equities. Understands hedging and leverage strategies.",Moderate Growth,Client assessed as low-risk. Transaction behavior is consistent with reported income. No history of suspicious activity. Domestic and regulated international income sources only.,"Documents partially verified. Further verification of employment and income recommended. PEP check cleared, but client flagged for high-value international transactions. Periodic compliance review required.",Yes,Cleared,Low,Medium,SG,EAM,"[{'Stock': 'BASF', 'Shares Owned': 210, 'Allocation (%)': 78.33}, {'Stock': 'META', 'Shares Owned': 179, 'Allocation (%)': 9.83}, {'Stock': 'Allianz', 'Shares Owned': 381, 'Allocation (%)': 3.92}, {'Stock': 'AAPL', 'Shares Owned': 53, 'Allocation (%)': 1.25}, {'Stock': 'NVDA', 'Shares Owned': 218, 'Allocation (%)': 1.07}, {'Stock': 'Siemens', 'Shares Owned': 327, 'Allocation (%)': 1.01}, {'Stock': 'Novartis', 'Shares Owned': 173, 'Allocation (%)': 1.4}, {'Stock': 'SLV', 'Shares Owned': 202, 'Allocation (%)': 1.06}, {'Stock': 'USO', 'Shares Owned': 126, 'Allocation (%)': 1.01}, {'Stock': 'GE', 'Shares Owned': 57, 'Allocation (%)': 1.1200000000000017}]",Cynthia Baker, ran a quant hedge fund and lives quietly by the sea.,Affluent
Tiffany Russell,1992-05-01,LI,Male,Single,Best boy,Baker Inc,6,"610 James Street, East Jason, MP 09759",478.595.1827x703,christopher28@example.org,Savings and Investment,QVYT28211227596084,CHF,61467.24,2916.52,1290152.44,96936.72,176905.4,2,"['Checking Account', 'Savings Account', 'Investment Account']","Business Income, Investments","Client is highly knowledgeable about derivatives, structured products, and alternative investment vehicles. Experience includes cryptocurrency investments and international equities. Understands hedging and leverage strategies.",Income Generation,Client assessed as low-risk. Transaction behavior is consistent with reported income. No history of suspicious activity. Domestic and regulated international income sources only.,All identification documents verified. Employment and income confirmed via supporting documents. PEP check cleared. Sanctions screening completed. AML risk is low. No discrepancies found during due diligence.,Yes,Cleared,Medium,High,LI,Com. & Retail,"[{'Stock': 'ETH', 'Shares Owned': 398, 'Allocation (%)': 11.16}, {'Stock': 'BTC', 'Shares Owned': 410, 'Allocation (%)': 19.84}, {'Stock': 'SLV', 'Shares Owned': 442, 'Allocation (%)': 42.5}, {'Stock': 'NVDA', 'Shares Owned': 39, 'Allocation (%)': 3.82}, {'Stock': 'AAPL', 'Shares Owned': 193, 'Allocation (%)': 5.88}, {'Stock': 'AGG', 'Shares Owned': 334, 'Allocation (%)': 9.34}, {'Stock': 'META', 'Shares Owned': 160, 'Allocation (%)': 4.21}, {'Stock': 'USO', 'Shares Owned': 382, 'Allocation (%)': 1.19}, {'Stock': 'TSLA', 'Shares Owned': 212, 'Allocation (%)': 1.03}, {'Stock': 'CVX', 'Shares Owned': 460, 'Allocation (%)': 1.030000000000001}]",Mary Greene, built a fintech startup and achieved financial independence.,UHNWI
Cheryl Patton,1963-10-04,LI,Female,Married,Stage manager,Yang-Lamb,29,"36054 Rice Hill Apt. 351, East Heather, AK 98755",+1-652-375-9011x60026,allenmonica@example.net,Savings and Investment,DCTW81689753864545,CHF,102508.64,6260.08,880342.28,261781.64,66674.0,1,['Savings Account'],"Inheritance, Savings, Salary","Client has moderate knowledge of financial markets, primarily investing in mutual funds and fixed income securities. Familiar with basic risk-return tradeoffs and market volatility, but prefers conservative investment strategies.",Income Generation,"Client assessed as low-to-medium risk. Domestic income and salary align with monthly transactions, but moderate exposure to alternative investments noted.","Documents partially verified. Further verification of employment and income recommended. PEP check cleared, but client flagged for high-value international transactions. Periodic compliance review required.",Yes,Cleared,Medium,Low,SG,EAM,"[{'Stock': 'Allianz', 'Shares Owned': 201, 'Allocation (%)': 37.92}, {'Stock': 'NVDA', 'Shares Owned': 307, 'Allocation (%)': 34.14}, {'Stock': 'ARKK', 'Shares Owned': 11, 'Allocation (%)': 4.04}, {'Stock': 'ARKF', 'Shares Owned': 271, 'Allocation (%)': 14.55}, {'Stock': 'ADA', 'Shares Owned': 196, 'Allocation (%)': 3.08}, {'Stock': 'GOOGL', 'Shares Owned': 198, 'Allocation (%)': 1.08}, {'Stock': 'QQQ', 'Shares Owned': 106, 'Allocation (%)': 1.77}, {'Stock': 'BA', 'Shares Owned': 139, 'Allocation (%)': 1.19}, {'Stock': 'USO', 'Shares Owned': 157, 'Allocation (%)': 1.18}, {'Stock': 'INTC', 'Shares Owned': 375, 'Allocation (%)': 1.0499999999999978}]",Mary Greene, invested early in tech stocks but lost it all in a crash.,Non-Affluent
Jacqueline Humphrey,1963-05-30,CH,Male,Divorced,"Engineer, biomedical","Simmons, Austin and Clark",30,"318 Jennifer Crescent, Kendrahaven, WI 26581",835-978-0173x25692,rfitzgerald@example.org,Savings and Investment,QRCU04266247419375,CHF,60461.52,78.2,763156.52,80271.96,195866.52,1,"['Checking Account', 'Savings Account', 'Investment Account']","Salary, Real Estate, Capital Gains","Client has moderate knowledge of financial markets, primarily investing in mutual funds and fixed income securities. Familiar with basic risk-return tradeoffs and market volatility, but prefers conservative investment strategies.",Capital Preservation,"Client assessed as low-to-medium risk. Domestic income and salary align with monthly transactions, but moderate exposure to alternative investments noted.",Verification of ID documents and employment completed. Tax residency confirmed. Client is not on any sanctions or PEP lists. AML monitoring recommended due to international investment exposure.,No,Cleared,Low,High,BVI,EAM,"[{'Stock': 'ARKG', 'Shares Owned': 84, 'Allocation (%)': 77.02}, {'Stock': 'Volkswagen', 'Shares Owned': 171, 'Allocation (%)': 4.33}, {'Stock': 'SPY', 'Shares Owned': 77, 'Allocation (%)': 9.01}, {'Stock': 'GLD', 'Shares Owned': 384, 'Allocation (%)': 3.5}, {'Stock': 'QQQ', 'Shares Owned': 488, 'Allocation (%)': 1.03}, {'Stock': 'NFLX', 'Shares Owned': 261, 'Allocation (%)': 1.06}, {'Stock': 'NEE', 'Shares Owned': 165, 'Allocation (%)': 1.02}, {'Stock': 'ETH', 'Shares Owned': 369, 'Allocation (%)': 1.01}, {'Stock': 'META', 'Shares Owned': 275, 'Allocation (%)': 1.0}, {'Stock': 'USO', 'Shares Owned': 381, 'Allocation (%)': 1.0200000000000058}]",Arthur Elliott, focused on real estate and lives quietly by the sea.,Affluent
Kristina Huber,1979-01-13,LI,Male,Single,"Surveyor, insurance",Frye-Hopkins,12,"36028 Scott Crescent, Shortfurt, HI 42986",+1-650-792-1979x32638,gooddaniel@example.com,Checking,MTKB53524436143833,CHF,98770.0,5152.36,1027116.88,170180.88,91037.72,1,"['Checking Account', 'Savings Account', 'Investment Account']","Inheritance, Savings, Salary",Client possesses practical experience in stock markets and ETFs. Has some knowledge of portfolio rebalancing and tax-efficient investment strategies.,Moderate Growth,Client assessed as high-risk due to high-value international transactions and exposure to high-volatility assets. Requires enhanced monitoring and periodic review.,Full KYC verification completed. Risk assessment and AML checks cleared. Client demonstrates transparency in source of funds and investment objectives.,Yes,Cleared,Medium,Low,LI,Com. & Retail,"[{'Stock': 'BASF', 'Shares Owned': 290, 'Allocation (%)': 45.96}, {'Stock': 'SOL', 'Shares Owned': 169, 'Allocation (%)': 22.54}, {'Stock': 'ARKK', 'Shares Owned': 485, 'Allocation (%)': 16.37}, {'Stock': 'ARKQ', 'Shares Owned': 270, 'Allocation (%)': 4.26}, {'Stock': 'MSFT', 'Shares Owned': 452, 'Allocation (%)': 1.52}, {'Stock': 'GOOGL', 'Shares Owned': 461, 'Allocation (%)': 2.13}, {'Stock': 'NVDA', 'Shares Owned': 415, 'Allocation (%)': 2.94}, {'Stock': 'QQQ', 'Shares Owned': 149, 'Allocation (%)': 1.32}, {'Stock': 'Volkswagen', 'Shares Owned': 104, 'Allocation (%)': 1.69}, {'Stock': 'Siemens', 'Shares Owned': 122, 'Allocation (%)': 1.2699999999999991}]",Arthur Elliott, built a fintech startup and became a mentor.,Affluent
Nicholas Wright,1988-07-06,DE,Female,Divorced,Sports therapist,Wagner Inc,22,"3362 Smith Forks, Judithtown, DC 70642",(471)536-9970,adam03@example.org,Savings and Investment,VSBT21697424968589,CHF,100799.12,2589.44,147947.6,334696.68,208141.88,3,"['Checking Account', 'Savings Account', 'Investment Account']","Inheritance, Savings, Salary",Client possesses practical experience in stock markets and ETFs. Has some knowledge of portfolio rebalancing and tax-efficient investment strategies.,Capital Preservation,"Client assessed as low-to-medium risk. Domestic income and salary align with monthly transactions, but moderate exposure to alternative investments noted.",Full KYC verification completed. Risk assessment and AML checks cleared. Client demonstrates transparency in source of funds and investment objectives.,Yes,Cleared,Medium,Medium,LU,RM serviced PB,"[{'Stock': 'NEE', 'Shares Owned': 476, 'Allocation (%)': 67.53}, {'Stock': 'GOOGL', 'Shares Owned': 209, 'Allocation (%)': 23.93}, {'Stock': 'ARKK', 'Shares Owned': 97, 'Allocation (%)': 1.31}, {'Stock': 'BASF', 'Shares Owned': 88, 'Allocation (%)': 1.19}, {'Stock': 'Roche', 'Shares Owned': 314, 'Allocation (%)': 1.01}, {'Stock': 'Volkswagen', 'Shares Owned': 322, 'Allocation (%)': 1.01}, {'Stock': 'NFLX', 'Shares Owned': 23, 'Allocation (%)': 1.02}, {'Stock': 'Siemens', 'Shares Owned': 283, 'Allocation (%)': 1.0}, {'Stock': 'CAT', 'Shares Owned': 52, 'Allocation (%)': 1.0}, {'Stock': 'SLV', 'Shares Owned': 94, 'Allocation (%)': 0.9999999999999996}]",Mary Greene, focused on real estate and became a mentor.,UHNWI
Kimberly Matthews,2000-04-06,LI,Male,Widowed,"Conservation officer, nature",Banks LLC,5,"8812 Figueroa Neck Apt. 919, East Taramouth, WA 99152",7857298288,carol81@example.net,Savings and Investment,BWSP07022472623470,CHF,118330.88,659.6,162542.44,194327.0,210035.0,2,"['Checking Account', 'Savings Account']","Business Income, Investments","Client is highly knowledgeable about derivatives, structured products, and alternative investment vehicles. Experience includes cryptocurrency investments and international equities. Understands hedging and leverage strategies.",Income Generation,Client assessed as medium-risk. Some international investments noted. Transactions slightly higher than expected for profile but consistent with disclosed sources of wealth.,"Documents partially verified. Further verification of employment and income recommended. PEP check cleared, but client flagged for high-value international transactions. Periodic compliance review required.",Yes,Cleared,Medium,Low,LU,Com. & Retail,"[{'Stock': 'VTI', 'Shares Owned': 433, 'Allocation (%)': 17.71}, {'Stock': 'AAPL', 'Shares Owned': 94, 'Allocation (%)': 24.18}, {'Stock': 'EEM', 'Shares Owned': 398, 'Allocation (%)': 32.86}, {'Stock': 'NEE', 'Shares Owned': 422, 'Allocation (%)': 4.62}, {'Stock': 'NFLX', 'Shares Owned': 185, 'Allocation (%)': 7.7}, {'Stock': 'BTC', 'Shares Owned': 75, 'Allocation (%)': 6.29}, {'Stock': 'XOM', 'Shares Owned': 338, 'Allocation (%)': 2.16}, {'Stock': 'LVMH', 'Shares Owned': 143, 'Allocation (%)': 1.63}, {'Stock': 'GE', 'Shares Owned': 483, 'Allocation (%)': 1.76}, {'Stock': 'ARKF', 'Shares Owned': 453, 'Allocation (%)': 1.0899999999999925}]",Cynthia Baker, ran a quant hedge fund and lives quietly by the sea.,Non-Affluent
Lisa Santana,1970-02-11,LI,Female,Married,"Administrator, local government","Meyer, Zhang and Smith",25,"348 Pearson Estate Suite 407, Millerburgh, MT 48981",287.835.5425x673,ann01@example.org,Checking,ZHRY50833434698404,CHF,86258.68,6620.48,1282016.24,290281.12,71315.68,3,['Savings Account'],"Salary, Rental Income, Stock Investments","Client has extensive experience investing in equities, bonds, ETFs, and mutual funds. Demonstrates strong understanding of portfolio diversification and risk management techniques. Has previously invested in alternative assets such as real estate funds and structured products.",Moderate Growth,Client assessed as low-risk. Transaction behavior is consistent with reported income. No history of suspicious activity. Domestic and regulated international income sources only.,Full KYC verification completed. Risk assessment and AML checks cleared. Client demonstrates transparency in source of funds and investment objectives.,Yes,Cleared,Medium,High,LI,Com. & Retail,"[{'Stock': 'ETH', 'Shares Owned': 452, 'Allocation (%)': 63.22}, {'Stock': 'CAT', 'Shares Owned': 415, 'Allocation (%)': 19.14}, {'Stock': 'META', 'Shares Owned': 325, 'Allocation (%)': 6.06}, {'Stock': 'SPY', 'Shares Owned': 470, 'Allocation (%)': 3.58}, {'Stock': 'ARKQ', 'Shares Owned': 67, 'Allocation (%)': 1.8}, {'Stock': 'EFA', 'Shares Owned': 88, 'Allocation (%)': 1.96}, {'Stock': 'EEM', 'Shares Owned': 431, 'Allocation (%)': 1.14}, {'Stock': 'VTI', 'Shares Owned': 405, 'Allocation (%)': 1.1}, {'Stock': 'GE', 'Shares Owned': 428, 'Allocation (%)': 1.0}, {'Stock': 'AMZN', 'Shares Owned': 318, 'Allocation (%)': 1.0000000000000022}]",Mary Greene, focused on real estate and became a mentor.,UHNWI
Tom Baker,1960-03-19,CH,Female,Single,"Buyer, industrial","Allen, Jones and Andrews",24,"857 Misty Port, Smithton, UT 85517",8896754216,pmcclain@example.com,Checking,PFZF22140494784683,CHF,90661.68,3371.44,881856.64,281508.44,214350.96,1,"['Savings Account', 'Investment Account']","Salary, Real Estate, Capital Gains","Client has moderate knowledge of financial markets, primarily investing in mutual funds and fixed income securities. Familiar with basic risk-return tradeoffs and market volatility, but prefers conservative investment strategies.",Moderate Growth,Client assessed as high-risk due to high-value international transactions and exposure to high-volatility assets. Requires enhanced monitoring and periodic review.,"Documents partially verified. Further verification of employment and income recommended. PEP check cleared, but client flagged for high-value international transactions. Periodic compliance review required.",Yes,Cleared,Medium,Medium,SG,EAM,"[{'Stock': 'ADA', 'Shares Owned': 415, 'Allocation (%)': 2.6}, {'Stock': 'EEM', 'Shares Owned': 110, 'Allocation (%)': 39.05}, {'Stock': 'Volkswagen', 'Shares Owned': 256, 'Allocation (%)': 9.34}, {'Stock': 'BTC', 'Shares Owned': 393, 'Allocation (%)': 30.31}, {'Stock': 'LVMH', 'Shares Owned': 160, 'Allocation (%)': 13.6}, {'Stock': 'ARKK', 'Shares Owned': 183, 'Allocation (%)': 1.03}, {'Stock': 'TIP', 'Shares Owned': 268, 'Allocation (%)': 1.02}, {'Stock': 'Allianz', 'Shares Owned': 330, 'Allocation (%)': 1.02}, {'Stock': 'BASF', 'Shares Owned': 150, 'Allocation (%)': 1.01}, {'Stock': 'GE', 'Shares Owned': 171, 'Allocation (%)': 1.0200000000000065}]",Mary Greene, focused on real estate but lost it all in a crash.,Affluent
Kenneth Richmond,1980-12-28,LI,Female,Divorced,Haematologist,"Cole, Anderson and Davenport",15,"501 Vasquez Garden Suite 414, Lake Davidtown, NE 25503",(236)399-8706,hernandezstacy@example.com,Savings and Investment,SBTM58055422794719,CHF,128298.32,4512.48,793077.88,221274.72,23129.52,2,"['Savings Account', 'Investment Account']","Inheritance, Savings, Salary","Client has moderate knowledge of financial markets, primarily investing in mutual funds and fixed income securities. Familiar with basic risk-return tradeoffs and market volatility, but prefers conservative investment strategies.",Moderate Growth,Client assessed as low-risk. Transaction behavior is consistent with reported income. No history of suspicious activity. Domestic and regulated international income sources only.,"Documents partially verified. Further verification of employment and income recommended. PEP check cleared, but client flagged for high-value international transactions. Periodic compliance review required.",No,Cleared,Low,Low,CH,EAM,"[{'Stock': 'ETH', 'Shares Owned': 427, 'Allocation (%)': 14.65}, {'Stock': 'SAP', 'Shares Owned': 139, 'Allocation (%)': 56.18}, {'Stock': 'CAT', 'Shares Owned': 451, 'Allocation (%)': 18.9}, {'Stock': 'BA', 'Shares Owned': 268, 'Allocation (%)': 4.2}, {'Stock': 'META', 'Shares Owned': 181, 'Allocation (%)': 1.07}, {'Stock': 'ADBE', 'Shares Owned': 51, 'Allocation (%)': 1.0}, {'Stock': 'BND', 'Shares Owned': 471, 'Allocation (%)': 1.0}, {'Stock': 'Allianz', 'Shares Owned': 206, 'Allocation (%)': 1.0}, {'Stock': 'EFA', 'Shares Owned': 335, 'Allocation (%)': 1.0}, {'Stock': 'Siemens', 'Shares Owned': 439, 'Allocation (%)': 0.9999999999999956}]",Cynthia Baker, ran a quant hedge fund and achieved financial independence.,Non-Affluent
Karen Doyle,1992-09-17,LI,Female,Widowed,Insurance broker,Robertson Inc,29,"54171 Jackson Estate Suite 267, Aguilartown, DE 35575",677-584-3195x70336,chasechristian@example.org,Checking,BTDT96292616842481,CHF,118902.08,480.08,206575.84,158022.48,199827.52,0,"['Checking Account', 'Savings Account']","Inheritance, Savings, Salary","Client has moderate knowledge of financial markets, primarily investing in mutual funds and fixed income securities. Familiar with basic risk-return tradeoffs and market volatility, but prefers conservative investment strategies.",Capital Preservation,"Client assessed as low-to-medium risk. Domestic income and salary align with monthly transactions, but moderate exposure to alternative investments noted.",Verification of ID documents and employment completed. Tax residency confirmed. Client is not on any sanctions or PEP lists. AML monitoring recommended due to international investment exposure.,No,Cleared,High,High,CH,RM serviced PB,"[{'Stock': 'AAPL', 'Shares Owned': 15, 'Allocation (%)': 27.51}, {'Stock': 'ADA', 'Shares Owned': 448, 'Allocation (%)': 61.9}, {'Stock': 'ARKF', 'Shares Owned': 83, 'Allocation (%)': 3.3}, {'Stock': 'USO', 'Shares Owned': 175, 'Allocation (%)': 1.24}, {'Stock': 'INTC', 'Shares Owned': 247, 'Allocation (%)': 1.03}, {'Stock': 'LVMH', 'Shares Owned': 213, 'Allocation (%)': 1.02}, {'Stock': 'BASF', 'Shares Owned': 490, 'Allocation (%)': 1.0}, {'Stock': 'ARKG', 'Shares Owned': 58, 'Allocation (%)': 1.0}, {'Stock': 'MSFT', 'Shares Owned': 498, 'Allocation (%)': 1.0}, {'Stock': 'TIP', 'Shares Owned': 383, 'Allocation (%)': 0.999999999999996}]",Arthur Elliott, invested early in tech stocks but lost it all in a crash.,UHNWI
Robert Gonzales,1969-03-08,LI,Female,Divorced,Records manager,Williamson Inc,25,"USNV Gardner, FPO AP 73522",773-622-5363,jocelyn55@example.org,Checking,SMCH00412474915746,CHF,99372.48,5433.88,1222726.36,333795.0,75548.68,2,"['Checking Account', 'Savings Account']","Business Income, Investments","Client has extensive experience investing in equities, bonds, ETFs, and mutual funds. Demonstrates strong understanding of portfolio diversification and risk management techniques. Has previously invested in alternative assets such as real estate funds and structured products.",Moderate Growth,Client assessed as high-risk due to high-value international transactions and exposure to high-volatility assets. Requires enhanced monitoring and periodic review.,All identification documents verified. Employment and income confirmed via supporting documents. PEP check cleared. Sanctions screening completed. AML risk is low. No discrepancies found during due diligence.,No,Cleared,High,High,CH,Com. & Retail,"[{'Stock': 'Volkswagen', 'Shares Owned': 275, 'Allocation (%)': 51.52}, {'Stock': 'ARKF', 'Shares Owned': 413, 'Allocation (%)': 30.1}, {'Stock': 'AGG', 'Shares Owned': 256, 'Allocation (%)': 2.4}, {'Stock': 'TIP', 'Shares Owned': 143, 'Allocation (%)': 2.64}, {'Stock': 'GE', 'Shares Owned': 251, 'Allocation (%)': 1.35}, {'Stock': 'EEM', 'Shares Owned': 315, 'Allocation (%)': 7.45}, {'Stock': 'BASF', 'Shares Owned': 356, 'Allocation (%)': 1.47}, {'Stock': 'CVX', 'Shares Owned': 55, 'Allocation (%)': 1.06}, {'Stock': 'NVDA', 'Shares Owned': 454, 'Allocation (%)': 1.0}, {'Stock': 'AMZN', 'Shares Owned': 62, 'Allocation (%)': 1.009999999999995}]",Mary Greene, launched a coffee chain but lost it all in a crash.,UHNWI
Randy Reynolds,1985-07-07,LI,Female,Divorced,Waste management officer,Figueroa Inc,23,"896 Santiago Curve Suite 614, Jenniferland, WA 60449",944.528.1240x24816,marthajones@example.net,Checking,DLDR18177668074732,CHF,92027.8,5248.92,413809.24,232353.96,28290.04,1,"['Savings Account', 'Investment Account']","Business Income, Investments","Client has moderate knowledge of financial markets, primarily investing in mutual funds and fixed income securities. Familiar with basic risk-return tradeoffs and market volatility, but prefers conservative investment strategies.",Moderate Growth,Client assessed as low-risk. Transaction behavior is consistent with reported income. No history of suspicious activity. Domestic and regulated international income sources only.,Full KYC verification completed. Risk assessment and AML checks cleared. Client demonstrates transparency in source of funds and investment objectives.,Yes,Cleared,High,High,LU,EAM,"[{'Stock': 'SAP', 'Shares Owned': 403, 'Allocation (%)': 80.7}, {'Stock': 'Volkswagen', 'Shares Owned': 101, 'Allocation (%)': 3.67}, {'Stock': 'Siemens', 'Shares Owned': 400, 'Allocation (%)': 7.32}, {'Stock': 'Allianz', 'Shares Owned': 319, 'Allocation (%)': 1.92}, {'Stock': 'SPY', 'Shares Owned': 314, 'Allocation (%)': 1.04}, {'Stock': 'BA', 'Shares Owned': 296, 'Allocation (%)': 1.12}, {'Stock': 'AMZN', 'Shares Owned': 68, 'Allocation (%)': 1.05}, {'Stock': 'ARKG', 'Shares Owned': 278, 'Allocation (%)': 1.06}, {'Stock': 'MSFT', 'Shares Owned': 133, 'Allocation (%)': 1.07}, {'Stock': 'XOM', 'Shares Owned': 293, 'Allocation (%)': 1.049999999999997}]",Cynthia Baker, ran a quant hedge fund and achieved financial independence.,Non-Affluent
John Craig,1997-10-10,LI,Male,Widowed,Barista,Mcpherson PLC,23,"21097 Sandoval Light Apt. 355, Curtisland, MP 57915",(298)747-5979x721,melissasmith@example.org,Savings,EFVS76848789687704,CHF,86617.72,3617.6,917001.08,86074.4,203572.96,3,"['Checking Account', 'Savings Account']","Salary, Rental Income, Stock Investments","Client has extensive experience investing in equities, bonds, ETFs, and mutual funds. Demonstrates strong understanding of portfolio diversification and risk management techniques. Has previously invested in alternative assets such as real estate funds and structured products.",Income Generation,Client assessed as medium-risk. Some international investments noted. Transactions slightly higher than expected for profile but consistent with disclosed sources of wealth.,"Documents partially verified. Further verification of employment and income recommended. PEP check cleared, but client flagged for high-value international transactions. Periodic compliance review required.",Yes,Cleared,High,Low,BVI,Com. & Retail,"[{'Stock': 'AGG', 'Shares Owned': 323, 'Allocation (%)': 14.48}, {'Stock': 'Volkswagen', 'Shares Owned': 285, 'Allocation (%)': 74.52}, {'Stock': 'EFA', 'Shares Owned': 312, 'Allocation (%)': 1.51}, {'Stock': 'CAT', 'Shares Owned': 497, 'Allocation (%)': 2.46}, {'Stock': 'ARKG', 'Shares Owned': 13, 'Allocation (%)': 1.86}, {'Stock': 'BND', 'Shares Owned': 429, 'Allocation (%)': 1.03}, {'Stock': 'Allianz', 'Shares Owned': 488, 'Allocation (%)': 1.04}, {'Stock': 'USO', 'Shares Owned': 472, 'Allocation (%)': 1.04}, {'Stock': 'GLD', 'Shares Owned': 336, 'Allocation (%)': 1.04}, {'Stock': 'BTC', 'Shares Owned': 342, 'Allocation (%)': 1.0199999999999996}]",Cynthia Baker, focused on real estate and keeps growing steadily.,Affluent
William Rojas,1990-02-20,DE,Male,Single,Newspaper journalist,Smith Inc,24,"USCGC Thomas, FPO AP 14795",+1-408-854-1597x398,harrisonjacob@example.net,Savings,GVUT82641707036835,CHF,69371.56,718.08,710980.12,330627.56,96020.76,1,['Savings Account'],"Salary, Rental Income, Stock Investments","Client is highly knowledgeable about derivatives, structured products, and alternative investment vehicles. Experience includes cryptocurrency investments and international equities. Understands hedging and leverage strategies.",Capital Preservation,"Client assessed as low-to-medium risk. Domestic income and salary align with monthly transactions, but moderate exposure to alternative investments noted.",All identification documents verified. Employment and income confirmed via supporting documents. PEP check cleared. Sanctions screening completed. AML risk is low. No discrepancies found during due diligence.,Yes,Cleared,Low,Medium,CH,EAM,"[{'Stock': 'SLV', 'Shares Owned': 414, 'Allocation (%)': 68.71}, {'Stock': 'CAT', 'Shares Owned': 278, 'Allocation (%)': 19.54}, {'Stock': 'NFLX', 'Shares Owned': 384, 'Allocation (%)': 4.59}, {'Stock': 'Siemens', 'Shares Owned': 10, 'Allocation (%)': 1.05}, {'Stock': 'NVDA', 'Shares Owned': 317, 'Allocation (%)': 1.05}, {'Stock': 'BA', 'Shares Owned': 422, 'Allocation (%)': 1.06}, {'Stock': 'NEE', 'Shares Owned': 101, 'Allocation (%)': 1.0}, {'Stock': 'SOL', 'Shares Owned': 379, 'Allocation (%)': 1.0}, {'Stock': 'LVMH', 'Shares Owned': 164, 'Allocation (%)': 1.0}, {'Stock': 'BTC', 'Shares Owned': 489, 'Allocation (%)': 1.000000000000007}]",Cynthia Baker, ran a quant hedge fund and keeps growing steadily.,Non-Affluent
Anthony Bright,1966-07-25,DE,Male,Married,"Teacher, secondary school","Williamson, Taylor and Patton",7,"6791 Traci Station, Coreyport, HI 94070",+1-520-204-1398,donaldfleming@example.org,Savings,DFZG33751198590343,CHF,106977.6,3069.52,504479.08,146644.04,61320.36,3,"['Savings Account', 'Investment Account']","Business Income, Investments","Client has moderate knowledge of financial markets, primarily investing in mutual funds and fixed income securities. Familiar with basic risk-return tradeoffs and market volatility, but prefers conservative investment strategies.",Capital Preservation,Client assessed as medium-risk. Some international investments noted. Transactions slightly higher than expected for profile but consistent with disclosed sources of wealth.,Verification of ID documents and employment completed. Tax residency confirmed. Client is not on any sanctions or PEP lists. AML monitoring recommended due to international investment exposure.,No,Cleared,High,Low,LI,RM serviced PB,"[{'Stock': 'SAP', 'Shares Owned': 179, 'Allocation (%)': 34.9}, {'Stock': 'TIP', 'Shares Owned': 221, 'Allocation (%)': 46.16}, {'Stock': 'QQQ', 'Shares Owned': 475, 'Allocation (%)': 4.25}, {'Stock': 'AMZN', 'Shares Owned': 398, 'Allocation (%)': 6.65}, {'Stock': 'Novartis', 'Shares Owned': 157, 'Allocation (%)': 2.68}, {'Stock': 'MSFT', 'Shares Owned': 394, 'Allocation (%)': 1.16}, {'Stock': 'VTI', 'Shares Owned': 154, 'Allocation (%)': 1.05}, {'Stock': 'NEE', 'Shares Owned': 308, 'Allocation (%)': 1.02}, {'Stock': 'META', 'Shares Owned': 274, 'Allocation (%)': 1.1}, {'Stock': 'ETH', 'Shares Owned': 335, 'Allocation (%)': 1.0299999999999976}]",Cynthia Baker, invested early in tech stocks and lives quietly by the sea.,UHNWI
Elizabeth Wall,1973-06-05,CH,Male,Married,Osteopath,Ballard-Pratt,12,"2773 Johnson Village, Markfurt, OH 05673",+1-763-390-9649,nrodriguez@example.org,Savings,NBES11758203961612,CHF,115169.56,6384.52,1290182.36,199914.56,249316.56,0,"['Savings Account', 'Investment Account']","Inheritance, Savings, Salary","Client is highly knowledgeable about derivatives, structured products, and alternative investment vehicles. Experience includes cryptocurrency investments and international equities. Understands hedging and leverage strategies.",Moderate Growth,Client assessed as medium-risk. Some international investments noted. Transactions slightly higher than expected for profile but consistent with disclosed sources of wealth.,Verification of ID documents and employment completed. Tax residency confirmed. Client is not on any sanctions or PEP lists. AML monitoring recommended due to international investment exposure.,No,Cleared,Medium,Low,LU,RM serviced PB,"[{'Stock': 'VTI', 'Shares Owned': 15, 'Allocation (%)': 30.69}, {'Stock': 'TSLA', 'Shares Owned': 20, 'Allocation (%)': 22.52}, {'Stock': 'ARKF', 'Shares Owned': 70, 'Allocation (%)': 20.21}, {'Stock': 'GOOGL', 'Shares Owned': 197, 'Allocation (%)': 16.4}, {'Stock': 'SLV', 'Shares Owned': 285, 'Allocation (%)': 4.51}, {'Stock': 'CAT', 'Shares Owned': 333, 'Allocation (%)': 1.07}, {'Stock': 'AAPL', 'Shares Owned': 446, 'Allocation (%)': 1.38}, {'Stock': 'NVDA', 'Shares Owned': 300, 'Allocation (%)': 1.16}, {'Stock': 'QQQ', 'Shares Owned': 272, 'Allocation (%)': 1.01}, {'Stock': 'BASF', 'Shares Owned': 143, 'Allocation (%)': 1.0500000000000067}]",Mary Greene, launched a coffee chain and retired early.,UHNWI
David Chapman,1969-10-26,CH,Male,Single,"Engineer, energy","Robinson, Blake and Thompson",27,"4875 Beasley Lights Apt. 878, West Kenneth, MP 39315",8503510558,joshuacombs@example.org,Checking,RDIO00084738163933,CHF,84657.96,3453.72,932783.2,105810.72,148605.84,0,"['Checking Account', 'Savings Account']","Inheritance, Savings, Salary","Client is highly knowledgeable about derivatives, structured products, and alternative investment vehicles. Experience includes cryptocurrency investments and international equities. Understands hedging and leverage strategies.",Moderate Growth,Client assessed as medium-risk. Some international investments noted. Transactions slightly higher than expected for profile but consistent with disclosed sources of wealth.,Full KYC verification completed. Risk assessment and AML checks cleared. Client demonstrates transparency in source of funds and investment objectives.,No,Cleared,Medium,High,LI,EAM,"[{'Stock': 'NFLX', 'Shares Owned': 496, 'Allocation (%)': 30.43}, {'Stock': 'NEE', 'Shares Owned': 145, 'Allocation (%)': 18.43}, {'Stock': 'BA', 'Shares Owned': 314, 'Allocation (%)': 42.77}, {'Stock': 'BND', 'Shares Owned': 70, 'Allocation (%)': 1.59}, {'Stock': 'ADBE', 'Shares Owned': 243, 'Allocation (%)': 1.76}, {'Stock': 'SOL', 'Shares Owned': 40, 'Allocation (%)': 1.01}, {'Stock': 'ADA', 'Shares Owned': 395, 'Allocation (%)': 1.0}, {'Stock': 'ARKQ', 'Shares Owned': 364, 'Allocation (%)': 1.0}, {'Stock': 'TSLA', 'Shares Owned': 118, 'Allocation (%)': 1.0}, {'Stock': 'META', 'Shares Owned': 104, 'Allocation (%)': 1.009999999999991}]",Mary Greene, focused on real estate and keeps growing steadily.,Affluent
Barry Thompson,1983-12-24,DE,Male,Divorced,"Psychologist, clinical",Nelson LLC,15,"998 Jacobs Dam Suite 392, West Joelton, MI 98810",563-763-5500,vreed@example.com,Savings,CVRZ38031394364307,CHF,91165.56,4398.92,978407.8,120032.92,170478.04,0,"['Checking Account', 'Savings Account', 'Investment Account']","Business Income, Investments","Client is highly knowledgeable about derivatives, structured products, and alternative investment vehicles. Experience includes cryptocurrency investments and international equities. Understands hedging and leverage strategies.",Income Generation,Client assessed as low-risk. Transaction behavior is consistent with reported income. No history of suspicious activity. Domestic and regulated international income sources only.,Full KYC verification completed. Risk assessment and AML checks cleared. Client demonstrates transparency in source of funds and investment objectives.,Yes,Cleared,Low,Low,LI,Com. & Retail,"[{'Stock': 'EEM', 'Shares Owned': 128, 'Allocation (%)': 88.99}, {'Stock': 'INTC', 'Shares Owned': 356, 'Allocation (%)': 2.88}, {'Stock': 'XOM', 'Shares Owned': 256, 'Allocation (%)': 1.0}, {'Stock': 'CVX', 'Shares Owned': 29, 'Allocation (%)': 1.05}, {'Stock': 'ARKQ', 'Shares Owned': 157, 'Allocation (%)': 1.01}, {'Stock': 'CAT', 'Shares Owned': 297, 'Allocation (%)': 1.0}, {'Stock': 'SLV', 'Shares Owned': 199, 'Allocation (%)': 1.02}, {'Stock': 'GLD', 'Shares Owned': 335, 'Allocation (%)': 1.05}, {'Stock': 'ARKG', 'Shares Owned': 165, 'Allocation (%)': 1.0}, {'Stock': 'Volkswagen', 'Shares Owned': 49, 'Allocation (%)': 1.0000000000000062}]",Arthur Elliott, launched a coffee chain and keeps growing steadily.,Non-Affluent
Jeremy Norton MD,1986-07-05,LI,Female,Widowed,Chartered legal executive (England and Wales),Carey-Orr,1,"237 Powell Plain, North Courtney, IN 63298",001-297-377-2326x8582,cartertiffany@example.net,Checking,QEDC21989573960421,CHF,116912.4,5744.64,880697.92,172473.16,254884.4,0,"['Checking Account', 'Savings Account', 'Investment Account']","Business Income, Investments","Client is highly knowledgeable about derivatives, structured products, and alternative investment vehicles. Experience includes cryptocurrency investments and international equities. Understands hedging and leverage strategies.",Income Generation,Client assessed as high-risk due to high-value international transactions and exposure to high-volatility assets. Requires enhanced monitoring and periodic review.,Verification of ID documents and employment completed. Tax residency confirmed. Client is not on any sanctions or PEP lists. AML monitoring recommended due to international investment exposure.,No,Cleared,Low,High,LU,Com. & Retail,"[{'Stock': 'NEE', 'Shares Owned': 285, 'Allocation (%)': 45.63}, {'Stock': 'Allianz', 'Shares Owned': 187, 'Allocation (%)': 30.97}, {'Stock': 'BA', 'Shares Owned': 276, 'Allocation (%)': 3.01}, {'Stock': 'SPY', 'Shares Owned': 277, 'Allocation (%)': 3.86}, {'Stock': 'NFLX', 'Shares Owned': 56, 'Allocation (%)': 6.16}, {'Stock': 'CVX', 'Shares Owned': 420, 'Allocation (%)': 4.16}, {'Stock': 'USO', 'Shares Owned': 76, 'Allocation (%)': 2.55}, {'Stock': 'GOOGL', 'Shares Owned': 68, 'Allocation (%)': 1.28}, {'Stock': 'ARKG', 'Shares Owned': 241, 'Allocation (%)': 1.13}, {'Stock': 'Volkswagen', 'Shares Owned': 159, 'Allocation (%)': 1.2500000000000009}]",Arthur Elliott, bet big on crypto and retired early.,UHNWI
Brenda Anderson,1968-07-07,CH,Male,Widowed,Counsellor,Zuniga-Mcknight,14,"0743 Smith Radial Suite 560, Lindseyborough, PR 32378",(501)201-0314,bvazquez@example.org,Savings,SQUW99545405126381,CHF,96398.16,5048.32,213410.52,138447.32,127841.36,0,"['Savings Account', 'Investment Account']","Salary, Rental Income, Stock Investments","Client is highly knowledgeable about derivatives, structured products, and alternative investment vehicles. Experience includes cryptocurrency investments and international equities. Understands hedging and leverage strategies.",Moderate Growth,"Client assessed as low-to-medium risk. Domestic income and salary align with monthly transactions, but moderate exposure to alternative investments noted.",Full KYC verification completed. Risk assessment and AML checks cleared. Client demonstrates transparency in source of funds and investment objectives.,Yes,Cleared,High,High,CH,EAM,"[{'Stock': 'QQQ', 'Shares Owned': 330, 'Allocation (%)': 18.63}, {'Stock': 'ARKF', 'Shares Owned': 86, 'Allocation (%)': 38.49}, {'Stock': 'BASF', 'Shares Owned': 331, 'Allocation (%)': 20.36}, {'Stock': 'Allianz', 'Shares Owned': 450, 'Allocation (%)': 14.16}, {'Stock': 'INTC', 'Shares Owned': 242, 'Allocation (%)': 1.64}, {'Stock': 'VTI', 'Shares Owned': 296, 'Allocation (%)': 2.1}, {'Stock': 'ARKQ', 'Shares Owned': 446, 'Allocation (%)': 1.56}, {'Stock': 'NVDA', 'Shares Owned': 197, 'Allocation (%)': 1.02}, {'Stock': 'GE', 'Shares Owned': 105, 'Allocation (%)': 1.03}, {'Stock': 'ADBE', 'Shares Owned': 64, 'Allocation (%)': 1.0100000000000027}]",Cynthia Baker, focused on real estate and retired early.,Affluent
Jennifer Leonard,1964-05-01,CH,Male,Divorced,Tourist information centre manager,Manning-Osborn,16,"15450 William Circle, Williamsville, IA 22081",(923)484-1484x6498,pcarroll@example.net,Savings,VWGY31395444978024,CHF,82263.68,2882.52,704484.08,195187.88,95335.32,0,"['Checking Account', 'Savings Account']","Salary, Rental Income, Stock Investments","Client has moderate knowledge of financial markets, primarily investing in mutual funds and fixed income securities. Familiar with basic risk-return tradeoffs and market volatility, but prefers conservative investment strategies.",Income Generation,Client assessed as low-risk. Transaction behavior is consistent with reported income. No history of suspicious activity. Domestic and regulated international income sources only.,Full KYC verification completed. Risk assessment and AML checks cleared. Client demonstrates transparency in source of funds and investment objectives.,No,Cleared,High,Low,LI,Com. & Retail,"[{'Stock': 'GLD', 'Shares Owned': 487, 'Allocation (%)': 28.06}, {'Stock': 'XOM', 'Shares Owned': 447, 'Allocation (%)': 50.98}, {'Stock': 'TIP', 'Shares Owned': 330, 'Allocation (%)': 13.73}, {'Stock': 'BASF', 'Shares Owned': 186, 'Allocation (%)': 1.06}, {'Stock': 'EEM', 'Shares Owned': 427, 'Allocation (%)': 1.09}, {'Stock': 'ARKK', 'Shares Owned': 426, 'Allocation (%)': 1.07}, {'Stock': 'Roche', 'Shares Owned': 190, 'Allocation (%)': 1.01}, {'Stock': 'EFA', 'Shares Owned': 137, 'Allocation (%)': 1.0}, {'Stock': 'USO', 'Shares Owned': 288, 'Allocation (%)': 1.0}, {'Stock': 'ADBE', 'Shares Owned': 364, 'Allocation (%)': 1.0}]",Mary Greene, launched a coffee chain and achieved financial independence.,UHNWI
Angela Vang,1991-06-05,DE,Male,Married,"Engineer, chemical",Castro-Campbell,19,"0959 Walker Trail Suite 443, South John, KS 31299",(872)445-2949,michael35@example.net,Checking,DYXH21478392716746,CHF,83034.8,1560.6,1323037.92,239775.48,213550.6,2,['Savings Account'],"Salary, Rental Income, Stock Investments","Client is highly knowledgeable about derivatives, structured products, and alternative investment vehicles. Experience includes cryptocurrency investments and international equities. Understands hedging and leverage strategies.",Aggressive Growth,Client assessed as high-risk due to high-value international transactions and exposure to high-volatility assets. Requires enhanced monitoring and periodic review.,Full KYC verification completed. Risk assessment and AML checks cleared. Client demonstrates transparency in source of funds and investment objectives.,No,Cleared,Low,Low,LI,RM serviced PB,"[{'Stock': 'NEE', 'Shares Owned': 320, 'Allocation (%)': 24.07}, {'Stock': 'ADBE', 'Shares Owned': 76, 'Allocation (%)': 39.2}, {'Stock': 'ARKQ', 'Shares Owned': 173, 'Allocation (%)': 17.84}, {'Stock': 'NVDA', 'Shares Owned': 474, 'Allocation (%)': 12.88}, {'Stock': 'SLV', 'Shares Owned': 30, 'Allocation (%)': 1.01}, {'Stock': 'LVMH', 'Shares Owned': 100, 'Allocation (%)': 1.0}, {'Stock': 'TSLA', 'Shares Owned': 243, 'Allocation (%)': 1.0}, {'Stock': 'Allianz', 'Shares Owned': 18, 'Allocation (%)': 1.0}, {'Stock': 'META', 'Shares Owned': 369, 'Allocation (%)': 1.0}, {'Stock': 'GOOGL', 'Shares Owned': 54, 'Allocation (%)': 1.0000000000000036}]",Mary Greene, built a fintech startup and keeps growing steadily.,UHNWI
Jonathan Johnston,1977-09-04,LI,Female,Single,"Engineer, drilling",Turner Ltd,5,"7006 Alejandro Trail, New Matthewbury, VA 29418",001-443-542-7651,emontoya@example.com,Savings,ETTL47308396626530,CHF,71181.72,5565.8,914398.04,132807.4,71515.6,0,"['Checking Account', 'Savings Account']","Salary, Real Estate, Capital Gains",Client possesses practical experience in stock markets and ETFs. Has some knowledge of portfolio rebalancing and tax-efficient investment strategies.,Capital Preservation,"Client assessed as low-to-medium risk. Domestic income and salary align with monthly transactions, but moderate exposure to alternative investments noted.",Full KYC verification completed. Risk assessment and AML checks cleared. Client demonstrates transparency in source of funds and investment objectives.,No,Cleared,Medium,High,SG,EAM,"[{'Stock': 'ETH', 'Shares Owned': 52, 'Allocation (%)': 10.3}, {'Stock': 'QQQ', 'Shares Owned': 19, 'Allocation (%)': 7.79}, {'Stock': 'BA', 'Shares Owned': 39, 'Allocation (%)': 6.2}, {'Stock': 'META', 'Shares Owned': 234, 'Allocation (%)': 52.59}, {'Stock': 'SAP', 'Shares Owned': 320, 'Allocation (%)': 5.91}, {'Stock': 'TSLA', 'Shares Owned': 394, 'Allocation (%)': 3.74}, {'Stock': 'BND', 'Shares Owned': 266, 'Allocation (%)': 3.04}, {'Stock': 'NEE', 'Shares Owned': 54, 'Allocation (%)': 6.99}, {'Stock': 'AMZN', 'Shares Owned': 179, 'Allocation (%)': 1.78}, {'Stock': 'ARKK', 'Shares Owned': 28, 'Allocation (%)': 1.6599999999999888}]",Mary Greene, built a fintech startup and keeps growing steadily.,Non-Affluent
Heather Jones,1968-03-24,CH,Male,Married,Hydrographic surveyor,Ramirez Ltd,11,"226 Meyer Ways, Medinaland, DC 25087",+1-706-268-1119x91323,rachel74@example.net,Checking,WBHG31323491021731,CHF,109415.4,5101.36,556824.8,43832.12,156886.2,2,"['Checking Account', 'Savings Account']","Business Income, Investments","Client has extensive experience investing in equities, bonds, ETFs, and mutual funds. Demonstrates strong understanding of portfolio diversification and risk management techniques. Has previously invested in alternative assets such as real estate funds and structured products.",Aggressive Growth,Client assessed as high-risk due to high-value international transactions and exposure to high-volatility assets. Requires enhanced monitoring and periodic review.,Full KYC verification completed. Risk assessment and AML checks cleared. Client demonstrates transparency in source of funds and investment objectives.,Yes,Cleared,Low,Low,CH,Com. & Retail,"[{'Stock': 'Allianz', 'Shares Owned': 162, 'Allocation (%)': 37.94}, {'Stock': 'NEE', 'Shares Owned': 295, 'Allocation (%)': 29.05}, {'Stock': 'ARKQ', 'Shares Owned': 406, 'Allocation (%)': 19.73}, {'Stock': 'Siemens', 'Shares Owned': 189, 'Allocation (%)': 7.26}, {'Stock': 'AAPL', 'Shares Owned': 382, 'Allocation (%)': 1.02}, {'Stock': 'Roche', 'Shares Owned': 117, 'Allocation (%)': 1.0}, {'Stock': 'LVMH', 'Shares Owned': 47, 'Allocation (%)': 1.0}, {'Stock': 'BND', 'Shares Owned': 146, 'Allocation (%)': 1.0}, {'Stock': 'EFA', 'Shares Owned': 442, 'Allocation (%)': 1.0}, {'Stock': 'BTC', 'Shares Owned': 280, 'Allocation (%)': 1.0000000000000053}]",Cynthia Baker, focused on real estate but lost it all in a crash.,UHNWI
Jesse Jackson,1979-01-20,CH,Male,Single,Homeopath,Baker Ltd,19,"27626 Shawna Mission Suite 188, New Amandamouth, MN 95218",840.588.7689,jamieblack@example.net,Savings and Investment,CRNF19430082702135,CHF,128981.72,1371.56,1320593.32,79919.04,230522.04,2,['Savings Account'],"Salary, Real Estate, Capital Gains","Client has moderate knowledge of financial markets, primarily investing in mutual funds and fixed income securities. Familiar with basic risk-return tradeoffs and market volatility, but prefers conservative investment strategies.",Aggressive Growth,"Client assessed as low-to-medium risk. Domestic income and salary align with monthly transactions, but moderate exposure to alternative investments noted.",All identification documents verified. Employment and income confirmed via supporting documents. PEP check cleared. Sanctions screening completed. AML risk is low. No discrepancies found during due diligence.,No,Cleared,High,Low,BVI,RM serviced PB,"[{'Stock': 'SPY', 'Shares Owned': 401, 'Allocation (%)': 70.77}, {'Stock': 'ARKK', 'Shares Owned': 161, 'Allocation (%)': 11.06}, {'Stock': 'META', 'Shares Owned': 276, 'Allocation (%)': 1.88}, {'Stock': 'ARKF', 'Shares Owned': 470, 'Allocation (%)': 4.74}, {'Stock': 'AAPL', 'Shares Owned': 356, 'Allocation (%)': 6.52}, {'Stock': 'TIP', 'Shares Owned': 231, 'Allocation (%)': 1.03}, {'Stock': 'QQQ', 'Shares Owned': 315, 'Allocation (%)': 1.0}, {'Stock': 'Allianz', 'Shares Owned': 205, 'Allocation (%)': 1.0}, {'Stock': 'GOOGL', 'Shares Owned': 493, 'Allocation (%)': 1.0}, {'Stock': 'Volkswagen', 'Shares Owned': 260, 'Allocation (%)': 1.0000000000000027}]",Mary Greene, invested early in tech stocks and retired early.,UHNWI
Rachel Wright,1964-05-18,CH,Male,Divorced,Fisheries officer,Watkins-Rose,6,"862 Bowen Trail, New Jaredborough, DE 79742",(306)268-1743,jenniferrowe@example.org,Savings and Investment,UEDO86279977033524,CHF,93286.48,5666.44,1085579.88,168574.04,270738.6,2,"['Checking Account', 'Savings Account', 'Investment Account']","Salary, Real Estate, Capital Gains",Client possesses practical experience in stock markets and ETFs. Has some knowledge of portfolio rebalancing and tax-efficient investment strategies.,Aggressive Growth,Client assessed as high-risk due to high-value international transactions and exposure to high-volatility assets. Requires enhanced monitoring and periodic review.,Verification of ID documents and employment completed. Tax residency confirmed. Client is not on any sanctions or PEP lists. AML monitoring recommended due to international investment exposure.,Yes,Cleared,High,High,BVI,Com. & Retail,"[{'Stock': 'Roche', 'Shares Owned': 146, 'Allocation (%)': 28.7}, {'Stock': 'Siemens', 'Shares Owned': 345, 'Allocation (%)': 30.0}, {'Stock': 'SAP', 'Shares Owned': 416, 'Allocation (%)': 19.22}, {'Stock': 'SPY', 'Shares Owned': 243, 'Allocation (%)': 14.9}, {'Stock': 'ADA', 'Shares Owned': 84, 'Allocation (%)': 1.91}, {'Stock': 'CVX', 'Shares Owned': 493, 'Allocation (%)': 1.09}, {'Stock': 'AMZN', 'Shares Owned': 254, 'Allocation (%)': 1.01}, {'Stock': 'EFA', 'Shares Owned': 349, 'Allocation (%)': 1.05}, {'Stock': 'GOOGL', 'Shares Owned': 293, 'Allocation (%)': 1.02}, {'Stock': 'Volkswagen', 'Shares Owned': 442, 'Allocation (%)': 1.0999999999999983}]",Cynthia Baker, launched a coffee chain and achieved financial independence.,Non-Affluent
Doris Payne,1974-03-04,CH,Female,Widowed,Textile designer,"Copeland, Garrett and Clements",6,"Unit 4460 Box 4890, DPO AP 72381",684-692-7442x917,matthew27@example.org,Savings,JJTD25917565265345,CHF,75732.28,4196.28,977707.4,200213.76,58977.08,2,['Savings Account'],"Business Income, Investments","Client has moderate knowledge of financial markets, primarily investing in mutual funds and fixed income securities. Familiar with basic risk-return tradeoffs and market volatility, but prefers conservative investment strategies.",Moderate Growth,Client assessed as medium-risk. Some international investments noted. Transactions slightly higher than expected for profile but consistent with disclosed sources of wealth.,All identification documents verified. Employment and income confirmed via supporting documents. PEP check cleared. Sanctions screening completed. AML risk is low. No discrepancies found during due diligence.,No,Cleared,High,Medium,LI,EAM,"[{'Stock': 'SLV', 'Shares Owned': 91, 'Allocation (%)': 53.49}, {'Stock': 'MSFT', 'Shares Owned': 367, 'Allocation (%)': 6.38}, {'Stock': 'ADBE', 'Shares Owned': 496, 'Allocation (%)': 14.28}, {'Stock': 'QQQ', 'Shares Owned': 239, 'Allocation (%)': 17.01}, {'Stock': 'TSLA', 'Shares Owned': 146, 'Allocation (%)': 3.28}, {'Stock': 'Roche', 'Shares Owned': 301, 'Allocation (%)': 1.36}, {'Stock': 'ARKF', 'Shares Owned': 94, 'Allocation (%)': 1.19}, {'Stock': 'AAPL', 'Shares Owned': 329, 'Allocation (%)': 1.0}, {'Stock': 'NVDA', 'Shares Owned': 161, 'Allocation (%)': 1.01}, {'Stock': 'ETH', 'Shares Owned': 40, 'Allocation (%)': 0.9999999999999931}]",Mary Greene, built a fintech startup and achieved financial independence.,Non-Affluent
Nichole Davis DVM,1970-01-26,DE,Female,Married,"Engineer, petroleum","Diaz, Smith and Griffin",23,"748 Webb Prairie Suite 103, Lake Tiffany, VT 99217",(984)569-4429,robinsonhannah@example.com,Savings,UWBQ80984247778438,CHF,95282.96,4171.12,1318110.64,329411.72,243898.32,2,"['Savings Account', 'Investment Account']","Salary, Real Estate, Capital Gains",Client possesses practical experience in stock markets and ETFs. Has some knowledge of portfolio rebalancing and tax-efficient investment strategies.,Income Generation,Client assessed as medium-risk. Some international investments noted. Transactions slightly higher than expected for profile but consistent with disclosed sources of wealth.,"Documents partially verified. Further verification of employment and income recommended. PEP check cleared, but client flagged for high-value international transactions. Periodic compliance review required.",No,Cleared,Low,High,SG,RM serviced PB,"[{'Stock': 'Roche', 'Shares Owned': 181, 'Allocation (%)': 39.8}, {'Stock': 'ARKQ', 'Shares Owned': 254, 'Allocation (%)': 10.3}, {'Stock': 'Novartis', 'Shares Owned': 422, 'Allocation (%)': 11.4}, {'Stock': 'ARKG', 'Shares Owned': 305, 'Allocation (%)': 27.15}, {'Stock': 'QQQ', 'Shares Owned': 64, 'Allocation (%)': 6.18}, {'Stock': 'AGG', 'Shares Owned': 470, 'Allocation (%)': 1.09}, {'Stock': 'Siemens', 'Shares Owned': 25, 'Allocation (%)': 1.05}, {'Stock': 'META', 'Shares Owned': 110, 'Allocation (%)': 1.01}, {'Stock': 'MSFT', 'Shares Owned': 470, 'Allocation (%)': 1.02}, {'Stock': 'GE', 'Shares Owned': 257, 'Allocation (%)': 1.0000000000000093}]",Mary Greene, launched a coffee chain and became a mentor.,Affluent
James Morris,1983-03-31,LI,Male,Divorced,Advertising art director,Spencer LLC,6,"4141 Waller Mews Apt. 715, Marytown, HI 22324",(406)702-9875,joanna02@example.net,Savings and Investment,BIZD23896940290020,CHF,112823.56,5051.04,1240320.0,176214.52,213683.88,2,['Savings Account'],"Inheritance, Savings, Salary","Client has moderate knowledge of financial markets, primarily investing in mutual funds and fixed income securities. Familiar with basic risk-return tradeoffs and market volatility, but prefers conservative investment strategies.",Capital Preservation,Client assessed as medium-risk. Some international investments noted. Transactions slightly higher than expected for profile but consistent with disclosed sources of wealth.,Full KYC verification completed. Risk assessment and AML checks cleared. Client demonstrates transparency in source of funds and investment objectives.,No,Cleared,Medium,Low,SG,Com. & Retail,"[{'Stock': 'Roche', 'Shares Owned': 261, 'Allocation (%)': 57.79}, {'Stock': 'ETH', 'Shares Owned': 193, 'Allocation (%)': 18.37}, {'Stock': 'AMZN', 'Shares Owned': 95, 'Allocation (%)': 12.26}, {'Stock': 'Siemens', 'Shares Owned': 142, 'Allocation (%)': 4.33}, {'Stock': 'NVDA', 'Shares Owned': 296, 'Allocation (%)': 1.19}, {'Stock': 'GOOGL', 'Shares Owned': 153, 'Allocation (%)': 1.71}, {'Stock': 'NEE', 'Shares Owned': 476, 'Allocation (%)': 1.14}, {'Stock': 'XOM', 'Shares Owned': 474, 'Allocation (%)': 1.06}, {'Stock': 'QQQ', 'Shares Owned': 447, 'Allocation (%)': 1.1}, {'Stock': 'ARKG', 'Shares Owned': 144, 'Allocation (%)': 1.0500000000000007}]",Cynthia Baker, launched a coffee chain and achieved financial independence.,Affluent
Kristy Boyd,1963-02-02,CH,Female,Married,"Surveyor, commercial/residential",Taylor-Maldonado,19,"1728 Mcfarland Throughway Suite 612, Bennettshire, NJ 09615",001-439-629-1968,wreeves@example.com,Savings,KGMH63088318003899,CHF,63786.72,4169.76,429020.84,330588.12,195885.56,0,"['Checking Account', 'Savings Account']","Salary, Rental Income, Stock Investments",Client possesses practical experience in stock markets and ETFs. Has some knowledge of portfolio rebalancing and tax-efficient investment strategies.,Moderate Growth,Client assessed as medium-risk. Some international investments noted. Transactions slightly higher than expected for profile but consistent with disclosed sources of wealth.,Full KYC verification completed. Risk assessment and AML checks cleared. Client demonstrates transparency in source of funds and investment objectives.,No,Cleared,High,Low,LU,RM serviced PB,"[{'Stock': 'GE', 'Shares Owned': 479, 'Allocation (%)': 2.12}, {'Stock': 'BASF', 'Shares Owned': 165, 'Allocation (%)': 84.86}, {'Stock': 'XOM', 'Shares Owned': 205, 'Allocation (%)': 5.83}, {'Stock': 'ARKQ', 'Shares Owned': 54, 'Allocation (%)': 1.04}, {'Stock': 'Siemens', 'Shares Owned': 416, 'Allocation (%)': 1.09}, {'Stock': 'VTI', 'Shares Owned': 158, 'Allocation (%)': 1.04}, {'Stock': 'Volkswagen', 'Shares Owned': 202, 'Allocation (%)': 1.0}, {'Stock': 'GLD', 'Shares Owned': 155, 'Allocation (%)': 1.02}, {'Stock': 'EEM', 'Shares Owned': 145, 'Allocation (%)': 1.0}, {'Stock': 'CAT', 'Shares Owned': 64, 'Allocation (%)': 0.999999999999996}]",Cynthia Baker, built a fintech startup and achieved financial independence.,UHNWI
Julie Patterson,1974-08-23,LI,Male,Widowed,"Scientist, research (medical)",Lowe Ltd,27,"04649 Kristin Walk Suite 912, Port Andrewhaven, RI 69958",7398502609,michaelsparks@example.org,Checking,TOAC99409070231203,CHF,83685.56,1836.68,994191.28,202679.44,143938.32,3,"['Savings Account', 'Investment Account']","Inheritance, Savings, Salary",Client possesses practical experience in stock markets and ETFs. Has some knowledge of portfolio rebalancing and tax-efficient investment strategies.,Income Generation,"Client assessed as low-to-medium risk. Domestic income and salary align with monthly transactions, but moderate exposure to alternative investments noted.",Verification of ID documents and employment completed. Tax residency confirmed. Client is not on any sanctions or PEP lists. AML monitoring recommended due to international investment exposure.,Yes,Cleared,High,High,LU,RM serviced PB,"[{'Stock': 'Novartis', 'Shares Owned': 247, 'Allocation (%)': 13.31}, {'Stock': 'NEE', 'Shares Owned': 448, 'Allocation (%)': 28.86}, {'Stock': 'CVX', 'Shares Owned': 49, 'Allocation (%)': 30.51}, {'Stock': 'Roche', 'Shares Owned': 282, 'Allocation (%)': 18.28}, {'Stock': 'BTC', 'Shares Owned': 366, 'Allocation (%)': 3.89}, {'Stock': 'GOOGL', 'Shares Owned': 60, 'Allocation (%)': 1.01}, {'Stock': 'BND', 'Shares Owned': 407, 'Allocation (%)': 1.03}, {'Stock': 'Siemens', 'Shares Owned': 334, 'Allocation (%)': 1.11}, {'Stock': 'VTI', 'Shares Owned': 54, 'Allocation (%)': 1.0}, {'Stock': 'NVDA', 'Shares Owned': 273, 'Allocation (%)': 0.9999999999999949}]",Mary Greene, bet big on crypto and keeps growing steadily.,Non-Affluent
Stephen Nunez,1993-10-21,CH,Female,Divorced,Architect,"Taylor, Dorsey and Thompson",12,"1936 Martin Villages, Johnsonborough, NJ 28622",303-942-1744,richard82@example.org,Savings and Investment,NNBJ22065010853913,CHF,110758.4,4707.64,801150.16,290156.68,171063.52,0,"['Savings Account', 'Investment Account']","Business Income, Investments","Client is highly knowledgeable about derivatives, structured products, and alternative investment vehicles. Experience includes cryptocurrency investments and international equities. Understands hedging and leverage strategies.",Aggressive Growth,Client assessed as medium-risk. Some international investments noted. Transactions slightly higher than expected for profile but consistent with disclosed sources of wealth.,Verification of ID documents and employment completed. Tax residency confirmed. Client is not on any sanctions or PEP lists. AML monitoring recommended due to international investment exposure.,Yes,Cleared,High,Low,BVI,Com. & Retail,"[{'Stock': 'Siemens', 'Shares Owned': 332, 'Allocation (%)': 51.81}, {'Stock': 'TSLA', 'Shares Owned': 81, 'Allocation (%)': 39.16}, {'Stock': 'TIP', 'Shares Owned': 367, 'Allocation (%)': 1.92}, {'Stock': 'VTI', 'Shares Owned': 194, 'Allocation (%)': 1.03}, {'Stock': 'GLD', 'Shares Owned': 133, 'Allocation (%)': 1.03}, {'Stock': 'ETH', 'Shares Owned': 324, 'Allocation (%)': 1.03}, {'Stock': 'ADBE', 'Shares Owned': 175, 'Allocation (%)': 1.01}, {'Stock': 'CVX', 'Shares Owned': 221, 'Allocation (%)': 1.01}, {'Stock': 'MSFT', 'Shares Owned': 443, 'Allocation (%)': 1.0}, {'Stock': 'QQQ', 'Shares Owned': 417, 'Allocation (%)': 1.0000000000000009}]",Arthur Elliott, invested early in tech stocks but lost it all in a crash.,Non-Affluent
Sharon White,1965-10-20,LI,Female,Widowed,Public house manager,"Harris, Pearson and Turner",14,"89223 Eaton Neck Apt. 100, Rodriguezfurt, NE 41531",+1-325-929-2574x05217,farmerdaniel@example.net,Savings and Investment,YXKT08655607574075,CHF,63421.56,6157.4,863720.36,142232.88,212548.96,0,"['Checking Account', 'Savings Account', 'Investment Account']","Business Income, Investments",Client possesses practical experience in stock markets and ETFs. Has some knowledge of portfolio rebalancing and tax-efficient investment strategies.,Capital Preservation,Client assessed as low-risk. Transaction behavior is consistent with reported income. No history of suspicious activity. Domestic and regulated international income sources only.,Full KYC verification completed. Risk assessment and AML checks cleared. Client demonstrates transparency in source of funds and investment objectives.,No,Cleared,High,Medium,SG,EAM,"[{'Stock': 'QQQ', 'Shares Owned': 71, 'Allocation (%)': 35.73}, {'Stock': 'TSLA', 'Shares Owned': 163, 'Allocation (%)': 12.74}, {'Stock': 'ARKF', 'Shares Owned': 64, 'Allocation (%)': 6.69}, {'Stock': 'META', 'Shares Owned': 22, 'Allocation (%)': 1.76}, {'Stock': 'GOOGL', 'Shares Owned': 91, 'Allocation (%)': 15.76}, {'Stock': 'GLD', 'Shares Owned': 346, 'Allocation (%)': 15.76}, {'Stock': 'EEM', 'Shares Owned': 252, 'Allocation (%)': 5.37}, {'Stock': 'SPY', 'Shares Owned': 203, 'Allocation (%)': 1.72}, {'Stock': 'Novartis', 'Shares Owned': 376, 'Allocation (%)': 2.95}, {'Stock': 'BND', 'Shares Owned': 483, 'Allocation (%)': 1.5200000000000147}]",Mary Greene, invested early in tech stocks and lives quietly by the sea.,UHNWI
Thomas Park,1998-04-16,DE,Female,Widowed,General practice doctor,Chase-Gonzalez,21,"389 Vasquez Spur Suite 961, Victoriatown, WI 47167",+1-845-322-5211x1151,danielnicole@example.net,Checking,WFQV54499746081463,CHF,124341.4,4280.6,197538.64,73536.56,59349.72,3,"['Checking Account', 'Savings Account', 'Investment Account']","Inheritance, Savings, Salary","Client has moderate knowledge of financial markets, primarily investing in mutual funds and fixed income securities. Familiar with basic risk-return tradeoffs and market volatility, but prefers conservative investment strategies.",Aggressive Growth,Client assessed as medium-risk. Some international investments noted. Transactions slightly higher than expected for profile but consistent with disclosed sources of wealth.,Verification of ID documents and employment completed. Tax residency confirmed. Client is not on any sanctions or PEP lists. AML monitoring recommended due to international investment exposure.,Yes,Cleared,Medium,Low,CH,RM serviced PB,"[{'Stock': 'USO', 'Shares Owned': 313, 'Allocation (%)': 60.65}, {'Stock': 'AAPL', 'Shares Owned': 110, 'Allocation (%)': 15.96}, {'Stock': 'Allianz', 'Shares Owned': 437, 'Allocation (%)': 12.77}, {'Stock': 'TSLA', 'Shares Owned': 449, 'Allocation (%)': 1.17}, {'Stock': 'EEM', 'Shares Owned': 368, 'Allocation (%)': 4.36}, {'Stock': 'BASF', 'Shares Owned': 182, 'Allocation (%)': 1.01}, {'Stock': 'SLV', 'Shares Owned': 48, 'Allocation (%)': 1.07}, {'Stock': 'ARKF', 'Shares Owned': 297, 'Allocation (%)': 1.01}, {'Stock': 'XOM', 'Shares Owned': 214, 'Allocation (%)': 1.0}, {'Stock': 'NFLX', 'Shares Owned': 405, 'Allocation (%)': 1.0000000000000009}]",Arthur Elliott, bet big on crypto and achieved financial independence.,Non-Affluent
Whitney Taylor,1992-02-19,DE,Male,Widowed,Community pharmacist,Bullock-Oconnell,17,"74558 Marshall Track Apt. 880, East Jenniferfort, OH 76049",5544175952,emilybrown@example.org,Checking,QSDG24780212789364,CHF,70116.84,6664.68,1157442.28,154068.28,244627.28,0,"['Savings Account', 'Investment Account']","Business Income, Investments","Client has moderate knowledge of financial markets, primarily investing in mutual funds and fixed income securities. Familiar with basic risk-return tradeoffs and market volatility, but prefers conservative investment strategies.",Capital Preservation,Client assessed as low-risk. Transaction behavior is consistent with reported income. No history of suspicious activity. Domestic and regulated international income sources only.,All identification documents verified. Employment and income confirmed via supporting documents. PEP check cleared. Sanctions screening completed. AML risk is low. No discrepancies found during due diligence.,Yes,Cleared,Medium,Medium,SG,Com. & Retail,"[{'Stock': 'EFA', 'Shares Owned': 277, 'Allocation (%)': 50.08}, {'Stock': 'NVDA', 'Shares Owned': 399, 'Allocation (%)': 24.35}, {'Stock': 'NEE', 'Shares Owned': 361, 'Allocation (%)': 3.95}, {'Stock': 'EEM', 'Shares Owned': 30, 'Allocation (%)': 10.39}, {'Stock': 'ARKG', 'Shares Owned': 299, 'Allocation (%)': 2.52}, {'Stock': 'INTC', 'Shares Owned': 147, 'Allocation (%)': 4.0}, {'Stock': 'ADBE', 'Shares Owned': 245, 'Allocation (%)': 1.51}, {'Stock': 'NFLX', 'Shares Owned': 352, 'Allocation (%)': 1.11}, {'Stock': 'MSFT', 'Shares Owned': 199, 'Allocation (%)': 1.08}, {'Stock': 'XOM', 'Shares Owned': 319, 'Allocation (%)': 1.0100000000000007}]",Cynthia Baker, built a fintech startup and became a mentor.,UHNWI
Erika Duffy,1975-10-19,CH,Female,Married,Analytical chemist,"Carr, Carter and Olsen",21,"146 Wright Cliffs Suite 819, Stevenberg, WI 95438",(207)688-7390,hudsonrobert@example.org,Checking,JZVF39666071841600,CHF,75203.92,3252.44,1070143.2,267562.32,118724.6,3,['Savings Account'],"Salary, Real Estate, Capital Gains","Client is highly knowledgeable about derivatives, structured products, and alternative investment vehicles. Experience includes cryptocurrency investments and international equities. Understands hedging and leverage strategies.",Capital Preservation,Client assessed as medium-risk. Some international investments noted. Transactions slightly higher than expected for profile but consistent with disclosed sources of wealth.,Full KYC verification completed. Risk assessment and AML checks cleared. Client demonstrates transparency in source of funds and investment objectives.,Yes,Cleared,High,High,LI,RM serviced PB,"[{'Stock': 'BASF', 'Shares Owned': 484, 'Allocation (%)': 52.52}, {'Stock': 'AAPL', 'Shares Owned': 412, 'Allocation (%)': 39.01}, {'Stock': 'BTC', 'Shares Owned': 421, 'Allocation (%)': 1.44}, {'Stock': 'LVMH', 'Shares Owned': 196, 'Allocation (%)': 1.03}, {'Stock': 'ARKF', 'Shares Owned': 275, 'Allocation (%)': 1.0}, {'Stock': 'USO', 'Shares Owned': 328, 'Allocation (%)': 1.0}, {'Stock': 'NFLX', 'Shares Owned': 101, 'Allocation (%)': 1.0}, {'Stock': 'VTI', 'Shares Owned': 400, 'Allocation (%)': 1.0}, {'Stock': 'ADA', 'Shares Owned': 121, 'Allocation (%)': 1.0}, {'Stock': 'SOL', 'Shares Owned': 395, 'Allocation (%)': 0.9999999999999991}]",Arthur Elliott, invested early in tech stocks and keeps growing steadily.,Non-Affluent
Robert Gill,1985-11-03,DE,Female,Married,Management consultant,Peterson-Jones,29,"2279 Catherine Oval Apt. 286, New Tonya, MT 18612",+1-803-682-8871x788,robin02@example.net,Savings and Investment,QLUG74890091311369,CHF,125130.88,2902.92,1262896.68,97624.88,265513.48,1,"['Checking Account', 'Savings Account', 'Investment Account']","Salary, Rental Income, Stock Investments","Client has extensive experience investing in equities, bonds, ETFs, and mutual funds. Demonstrates strong understanding of portfolio diversification and risk management techniques. Has previously invested in alternative assets such as real estate funds and structured products.",Income Generation,Client assessed as medium-risk. Some international investments noted. Transactions slightly higher than expected for profile but consistent with disclosed sources of wealth.,"Documents partially verified. Further verification of employment and income recommended. PEP check cleared, but client flagged for high-value international transactions. Periodic compliance review required.",No,Cleared,High,High,BVI,RM serviced PB,"[{'Stock': 'SOL', 'Shares Owned': 436, 'Allocation (%)': 46.82}, {'Stock': 'ETH', 'Shares Owned': 98, 'Allocation (%)': 38.35}, {'Stock': 'NVDA', 'Shares Owned': 273, 'Allocation (%)': 1.86}, {'Stock': 'ARKF', 'Shares Owned': 120, 'Allocation (%)': 1.95}, {'Stock': 'BA', 'Shares Owned': 92, 'Allocation (%)': 3.49}, {'Stock': 'AGG', 'Shares Owned': 397, 'Allocation (%)': 2.82}, {'Stock': 'Allianz', 'Shares Owned': 274, 'Allocation (%)': 1.39}, {'Stock': 'NFLX', 'Shares Owned': 411, 'Allocation (%)': 1.31}, {'Stock': 'MSFT', 'Shares Owned': 403, 'Allocation (%)': 1.01}, {'Stock': 'Siemens', 'Shares Owned': 381, 'Allocation (%)': 0.9999999999999993}]",Arthur Elliott, focused on real estate and keeps growing steadily.,Affluent
Samantha Carter,1975-03-25,CH,Male,Single,"Production designer, theatre/television/film","Lewis, Tapia and Martinez",6,"436 Summers Plain, Port Devonmouth, SD 67943",505.553.1589x288,cknight@example.org,Savings,LQOR42485269786445,CHF,55913.68,3741.36,828619.44,98451.08,218207.92,0,['Savings Account'],"Salary, Real Estate, Capital Gains",Client possesses practical experience in stock markets and ETFs. Has some knowledge of portfolio rebalancing and tax-efficient investment strategies.,Income Generation,"Client assessed as low-to-medium risk. Domestic income and salary align with monthly transactions, but moderate exposure to alternative investments noted.",All identification documents verified. Employment and income confirmed via supporting documents. PEP check cleared. Sanctions screening completed. AML risk is low. No discrepancies found during due diligence.,Yes,Cleared,Low,High,LI,EAM,"[{'Stock': 'SAP', 'Shares Owned': 413, 'Allocation (%)': 78.26}, {'Stock': 'ARKK', 'Shares Owned': 335, 'Allocation (%)': 11.81}, {'Stock': 'XOM', 'Shares Owned': 125, 'Allocation (%)': 2.68}, {'Stock': 'USO', 'Shares Owned': 473, 'Allocation (%)': 1.21}, {'Stock': 'TSLA', 'Shares Owned': 451, 'Allocation (%)': 1.01}, {'Stock': 'Roche', 'Shares Owned': 98, 'Allocation (%)': 1.01}, {'Stock': 'SPY', 'Shares Owned': 184, 'Allocation (%)': 1.01}, {'Stock': 'BND', 'Shares Owned': 54, 'Allocation (%)': 1.0}, {'Stock': 'QQQ', 'Shares Owned': 242, 'Allocation (%)': 1.0}, {'Stock': 'ADBE', 'Shares Owned': 201, 'Allocation (%)': 1.0099999999999953}]",Mary Greene, invested early in tech stocks and retired early.,UHNWI
Michael Watkins,1988-09-30,DE,Female,Divorced,Oncologist,"Carpenter, Edwards and White",6,"841 Duncan Lodge Apt. 358, Port Maureen, VA 61727",(497)878-4337x4561,kimberly60@example.org,Checking,TDVW18991647030712,CHF,110814.84,6021.4,179173.88,159330.12,268096.8,3,['Savings Account'],"Business Income, Investments","Client has moderate knowledge of financial markets, primarily investing in mutual funds and fixed income securities. Familiar with basic risk-return tradeoffs and market volatility, but prefers conservative investment strategies.",Aggressive Growth,Client assessed as low-risk. Transaction behavior is consistent with reported income. No history of suspicious activity. Domestic and regulated international income sources only.,Full KYC verification completed. Risk assessment and AML checks cleared. Client demonstrates transparency in source of funds and investment objectives.,No,Cleared,High,Low,LI,Com. & Retail,"[{'Stock': 'Siemens', 'Shares Owned': 272, 'Allocation (%)': 58.63}, {'Stock': 'USO', 'Shares Owned': 442, 'Allocation (%)': 10.71}, {'Stock': 'LVMH', 'Shares Owned': 340, 'Allocation (%)': 22.61}, {'Stock': 'AMZN', 'Shares Owned': 394, 'Allocation (%)': 2.0}, {'Stock': 'META', 'Shares Owned': 410, 'Allocation (%)': 1.01}, {'Stock': 'SLV', 'Shares Owned': 227, 'Allocation (%)': 1.02}, {'Stock': 'ARKQ', 'Shares Owned': 207, 'Allocation (%)': 1.01}, {'Stock': 'ETH', 'Shares Owned': 343, 'Allocation (%)': 1.0}, {'Stock': 'TSLA', 'Shares Owned': 64, 'Allocation (%)': 1.01}, {'Stock': 'NVDA', 'Shares Owned': 392, 'Allocation (%)': 0.999999999999998}]",Arthur Elliott, focused on real estate but lost it all in a crash.,Non-Affluent
Brandon Ortiz,1975-12-19,LI,Female,Divorced,Film/video editor,"Gay, Morales and Williams",23,"PSC 4984, Box 9144, APO AE 27295",308-817-5183x12785,johnathan13@example.net,Checking,UJDS49834473054580,CHF,118370.32,63.92,230602.96,231654.92,242464.88,3,"['Checking Account', 'Savings Account', 'Investment Account']","Inheritance, Savings, Salary","Client has moderate knowledge of financial markets, primarily investing in mutual funds and fixed income securities. Familiar with basic risk-return tradeoffs and market volatility, but prefers conservative investment strategies.",Aggressive Growth,"Client assessed as low-to-medium risk. Domestic income and salary align with monthly transactions, but moderate exposure to alternative investments noted.",Full KYC verification completed. Risk assessment and AML checks cleared. Client demonstrates transparency in source of funds and investment objectives.,Yes,Cleared,Low,Medium,LU,Com. & Retail,"[{'Stock': 'CAT', 'Shares Owned': 385, 'Allocation (%)': 30.04}, {'Stock': 'GLD', 'Shares Owned': 344, 'Allocation (%)': 55.18}, {'Stock': 'TSLA', 'Shares Owned': 430, 'Allocation (%)': 2.3}, {'Stock': 'EEM', 'Shares Owned': 38, 'Allocation (%)': 4.47}, {'Stock': 'GE', 'Shares Owned': 189, 'Allocation (%)': 2.09}, {'Stock': 'VTI', 'Shares Owned': 159, 'Allocation (%)': 1.27}, {'Stock': 'MSFT', 'Shares Owned': 183, 'Allocation (%)': 1.36}, {'Stock': 'ARKG', 'Shares Owned': 158, 'Allocation (%)': 1.15}, {'Stock': 'ADBE', 'Shares Owned': 425, 'Allocation (%)': 1.0}, {'Stock': 'Allianz', 'Shares Owned': 213, 'Allocation (%)': 1.140000000000009}]",Arthur Elliott, built a fintech startup and lives quietly by the sea.,Non-Affluent
Matthew Wilson,1970-06-02,DE,Male,Single,Psychotherapist,White PLC,27,"716 Gary Parks Suite 469, Danielstad, CA 69800",(470)568-8650x00148,woneill@example.org,Savings and Investment,HMNK30478312321060,CHF,92040.04,3687.64,990989.84,272970.36,265204.76,0,"['Checking Account', 'Savings Account']","Business Income, Investments","Client has moderate knowledge of financial markets, primarily investing in mutual funds and fixed income securities. Familiar with basic risk-return tradeoffs and market volatility, but prefers conservative investment strategies.",Income Generation,Client assessed as low-risk. Transaction behavior is consistent with reported income. No history of suspicious activity. Domestic and regulated international income sources only.,"Documents partially verified. Further verification of employment and income recommended. PEP check cleared, but client flagged for high-value international transactions. Periodic compliance review required.",No,Cleared,Medium,High,LI,EAM,"[{'Stock': 'SOL', 'Shares Owned': 27, 'Allocation (%)': 59.22}, {'Stock': 'ADA', 'Shares Owned': 484, 'Allocation (%)': 23.67}, {'Stock': 'ARKK', 'Shares Owned': 107, 'Allocation (%)': 6.7}, {'Stock': 'GOOGL', 'Shares Owned': 141, 'Allocation (%)': 1.58}, {'Stock': 'SLV', 'Shares Owned': 205, 'Allocation (%)': 3.67}, {'Stock': 'MSFT', 'Shares Owned': 419, 'Allocation (%)': 1.1}, {'Stock': 'XOM', 'Shares Owned': 57, 'Allocation (%)': 1.02}, {'Stock': 'AAPL', 'Shares Owned': 219, 'Allocation (%)': 1.02}, {'Stock': 'NFLX', 'Shares Owned': 139, 'Allocation (%)': 1.0}, {'Stock': 'BA', 'Shares Owned': 103, 'Allocation (%)': 1.0200000000000005}]",Cynthia Baker, built a fintech startup and lives quietly by the sea.,Affluent
Scott Baker,1994-11-29,CH,Male,Widowed,Paediatric nurse,"Brown, Rogers and Walker",11,"PSC 6193, Box 0011, APO AE 38786",409.844.6570x2316,raymondrobert@example.com,Savings and Investment,WJIN61472650913176,CHF,128706.32,1259.36,1008520.24,71193.96,244573.56,1,"['Savings Account', 'Investment Account']","Business Income, Investments","Client is highly knowledgeable about derivatives, structured products, and alternative investment vehicles. Experience includes cryptocurrency investments and international equities. Understands hedging and leverage strategies.",Capital Preservation,Client assessed as high-risk due to high-value international transactions and exposure to high-volatility assets. Requires enhanced monitoring and periodic review.,All identification documents verified. Employment and income confirmed via supporting documents. PEP check cleared. Sanctions screening completed. AML risk is low. No discrepancies found during due diligence.,No,Cleared,Medium,Medium,CH,RM serviced PB,"[{'Stock': 'NFLX', 'Shares Owned': 450, 'Allocation (%)': 15.78}, {'Stock': 'BND', 'Shares Owned': 483, 'Allocation (%)': 29.82}, {'Stock': 'SLV', 'Shares Owned': 195, 'Allocation (%)': 39.76}, {'Stock': 'ARKK', 'Shares Owned': 133, 'Allocation (%)': 6.78}, {'Stock': 'NEE', 'Shares Owned': 443, 'Allocation (%)': 1.57}, {'Stock': 'AMZN', 'Shares Owned': 89, 'Allocation (%)': 2.11}, {'Stock': 'VTI', 'Shares Owned': 389, 'Allocation (%)': 1.08}, {'Stock': 'TIP', 'Shares Owned': 359, 'Allocation (%)': 1.04}, {'Stock': 'GOOGL', 'Shares Owned': 229, 'Allocation (%)': 1.02}, {'Stock': 'SOL', 'Shares Owned': 12, 'Allocation (%)': 1.0399999999999996}]",Mary Greene, built a fintech startup and became a mentor.,UHNWI
Brian Brown,1974-01-19,CH,Male,Divorced,"Engineer, manufacturing systems",Taylor-Ramos,29,"1320 Gutierrez Club Suite 987, Georgehaven, VI 33788",(831)803-2103,thomas83@example.com,Checking,DYIZ31568524044806,CHF,55207.16,3160.64,1193115.08,42093.36,94029.04,2,"['Checking Account', 'Savings Account', 'Investment Account']","Business Income, Investments",Client possesses practical experience in stock markets and ETFs. Has some knowledge of portfolio rebalancing and tax-efficient investment strategies.,Capital Preservation,"Client assessed as low-to-medium risk. Domestic income and salary align with monthly transactions, but moderate exposure to alternative investments noted.",Verification of ID documents and employment completed. Tax residency confirmed. Client is not on any sanctions or PEP lists. AML monitoring recommended due to international investment exposure.,Yes,Cleared,Medium,Medium,BVI,RM serviced PB,"[{'Stock': 'LVMH', 'Shares Owned': 282, 'Allocation (%)': 81.48}, {'Stock': 'VTI', 'Shares Owned': 155, 'Allocation (%)': 10.18}, {'Stock': 'NVDA', 'Shares Owned': 113, 'Allocation (%)': 1.23}, {'Stock': 'SPY', 'Shares Owned': 294, 'Allocation (%)': 1.06}, {'Stock': 'AAPL', 'Shares Owned': 76, 'Allocation (%)': 1.04}, {'Stock': 'AMZN', 'Shares Owned': 93, 'Allocation (%)': 1.01}, {'Stock': 'BND', 'Shares Owned': 395, 'Allocation (%)': 1.0}, {'Stock': 'INTC', 'Shares Owned': 167, 'Allocation (%)': 1.0}, {'Stock': 'ADBE', 'Shares Owned': 333, 'Allocation (%)': 1.0}, {'Stock': 'GLD', 'Shares Owned': 273, 'Allocation (%)': 0.9999999999999956}]",Arthur Elliott, bet big on crypto and keeps growing steadily.,Non-Affluent
Melanie Ellis,1972-03-24,DE,Female,Widowed,Rural practice surveyor,Jackson LLC,6,"38732 Hodge Loaf, New Madison, NV 40551",001-437-860-1726x055,colleengonzales@example.com,Savings,UHFZ30157134962758,CHF,128357.48,1262.76,762691.4,264131.04,55730.08,2,['Savings Account'],"Business Income, Investments",Client possesses practical experience in stock markets and ETFs. Has some knowledge of portfolio rebalancing and tax-efficient investment strategies.,Income Generation,Client assessed as high-risk due to high-value international transactions and exposure to high-volatility assets. Requires enhanced monitoring and periodic review.,All identification documents verified. Employment and income confirmed via supporting documents. PEP check cleared. Sanctions screening completed. AML risk is low. No discrepancies found during due diligence.,No,Cleared,High,Medium,CH,Com. & Retail,"[{'Stock': 'CVX', 'Shares Owned': 267, 'Allocation (%)': 24.91}, {'Stock': 'ARKG', 'Shares Owned': 287, 'Allocation (%)': 31.66}, {'Stock': 'XOM', 'Shares Owned': 468, 'Allocation (%)': 6.0}, {'Stock': 'Volkswagen', 'Shares Owned': 303, 'Allocation (%)': 11.2}, {'Stock': 'ETH', 'Shares Owned': 476, 'Allocation (%)': 10.93}, {'Stock': 'Allianz', 'Shares Owned': 197, 'Allocation (%)': 7.5}, {'Stock': 'VTI', 'Shares Owned': 139, 'Allocation (%)': 3.89}, {'Stock': 'BND', 'Shares Owned': 163, 'Allocation (%)': 1.24}, {'Stock': 'GE', 'Shares Owned': 482, 'Allocation (%)': 1.32}, {'Stock': 'ADBE', 'Shares Owned': 287, 'Allocation (%)': 1.3500000000000079}]",Arthur Elliott, bet big on crypto and keeps growing steadily.,UHNWI
Melanie Wong DVM,1993-04-23,LI,Female,Widowed,Dentist,"Hill, Smith and Sullivan",2,"856 Kirby Run Apt. 176, Garciamouth, OH 12259",001-404-377-6589x4863,christiewaters@example.com,Checking,UGIG34165463051411,CHF,129055.16,2025.72,443241.68,161173.6,142016.64,0,['Savings Account'],"Salary, Real Estate, Capital Gains",Client possesses practical experience in stock markets and ETFs. Has some knowledge of portfolio rebalancing and tax-efficient investment strategies.,Aggressive Growth,Client assessed as low-risk. Transaction behavior is consistent with reported income. No history of suspicious activity. Domestic and regulated international income sources only.,All identification documents verified. Employment and income confirmed via supporting documents. PEP check cleared. Sanctions screening completed. AML risk is low. No discrepancies found during due diligence.,Yes,Cleared,High,High,SG,RM serviced PB,"[{'Stock': 'ETH', 'Shares Owned': 241, 'Allocation (%)': 36.44}, {'Stock': 'SOL', 'Shares Owned': 436, 'Allocation (%)': 5.48}, {'Stock': 'VTI', 'Shares Owned': 391, 'Allocation (%)': 30.84}, {'Stock': 'ARKF', 'Shares Owned': 56, 'Allocation (%)': 20.86}, {'Stock': 'CAT', 'Shares Owned': 281, 'Allocation (%)': 1.22}, {'Stock': 'AAPL', 'Shares Owned': 191, 'Allocation (%)': 1.0}, {'Stock': 'NEE', 'Shares Owned': 310, 'Allocation (%)': 1.01}, {'Stock': 'MSFT', 'Shares Owned': 442, 'Allocation (%)': 1.04}, {'Stock': 'ARKG', 'Shares Owned': 173, 'Allocation (%)': 1.05}, {'Stock': 'Siemens', 'Shares Owned': 236, 'Allocation (%)': 1.0599999999999994}]",Mary Greene, launched a coffee chain and retired early.,Non-Affluent
Daniel Jimenez,1992-11-27,DE,Female,Married,Clinical embryologist,"Mccormick, Lin and Ryan",3,"23148 Harris Shore Apt. 866, Wongfurt, NY 76083",(825)989-6452x518,millsrandy@example.com,Savings,LWND81793723940519,CHF,58217.52,5954.08,144032.84,217556.48,236710.72,3,['Savings Account'],"Salary, Real Estate, Capital Gains",Client possesses practical experience in stock markets and ETFs. Has some knowledge of portfolio rebalancing and tax-efficient investment strategies.,Capital Preservation,Client assessed as medium-risk. Some international investments noted. Transactions slightly higher than expected for profile but consistent with disclosed sources of wealth.,All identification documents verified. Employment and income confirmed via supporting documents. PEP check cleared. Sanctions screening completed. AML risk is low. No discrepancies found during due diligence.,No,Cleared,Low,High,BVI,RM serviced PB,"[{'Stock': 'AAPL', 'Shares Owned': 300, 'Allocation (%)': 31.13}, {'Stock': 'BASF', 'Shares Owned': 231, 'Allocation (%)': 18.91}, {'Stock': 'Allianz', 'Shares Owned': 235, 'Allocation (%)': 12.94}, {'Stock': 'AGG', 'Shares Owned': 92, 'Allocation (%)': 4.89}, {'Stock': 'GOOGL', 'Shares Owned': 381, 'Allocation (%)': 15.22}, {'Stock': 'NVDA', 'Shares Owned': 244, 'Allocation (%)': 4.98}, {'Stock': 'Roche', 'Shares Owned': 294, 'Allocation (%)': 8.68}, {'Stock': 'TIP', 'Shares Owned': 185, 'Allocation (%)': 1.08}, {'Stock': 'Volkswagen', 'Shares Owned': 117, 'Allocation (%)': 1.15}, {'Stock': 'VTI', 'Shares Owned': 93, 'Allocation (%)': 1.0200000000000107}]",Mary Greene, built a fintech startup but lost it all in a crash.,UHNWI
David Smith,1977-04-06,LI,Female,Widowed,Medical technical officer,Hill Group,20,"409 Hall Extension Suite 417, South Ashleyland, OR 04758",001-259-776-9091,erin43@example.net,Checking,ONRN52673320377628,CHF,98706.08,6338.96,991054.44,187518.84,108625.92,0,['Savings Account'],"Salary, Real Estate, Capital Gains","Client is highly knowledgeable about derivatives, structured products, and alternative investment vehicles. Experience includes cryptocurrency investments and international equities. Understands hedging and leverage strategies.",Aggressive Growth,"Client assessed as low-to-medium risk. Domestic income and salary align with monthly transactions, but moderate exposure to alternative investments noted.",Verification of ID documents and employment completed. Tax residency confirmed. Client is not on any sanctions or PEP lists. AML monitoring recommended due to international investment exposure.,Yes,Cleared,High,High,SG,EAM,"[{'Stock': 'BTC', 'Shares Owned': 154, 'Allocation (%)': 28.49}, {'Stock': 'ADA', 'Shares Owned': 352, 'Allocation (%)': 18.17}, {'Stock': 'CVX', 'Shares Owned': 496, 'Allocation (%)': 19.92}, {'Stock': 'NVDA', 'Shares Owned': 243, 'Allocation (%)': 19.38}, {'Stock': 'AAPL', 'Shares Owned': 426, 'Allocation (%)': 7.61}, {'Stock': 'AMZN', 'Shares Owned': 497, 'Allocation (%)': 2.31}, {'Stock': 'LVMH', 'Shares Owned': 314, 'Allocation (%)': 1.08}, {'Stock': 'VTI', 'Shares Owned': 248, 'Allocation (%)': 1.0}, {'Stock': 'BA', 'Shares Owned': 57, 'Allocation (%)': 1.04}, {'Stock': 'TSLA', 'Shares Owned': 332, 'Allocation (%)': 1.0000000000000027}]",Cynthia Baker, invested early in tech stocks and achieved financial independence.,UHNWI
Kimberly Wilson,1963-04-08,CH,Female,Married,"Engineer, drilling",Ingram PLC,29,"359 Tate Fort, East Allison, AL 93524",298.616.7238x73263,terri76@example.com,Checking,SWGE19036732272917,CHF,91702.08,2492.2,1173256.36,277629.72,265335.32,1,"['Checking Account', 'Savings Account', 'Investment Account']","Business Income, Investments",Client possesses practical experience in stock markets and ETFs. Has some knowledge of portfolio rebalancing and tax-efficient investment strategies.,Aggressive Growth,Client assessed as high-risk due to high-value international transactions and exposure to high-volatility assets. Requires enhanced monitoring and periodic review.,Verification of ID documents and employment completed. Tax residency confirmed. Client is not on any sanctions or PEP lists. AML monitoring recommended due to international investment exposure.,No,Cleared,Low,Medium,BVI,Com. & Retail,"[{'Stock': 'NEE', 'Shares Owned': 64, 'Allocation (%)': 71.21}, {'Stock': 'GOOGL', 'Shares Owned': 75, 'Allocation (%)': 2.16}, {'Stock': 'SLV', 'Shares Owned': 389, 'Allocation (%)': 18.67}, {'Stock': 'ADBE', 'Shares Owned': 430, 'Allocation (%)': 1.56}, {'Stock': 'BTC', 'Shares Owned': 185, 'Allocation (%)': 1.14}, {'Stock': 'SAP', 'Shares Owned': 97, 'Allocation (%)': 1.09}, {'Stock': 'ARKG', 'Shares Owned': 431, 'Allocation (%)': 1.13}, {'Stock': 'AAPL', 'Shares Owned': 293, 'Allocation (%)': 1.0}, {'Stock': 'Roche', 'Shares Owned': 427, 'Allocation (%)': 1.03}, {'Stock': 'TSLA', 'Shares Owned': 67, 'Allocation (%)': 1.0100000000000044}]",Mary Greene, bet big on crypto and achieved financial independence.,Non-Affluent
Betty Curtis DVM,1987-06-23,LI,Female,Widowed,Radio broadcast assistant,Williams LLC,30,"PSC 8136, Box 3201, APO AP 71181",(683)278-5996,aaronolson@example.com,Savings,IZRM64208295422892,CHF,109150.88,6646.32,693058.72,103704.76,50116.0,1,"['Checking Account', 'Savings Account', 'Investment Account']","Salary, Rental Income, Stock Investments","Client is highly knowledgeable about derivatives, structured products, and alternative investment vehicles. Experience includes cryptocurrency investments and international equities. Understands hedging and leverage strategies.",Moderate Growth,"Client assessed as low-to-medium risk. Domestic income and salary align with monthly transactions, but moderate exposure to alternative investments noted.","Documents partially verified. Further verification of employment and income recommended. PEP check cleared, but client flagged for high-value international transactions. Periodic compliance review required.",No,Cleared,Low,Medium,CH,Com. & Retail,"[{'Stock': 'Volkswagen', 'Shares Owned': 404, 'Allocation (%)': 75.9}, {'Stock': 'GE', 'Shares Owned': 340, 'Allocation (%)': 12.48}, {'Stock': 'XOM', 'Shares Owned': 134, 'Allocation (%)': 1.22}, {'Stock': 'EEM', 'Shares Owned': 69, 'Allocation (%)': 2.96}, {'Stock': 'SPY', 'Shares Owned': 458, 'Allocation (%)': 2.33}, {'Stock': 'GOOGL', 'Shares Owned': 39, 'Allocation (%)': 1.09}, {'Stock': 'SOL', 'Shares Owned': 434, 'Allocation (%)': 1.02}, {'Stock': 'AAPL', 'Shares Owned': 183, 'Allocation (%)': 1.0}, {'Stock': 'ARKG', 'Shares Owned': 445, 'Allocation (%)': 1.0}, {'Stock': 'Allianz', 'Shares Owned': 475, 'Allocation (%)': 0.9999999999999933}]",Cynthia Baker, focused on real estate and lives quietly by the sea.,Non-Affluent
Derrick Mccormick,1983-04-01,DE,Female,Widowed,Animal technologist,Lopez-Williams,17,"556 Daniel Wall, Lake James, AK 85527",001-917-358-6859x26912,moorekarl@example.org,Checking,IAKB15631360039636,CHF,114255.64,118.32,1243628.2,51361.08,23660.6,1,"['Checking Account', 'Savings Account']","Inheritance, Savings, Salary","Client has extensive experience investing in equities, bonds, ETFs, and mutual funds. Demonstrates strong understanding of portfolio diversification and risk management techniques. Has previously invested in alternative assets such as real estate funds and structured products.",Income Generation,Client assessed as medium-risk. Some international investments noted. Transactions slightly higher than expected for profile but consistent with disclosed sources of wealth.,Full KYC verification completed. Risk assessment and AML checks cleared. Client demonstrates transparency in source of funds and investment objectives.,Yes,Cleared,High,High,LI,Com. & Retail,"[{'Stock': 'CAT', 'Shares Owned': 271, 'Allocation (%)': 33.79}, {'Stock': 'Novartis', 'Shares Owned': 14, 'Allocation (%)': 53.75}, {'Stock': 'GLD', 'Shares Owned': 406, 'Allocation (%)': 3.97}, {'Stock': 'GOOGL', 'Shares Owned': 83, 'Allocation (%)': 1.93}, {'Stock': 'AAPL', 'Shares Owned': 136, 'Allocation (%)': 1.05}, {'Stock': 'USO', 'Shares Owned': 338, 'Allocation (%)': 1.34}, {'Stock': 'EEM', 'Shares Owned': 314, 'Allocation (%)': 1.16}, {'Stock': 'SPY', 'Shares Owned': 187, 'Allocation (%)': 1.0}, {'Stock': 'BND', 'Shares Owned': 28, 'Allocation (%)': 1.01}, {'Stock': 'XOM', 'Shares Owned': 193, 'Allocation (%)': 1.0000000000000078}]",Mary Greene, built a fintech startup and keeps growing steadily.,UHNWI
Emily Blair,1987-07-02,CH,Female,Widowed,Planning and development surveyor,Jackson-Evans,21,"96265 Cindy Well, East Elizabethshire, MP 30083",001-887-677-8105x2269,angela19@example.com,Savings,CILG40894369453885,CHF,108689.16,5444.08,485966.76,157009.28,101118.04,2,"['Checking Account', 'Savings Account']","Salary, Rental Income, Stock Investments","Client has moderate knowledge of financial markets, primarily investing in mutual funds and fixed income securities. Familiar with basic risk-return tradeoffs and market volatility, but prefers conservative investment strategies.",Income Generation,Client assessed as high-risk due to high-value international transactions and exposure to high-volatility assets. Requires enhanced monitoring and periodic review.,All identification documents verified. Employment and income confirmed via supporting documents. PEP check cleared. Sanctions screening completed. AML risk is low. No discrepancies found during due diligence.,No,Cleared,Low,High,CH,EAM,"[{'Stock': 'USO', 'Shares Owned': 15, 'Allocation (%)': 60.54}, {'Stock': 'NEE', 'Shares Owned': 281, 'Allocation (%)': 15.73}, {'Stock': 'TIP', 'Shares Owned': 246, 'Allocation (%)': 15.14}, {'Stock': 'Novartis', 'Shares Owned': 369, 'Allocation (%)': 2.08}, {'Stock': 'Roche', 'Shares Owned': 399, 'Allocation (%)': 1.2}, {'Stock': 'GE', 'Shares Owned': 243, 'Allocation (%)': 1.17}, {'Stock': 'EFA', 'Shares Owned': 415, 'Allocation (%)': 1.13}, {'Stock': 'Siemens', 'Shares Owned': 355, 'Allocation (%)': 1.01}, {'Stock': 'AAPL', 'Shares Owned': 105, 'Allocation (%)': 1.0}, {'Stock': 'CVX', 'Shares Owned': 101, 'Allocation (%)': 0.9999999999999998}]",Cynthia Baker, invested early in tech stocks and achieved financial independence.,Non-Affluent
Brittany Williams,1960-06-29,LI,Female,Divorced,Teaching laboratory technician,"Hill, Roberson and Martin",16,"64886 Brown Creek, South Stephanie, CA 58410",463.296.2718x91741,bradytimothy@example.net,Savings and Investment,UXBJ19564045262462,CHF,65072.6,3882.12,801692.8,105426.52,236416.96,0,"['Checking Account', 'Savings Account']","Inheritance, Savings, Salary","Client is highly knowledgeable about derivatives, structured products, and alternative investment vehicles. Experience includes cryptocurrency investments and international equities. Understands hedging and leverage strategies.",Capital Preservation,Client assessed as high-risk due to high-value international transactions and exposure to high-volatility assets. Requires enhanced monitoring and periodic review.,"Documents partially verified. Further verification of employment and income recommended. PEP check cleared, but client flagged for high-value international transactions. Periodic compliance review required.",No,Cleared,High,High,CH,RM serviced PB,"[{'Stock': 'Novartis', 'Shares Owned': 327, 'Allocation (%)': 84.69}, {'Stock': 'EFA', 'Shares Owned': 134, 'Allocation (%)': 4.1}, {'Stock': 'SPY', 'Shares Owned': 87, 'Allocation (%)': 2.45}, {'Stock': 'USO', 'Shares Owned': 218, 'Allocation (%)': 1.29}, {'Stock': 'Allianz', 'Shares Owned': 82, 'Allocation (%)': 1.63}, {'Stock': 'INTC', 'Shares Owned': 247, 'Allocation (%)': 1.6}, {'Stock': 'AMZN', 'Shares Owned': 53, 'Allocation (%)': 1.03}, {'Stock': 'AGG', 'Shares Owned': 216, 'Allocation (%)': 1.13}, {'Stock': 'LVMH', 'Shares Owned': 133, 'Allocation (%)': 1.06}, {'Stock': 'CVX', 'Shares Owned': 367, 'Allocation (%)': 1.0200000000000018}]",Cynthia Baker, bet big on crypto and retired early.,Affluent
Nicholas Phillips,1971-05-15,LI,Female,Married,Electrical engineer,Guzman Ltd,3,"714 Patricia Land Suite 433, Diazland, OR 74064",001-762-753-0100x5929,martinezwilliam@example.net,Checking,TIAJ93205934681527,CHF,59761.12,5759.6,1253401.16,135734.12,252987.2,1,['Savings Account'],"Inheritance, Savings, Salary","Client has moderate knowledge of financial markets, primarily investing in mutual funds and fixed income securities. Familiar with basic risk-return tradeoffs and market volatility, but prefers conservative investment strategies.",Moderate Growth,Client assessed as low-risk. Transaction behavior is consistent with reported income. No history of suspicious activity. Domestic and regulated international income sources only.,All identification documents verified. Employment and income confirmed via supporting documents. PEP check cleared. Sanctions screening completed. AML risk is low. No discrepancies found during due diligence.,Yes,Cleared,Low,Low,BVI,Com. & Retail,"[{'Stock': 'Siemens', 'Shares Owned': 234, 'Allocation (%)': 68.1}, {'Stock': 'Novartis', 'Shares Owned': 249, 'Allocation (%)': 23.5}, {'Stock': 'AMZN', 'Shares Owned': 258, 'Allocation (%)': 1.38}, {'Stock': 'SLV', 'Shares Owned': 434, 'Allocation (%)': 1.02}, {'Stock': 'MSFT', 'Shares Owned': 371, 'Allocation (%)': 1.0}, {'Stock': 'QQQ', 'Shares Owned': 172, 'Allocation (%)': 1.0}, {'Stock': 'EEM', 'Shares Owned': 88, 'Allocation (%)': 1.0}, {'Stock': 'BASF', 'Shares Owned': 194, 'Allocation (%)': 1.0}, {'Stock': 'ARKG', 'Shares Owned': 193, 'Allocation (%)': 1.0}, {'Stock': 'Volkswagen', 'Shares Owned': 381, 'Allocation (%)': 1.0000000000000053}]",Mary Greene, ran a quant hedge fund and achieved financial independence.,Affluent
Katherine Hood,1981-11-27,LI,Male,Widowed,Consulting civil engineer,"Hill, Schultz and Wiley",25,"0343 Allison Junctions Suite 656, East Kristenville, KY 57689",+1-913-528-8579x83173,adamsderrick@example.com,Savings,GXLB98359451135609,CHF,63735.72,5216.96,1323145.36,79335.6,89396.2,1,"['Savings Account', 'Investment Account']","Inheritance, Savings, Salary","Client has extensive experience investing in equities, bonds, ETFs, and mutual funds. Demonstrates strong understanding of portfolio diversification and risk management techniques. Has previously invested in alternative assets such as real estate funds and structured products.",Moderate Growth,Client assessed as medium-risk. Some international investments noted. Transactions slightly higher than expected for profile but consistent with disclosed sources of wealth.,Verification of ID documents and employment completed. Tax residency confirmed. Client is not on any sanctions or PEP lists. AML monitoring recommended due to international investment exposure.,Yes,Cleared,High,Low,CH,RM serviced PB,"[{'Stock': 'EEM', 'Shares Owned': 50, 'Allocation (%)': 12.66}, {'Stock': 'BASF', 'Shares Owned': 486, 'Allocation (%)': 19.3}, {'Stock': 'CAT', 'Shares Owned': 258, 'Allocation (%)': 19.24}, {'Stock': 'NFLX', 'Shares Owned': 149, 'Allocation (%)': 2.66}, {'Stock': 'ARKQ', 'Shares Owned': 420, 'Allocation (%)': 32.93}, {'Stock': 'ARKF', 'Shares Owned': 272, 'Allocation (%)': 5.66}, {'Stock': 'VTI', 'Shares Owned': 75, 'Allocation (%)': 2.76}, {'Stock': 'GOOGL', 'Shares Owned': 221, 'Allocation (%)': 2.29}, {'Stock': 'MSFT', 'Shares Owned': 200, 'Allocation (%)': 1.35}, {'Stock': 'ADA', 'Shares Owned': 192, 'Allocation (%)': 1.150000000000015}]",Arthur Elliott, ran a quant hedge fund and retired early.,Affluent
Scott Stewart,1967-08-19,DE,Female,Married,"Secretary, company",Finley Group,3,"PSC 0797, Box 4893, APO AE 36201",001-508-530-2115x478,davidjohnson@example.net,Savings and Investment,MNYH63692538388787,CHF,71487.04,5973.8,1169081.84,255252.96,194831.56,2,"['Checking Account', 'Savings Account']","Inheritance, Savings, Salary","Client has extensive experience investing in equities, bonds, ETFs, and mutual funds. Demonstrates strong understanding of portfolio diversification and risk management techniques. Has previously invested in alternative assets such as real estate funds and structured products.",Moderate Growth,"Client assessed as low-to-medium risk. Domestic income and salary align with monthly transactions, but moderate exposure to alternative investments noted.",Full KYC verification completed. Risk assessment and AML checks cleared. Client demonstrates transparency in source of funds and investment objectives.,Yes,Cleared,High,Medium,LI,RM serviced PB,"[{'Stock': 'Roche', 'Shares Owned': 373, 'Allocation (%)': 54.36}, {'Stock': 'AGG', 'Shares Owned': 62, 'Allocation (%)': 17.71}, {'Stock': 'Siemens', 'Shares Owned': 195, 'Allocation (%)': 2.83}, {'Stock': 'GOOGL', 'Shares Owned': 436, 'Allocation (%)': 9.41}, {'Stock': 'Novartis', 'Shares Owned': 237, 'Allocation (%)': 8.1}, {'Stock': 'BASF', 'Shares Owned': 237, 'Allocation (%)': 2.94}, {'Stock': 'ADBE', 'Shares Owned': 349, 'Allocation (%)': 1.07}, {'Stock': 'EFA', 'Shares Owned': 374, 'Allocation (%)': 1.44}, {'Stock': 'SLV', 'Shares Owned': 27, 'Allocation (%)': 1.03}, {'Stock': 'QQQ', 'Shares Owned': 176, 'Allocation (%)': 1.1100000000000019}]",Cynthia Baker, launched a coffee chain and keeps growing steadily.,UHNWI
Christopher Melton,1997-08-27,DE,Male,Widowed,Hydrologist,Hester Ltd,13,"12811 Adam Points, Port Erin, MT 82961",846.219.7127x18546,derrick10@example.org,Checking,PHJL14519240750130,CHF,88612.16,6392.68,283652.48,293538.32,21165.0,2,"['Savings Account', 'Investment Account']","Inheritance, Savings, Salary","Client has extensive experience investing in equities, bonds, ETFs, and mutual funds. Demonstrates strong understanding of portfolio diversification and risk management techniques. Has previously invested in alternative assets such as real estate funds and structured products.",Moderate Growth,Client assessed as low-risk. Transaction behavior is consistent with reported income. No history of suspicious activity. Domestic and regulated international income sources only.,"Documents partially verified. Further verification of employment and income recommended. PEP check cleared, but client flagged for high-value international transactions. Periodic compliance review required.",No,Cleared,Low,High,BVI,Com. & Retail,"[{'Stock': 'Novartis', 'Shares Owned': 140, 'Allocation (%)': 7.6}, {'Stock': 'ADBE', 'Shares Owned': 403, 'Allocation (%)': 64.53}, {'Stock': 'BASF', 'Shares Owned': 451, 'Allocation (%)': 16.41}, {'Stock': 'ETH', 'Shares Owned': 172, 'Allocation (%)': 3.26}, {'Stock': 'Volkswagen', 'Shares Owned': 490, 'Allocation (%)': 2.88}, {'Stock': 'GOOGL', 'Shares Owned': 494, 'Allocation (%)': 1.01}, {'Stock': 'Roche', 'Shares Owned': 180, 'Allocation (%)': 1.24}, {'Stock': 'QQQ', 'Shares Owned': 173, 'Allocation (%)': 1.06}, {'Stock': 'GE', 'Shares Owned': 77, 'Allocation (%)': 1.01}, {'Stock': 'GLD', 'Shares Owned': 136, 'Allocation (%)': 1.0000000000000047}]",Cynthia Baker, ran a quant hedge fund but lost it all in a crash.,Affluent
Brooke Ponce,1987-03-09,LI,Male,Widowed,Advertising copywriter,Norton-Shaw,29,"96394 Aimee Station, Rogersbury, NC 96932",261-435-9005x484,catherinelyons@example.org,Checking,TJPH11306262435473,CHF,86135.6,621.52,346232.88,99216.08,89845.68,2,"['Checking Account', 'Savings Account', 'Investment Account']","Inheritance, Savings, Salary",Client possesses practical experience in stock markets and ETFs. Has some knowledge of portfolio rebalancing and tax-efficient investment strategies.,Capital Preservation,Client assessed as medium-risk. Some international investments noted. Transactions slightly higher than expected for profile but consistent with disclosed sources of wealth.,Verification of ID documents and employment completed. Tax residency confirmed. Client is not on any sanctions or PEP lists. AML monitoring recommended due to international investment exposure.,Yes,Cleared,High,Medium,CH,EAM,"[{'Stock': 'ARKQ', 'Shares Owned': 18, 'Allocation (%)': 66.46}, {'Stock': 'VTI', 'Shares Owned': 300, 'Allocation (%)': 11.37}, {'Stock': 'AGG', 'Shares Owned': 228, 'Allocation (%)': 13.21}, {'Stock': 'BASF', 'Shares Owned': 259, 'Allocation (%)': 1.06}, {'Stock': 'USO', 'Shares Owned': 182, 'Allocation (%)': 1.02}, {'Stock': 'ARKG', 'Shares Owned': 120, 'Allocation (%)': 2.12}, {'Stock': 'NFLX', 'Shares Owned': 56, 'Allocation (%)': 1.39}, {'Stock': 'BND', 'Shares Owned': 158, 'Allocation (%)': 1.12}, {'Stock': 'LVMH', 'Shares Owned': 84, 'Allocation (%)': 1.09}, {'Stock': 'EEM', 'Shares Owned': 340, 'Allocation (%)': 1.160000000000008}]",Cynthia Baker, focused on real estate and keeps growing steadily.,UHNWI
Mr. Scott Ramirez Jr.,1983-08-02,CH,Male,Divorced,Systems developer,"Bryant, Johnson and Ramirez",13,"05077 James Highway, Jamesbury, DC 86041",942.916.8198,mendozadonald@example.org,Savings and Investment,BBPL99045262388205,CHF,86562.64,2052.92,186863.32,249656.56,21253.4,3,"['Savings Account', 'Investment Account']","Salary, Real Estate, Capital Gains","Client has moderate knowledge of financial markets, primarily investing in mutual funds and fixed income securities. Familiar with basic risk-return tradeoffs and market volatility, but prefers conservative investment strategies.",Capital Preservation,Client assessed as low-risk. Transaction behavior is consistent with reported income. No history of suspicious activity. Domestic and regulated international income sources only.,Verification of ID documents and employment completed. Tax residency confirmed. Client is not on any sanctions or PEP lists. AML monitoring recommended due to international investment exposure.,Yes,Cleared,Low,Medium,SG,EAM,"[{'Stock': 'AMZN', 'Shares Owned': 136, 'Allocation (%)': 46.61}, {'Stock': 'NVDA', 'Shares Owned': 82, 'Allocation (%)': 21.13}, {'Stock': 'SLV', 'Shares Owned': 332, 'Allocation (%)': 6.9}, {'Stock': 'Volkswagen', 'Shares Owned': 180, 'Allocation (%)': 2.66}, {'Stock': 'ADBE', 'Shares Owned': 215, 'Allocation (%)': 12.57}, {'Stock': 'ARKF', 'Shares Owned': 25, 'Allocation (%)': 2.96}, {'Stock': 'EEM', 'Shares Owned': 474, 'Allocation (%)': 1.99}, {'Stock': 'CVX', 'Shares Owned': 333, 'Allocation (%)': 2.25}, {'Stock': 'BASF', 'Shares Owned': 138, 'Allocation (%)': 1.34}, {'Stock': 'BND', 'Shares Owned': 66, 'Allocation (%)': 1.5900000000000059}]",Mary Greene, focused on real estate and lives quietly by the sea.,UHNWI
Erika Rodgers DVM,1963-04-16,LI,Female,Married,Print production planner,King LLC,5,"1288 Gutierrez Islands, Brandymouth, GA 96376",(917)333-1431x3162,jennifererickson@example.org,Savings,PAYL23226967530504,CHF,78669.88,5959.52,1052068.8,332118.12,39223.08,3,['Savings Account'],"Salary, Real Estate, Capital Gains",Client possesses practical experience in stock markets and ETFs. Has some knowledge of portfolio rebalancing and tax-efficient investment strategies.,Moderate Growth,"Client assessed as low-to-medium risk. Domestic income and salary align with monthly transactions, but moderate exposure to alternative investments noted.",Full KYC verification completed. Risk assessment and AML checks cleared. Client demonstrates transparency in source of funds and investment objectives.,Yes,Cleared,Low,High,LU,RM serviced PB,"[{'Stock': 'QQQ', 'Shares Owned': 158, 'Allocation (%)': 84.52}, {'Stock': 'EFA', 'Shares Owned': 23, 'Allocation (%)': 4.64}, {'Stock': 'SAP', 'Shares Owned': 398, 'Allocation (%)': 2.34}, {'Stock': 'ETH', 'Shares Owned': 451, 'Allocation (%)': 1.26}, {'Stock': 'NVDA', 'Shares Owned': 71, 'Allocation (%)': 1.3}, {'Stock': 'ADBE', 'Shares Owned': 188, 'Allocation (%)': 1.93}, {'Stock': 'ARKQ', 'Shares Owned': 339, 'Allocation (%)': 1.01}, {'Stock': 'TIP', 'Shares Owned': 237, 'Allocation (%)': 1.0}, {'Stock': 'MSFT', 'Shares Owned': 174, 'Allocation (%)': 1.0}, {'Stock': 'ARKG', 'Shares Owned': 481, 'Allocation (%)': 1.0000000000000044}]",Mary Greene, focused on real estate and became a mentor.,Non-Affluent
Mr. Tanner Johns Jr.,1980-09-14,LI,Female,Divorced,"Therapist, speech and language",Gilbert-Russell,7,"8574 Beverly Coves Apt. 615, Port Suzannefort, TX 90392",+1-904-807-2938,cwalter@example.net,Savings and Investment,MODB74241780785912,CHF,129338.72,4685.88,436421.96,239425.96,183925.04,2,"['Savings Account', 'Investment Account']","Business Income, Investments","Client has moderate knowledge of financial markets, primarily investing in mutual funds and fixed income securities. Familiar with basic risk-return tradeoffs and market volatility, but prefers conservative investment strategies.",Capital Preservation,Client assessed as medium-risk. Some international investments noted. Transactions slightly higher than expected for profile but consistent with disclosed sources of wealth.,"Documents partially verified. Further verification of employment and income recommended. PEP check cleared, but client flagged for high-value international transactions. Periodic compliance review required.",Yes,Cleared,Low,Low,BVI,RM serviced PB,"[{'Stock': 'ARKG', 'Shares Owned': 472, 'Allocation (%)': 24.45}, {'Stock': 'LVMH', 'Shares Owned': 254, 'Allocation (%)': 7.14}, {'Stock': 'SAP', 'Shares Owned': 367, 'Allocation (%)': 54.29}, {'Stock': 'NFLX', 'Shares Owned': 464, 'Allocation (%)': 6.56}, {'Stock': 'Roche', 'Shares Owned': 113, 'Allocation (%)': 1.24}, {'Stock': 'GOOGL', 'Shares Owned': 324, 'Allocation (%)': 1.79}, {'Stock': 'EFA', 'Shares Owned': 308, 'Allocation (%)': 1.07}, {'Stock': 'EEM', 'Shares Owned': 105, 'Allocation (%)': 1.25}, {'Stock': 'BTC', 'Shares Owned': 87, 'Allocation (%)': 1.2}, {'Stock': 'BASF', 'Shares Owned': 229, 'Allocation (%)': 1.0099999999999973}]",Arthur Elliott, built a fintech startup but lost it all in a crash.,Affluent
Tracy Richardson,1971-11-12,DE,Male,Married,"Conservation officer, historic buildings",Mcclain and Sons,19,"Unit 3157 Box 2036, DPO AA 10081",001-475-825-3737x39784,laurenrichardson@example.net,Checking,FMBE17669624643809,CHF,73384.24,1157.36,393038.64,58372.56,252864.12,3,"['Savings Account', 'Investment Account']","Salary, Rental Income, Stock Investments",Client possesses practical experience in stock markets and ETFs. Has some knowledge of portfolio rebalancing and tax-efficient investment strategies.,Aggressive Growth,"Client assessed as low-to-medium risk. Domestic income and salary align with monthly transactions, but moderate exposure to alternative investments noted.",All identification documents verified. Employment and income confirmed via supporting documents. PEP check cleared. Sanctions screening completed. AML risk is low. No discrepancies found during due diligence.,No,Cleared,Low,High,BVI,EAM,"[{'Stock': 'BA', 'Shares Owned': 398, 'Allocation (%)': 4.91}, {'Stock': 'AGG', 'Shares Owned': 485, 'Allocation (%)': 69.79}, {'Stock': 'TIP', 'Shares Owned': 344, 'Allocation (%)': 3.71}, {'Stock': 'GLD', 'Shares Owned': 304, 'Allocation (%)': 4.69}, {'Stock': 'Siemens', 'Shares Owned': 299, 'Allocation (%)': 10.77}, {'Stock': 'BTC', 'Shares Owned': 459, 'Allocation (%)': 1.25}, {'Stock': 'Volkswagen', 'Shares Owned': 493, 'Allocation (%)': 1.16}, {'Stock': 'NEE', 'Shares Owned': 162, 'Allocation (%)': 1.64}, {'Stock': 'BASF', 'Shares Owned': 424, 'Allocation (%)': 1.07}, {'Stock': 'CAT', 'Shares Owned': 100, 'Allocation (%)': 1.0099999999999956}]",Arthur Elliott, bet big on crypto and achieved financial independence.,Non-Affluent
Dana Brennan,1960-01-25,CH,Male,Widowed,Call centre manager,Wise and Sons,9,"PSC 5918, Box 9573, APO AA 09362",716-624-2729,jamesrichardson@example.org,Savings,BMMV83711578507951,CHF,108784.36,3691.04,350259.84,70114.8,25559.16,2,"['Checking Account', 'Savings Account']","Salary, Real Estate, Capital Gains",Client possesses practical experience in stock markets and ETFs. Has some knowledge of portfolio rebalancing and tax-efficient investment strategies.,Moderate Growth,Client assessed as low-risk. Transaction behavior is consistent with reported income. No history of suspicious activity. Domestic and regulated international income sources only.,Full KYC verification completed. Risk assessment and AML checks cleared. Client demonstrates transparency in source of funds and investment objectives.,Yes,Cleared,Low,Low,CH,Com. & Retail,"[{'Stock': 'CVX', 'Shares Owned': 214, 'Allocation (%)': 38.56}, {'Stock': 'Siemens', 'Shares Owned': 166, 'Allocation (%)': 27.49}, {'Stock': 'NFLX', 'Shares Owned': 430, 'Allocation (%)': 10.64}, {'Stock': 'CAT', 'Shares Owned': 70, 'Allocation (%)': 7.33}, {'Stock': 'ARKF', 'Shares Owned': 360, 'Allocation (%)': 3.43}, {'Stock': 'AGG', 'Shares Owned': 74, 'Allocation (%)': 1.54}, {'Stock': 'INTC', 'Shares Owned': 330, 'Allocation (%)': 7.37}, {'Stock': 'MSFT', 'Shares Owned': 91, 'Allocation (%)': 1.39}, {'Stock': 'BTC', 'Shares Owned': 364, 'Allocation (%)': 1.0}, {'Stock': 'ARKQ', 'Shares Owned': 415, 'Allocation (%)': 1.2500000000000018}]",Arthur Elliott, launched a coffee chain and achieved financial independence.,Non-Affluent
Joanna Norris,1997-09-12,CH,Male,Divorced,Quarry manager,Macias-Thomas,21,"PSC 9886, Box 2090, APO AE 11500",001-746-612-0187x6193,ylopez@example.net,Savings and Investment,NZHK91172894507866,CHF,107273.4,4191.52,1318894.68,294061.92,221742.56,1,['Savings Account'],"Salary, Real Estate, Capital Gains","Client has extensive experience investing in equities, bonds, ETFs, and mutual funds. Demonstrates strong understanding of portfolio diversification and risk management techniques. Has previously invested in alternative assets such as real estate funds and structured products.",Capital Preservation,Client assessed as high-risk due to high-value international transactions and exposure to high-volatility assets. Requires enhanced monitoring and periodic review.,Full KYC verification completed. Risk assessment and AML checks cleared. Client demonstrates transparency in source of funds and investment objectives.,Yes,Cleared,High,High,LI,RM serviced PB,"[{'Stock': 'TIP', 'Shares Owned': 278, 'Allocation (%)': 19.32}, {'Stock': 'Novartis', 'Shares Owned': 96, 'Allocation (%)': 39.61}, {'Stock': 'NVDA', 'Shares Owned': 355, 'Allocation (%)': 30.77}, {'Stock': 'SLV', 'Shares Owned': 48, 'Allocation (%)': 3.93}, {'Stock': 'BTC', 'Shares Owned': 148, 'Allocation (%)': 1.24}, {'Stock': 'Allianz', 'Shares Owned': 442, 'Allocation (%)': 1.08}, {'Stock': 'Roche', 'Shares Owned': 373, 'Allocation (%)': 1.03}, {'Stock': 'SPY', 'Shares Owned': 285, 'Allocation (%)': 1.01}, {'Stock': 'SAP', 'Shares Owned': 280, 'Allocation (%)': 1.0}, {'Stock': 'AGG', 'Shares Owned': 490, 'Allocation (%)': 1.0100000000000078}]",Arthur Elliott, bet big on crypto and keeps growing steadily.,Affluent
Garrett Blair,1998-08-15,CH,Female,Widowed,Games developer,"Hahn, James and Clark",2,"50672 Kathryn Locks, Nelsonview, KS 19364",001-936-813-2669x2750,jamescarpenter@example.com,Checking,IUSV75347017775438,CHF,101080.64,4196.28,390968.04,252278.64,44673.96,1,"['Checking Account', 'Savings Account', 'Investment Account']","Salary, Real Estate, Capital Gains","Client has moderate knowledge of financial markets, primarily investing in mutual funds and fixed income securities. Familiar with basic risk-return tradeoffs and market volatility, but prefers conservative investment strategies.",Moderate Growth,"Client assessed as low-to-medium risk. Domestic income and salary align with monthly transactions, but moderate exposure to alternative investments noted.","Documents partially verified. Further verification of employment and income recommended. PEP check cleared, but client flagged for high-value international transactions. Periodic compliance review required.",Yes,Cleared,Low,High,LI,Com. & Retail,"[{'Stock': 'CAT', 'Shares Owned': 150, 'Allocation (%)': 34.54}, {'Stock': 'QQQ', 'Shares Owned': 89, 'Allocation (%)': 17.54}, {'Stock': 'XOM', 'Shares Owned': 390, 'Allocation (%)': 32.78}, {'Stock': 'Volkswagen', 'Shares Owned': 299, 'Allocation (%)': 3.71}, {'Stock': 'NVDA', 'Shares Owned': 140, 'Allocation (%)': 1.73}, {'Stock': 'CVX', 'Shares Owned': 399, 'Allocation (%)': 4.49}, {'Stock': 'SLV', 'Shares Owned': 130, 'Allocation (%)': 1.14}, {'Stock': 'Novartis', 'Shares Owned': 192, 'Allocation (%)': 2.01}, {'Stock': 'SAP', 'Shares Owned': 371, 'Allocation (%)': 1.04}, {'Stock': 'ARKQ', 'Shares Owned': 373, 'Allocation (%)': 1.0200000000000067}]",Cynthia Baker, focused on real estate and became a mentor.,UHNWI
Elizabeth Paul,1968-12-28,LI,Male,Widowed,Speech and language therapist,"Long, Taylor and Kaiser",10,"5749 Andrew Trail Suite 616, Lake Jerryburgh, WV 89534",836-889-1606x5624,billy84@example.net,Checking,LJYK95284766228018,CHF,60470.36,1803.36,1051654.68,67082.68,79630.04,0,['Savings Account'],"Inheritance, Savings, Salary","Client has moderate knowledge of financial markets, primarily investing in mutual funds and fixed income securities. Familiar with basic risk-return tradeoffs and market volatility, but prefers conservative investment strategies.",Income Generation,"Client assessed as low-to-medium risk. Domestic income and salary align with monthly transactions, but moderate exposure to alternative investments noted.","Documents partially verified. Further verification of employment and income recommended. PEP check cleared, but client flagged for high-value international transactions. Periodic compliance review required.",Yes,Cleared,High,Low,CH,EAM,"[{'Stock': 'MSFT', 'Shares Owned': 165, 'Allocation (%)': 30.35}, {'Stock': 'LVMH', 'Shares Owned': 251, 'Allocation (%)': 35.68}, {'Stock': 'USO', 'Shares Owned': 165, 'Allocation (%)': 17.55}, {'Stock': 'GE', 'Shares Owned': 345, 'Allocation (%)': 4.53}, {'Stock': 'Siemens', 'Shares Owned': 266, 'Allocation (%)': 3.53}, {'Stock': 'SPY', 'Shares Owned': 433, 'Allocation (%)': 1.1}, {'Stock': 'TIP', 'Shares Owned': 202, 'Allocation (%)': 1.99}, {'Stock': 'CAT', 'Shares Owned': 200, 'Allocation (%)': 1.03}, {'Stock': 'NVDA', 'Shares Owned': 266, 'Allocation (%)': 2.03}, {'Stock': 'AAPL', 'Shares Owned': 116, 'Allocation (%)': 2.210000000000005}]",Mary Greene, bet big on crypto and became a mentor.,Non-Affluent
Robert Johnson,1991-09-16,LI,Male,Widowed,"Therapist, sports",Edwards LLC,19,"35704 Darlene Brooks Apt. 234, Theresaview, HI 20194",(639)540-2807,murrayjeffrey@example.net,Savings,ZMLD12781991683805,CHF,128056.24,1013.2,604779.08,124463.12,227868.68,1,"['Checking Account', 'Savings Account']","Salary, Rental Income, Stock Investments","Client is highly knowledgeable about derivatives, structured products, and alternative investment vehicles. Experience includes cryptocurrency investments and international equities. Understands hedging and leverage strategies.",Income Generation,Client assessed as medium-risk. Some international investments noted. Transactions slightly higher than expected for profile but consistent with disclosed sources of wealth.,Full KYC verification completed. Risk assessment and AML checks cleared. Client demonstrates transparency in source of funds and investment objectives.,No,Cleared,Medium,Medium,CH,EAM,"[{'Stock': 'ARKK', 'Shares Owned': 106, 'Allocation (%)': 75.48}, {'Stock': 'EEM', 'Shares Owned': 119, 'Allocation (%)': 2.04}, {'Stock': 'XOM', 'Shares Owned': 96, 'Allocation (%)': 12.52}, {'Stock': 'Siemens', 'Shares Owned': 27, 'Allocation (%)': 1.19}, {'Stock': 'MSFT', 'Shares Owned': 21, 'Allocation (%)': 3.75}, {'Stock': 'NEE', 'Shares Owned': 224, 'Allocation (%)': 1.0}, {'Stock': 'Roche', 'Shares Owned': 375, 'Allocation (%)': 1.01}, {'Stock': 'TSLA', 'Shares Owned': 212, 'Allocation (%)': 1.01}, {'Stock': 'NVDA', 'Shares Owned': 255, 'Allocation (%)': 1.0}, {'Stock': 'LVMH', 'Shares Owned': 386, 'Allocation (%)': 0.999999999999998}]",Mary Greene, bet big on crypto and lives quietly by the sea.,Affluent
Nancy Fisher,2000-04-07,CH,Male,Single,Camera operator,Bauer-Melendez,19,"5970 Tran Spur Apt. 219, Port Stacyport, WY 59335",001-703-858-2654,cliffordortiz@example.com,Savings,YZTZ57428136969626,CHF,80297.12,291.04,1220167.52,100538.68,234915.52,2,"['Savings Account', 'Investment Account']","Inheritance, Savings, Salary","Client is highly knowledgeable about derivatives, structured products, and alternative investment vehicles. Experience includes cryptocurrency investments and international equities. Understands hedging and leverage strategies.",Aggressive Growth,Client assessed as low-risk. Transaction behavior is consistent with reported income. No history of suspicious activity. Domestic and regulated international income sources only.,All identification documents verified. Employment and income confirmed via supporting documents. PEP check cleared. Sanctions screening completed. AML risk is low. No discrepancies found during due diligence.,No,Cleared,Medium,High,LU,RM serviced PB,"[{'Stock': 'Roche', 'Shares Owned': 216, 'Allocation (%)': 28.04}, {'Stock': 'AAPL', 'Shares Owned': 191, 'Allocation (%)': 23.77}, {'Stock': 'ETH', 'Shares Owned': 226, 'Allocation (%)': 6.18}, {'Stock': 'QQQ', 'Shares Owned': 443, 'Allocation (%)': 26.88}, {'Stock': 'TIP', 'Shares Owned': 87, 'Allocation (%)': 3.6}, {'Stock': 'ARKG', 'Shares Owned': 69, 'Allocation (%)': 3.9}, {'Stock': 'BA', 'Shares Owned': 250, 'Allocation (%)': 1.97}, {'Stock': 'NVDA', 'Shares Owned': 107, 'Allocation (%)': 3.58}, {'Stock': 'Siemens', 'Shares Owned': 162, 'Allocation (%)': 1.02}, {'Stock': 'USO', 'Shares Owned': 500, 'Allocation (%)': 1.0600000000000134}]",Mary Greene, bet big on crypto and became a mentor.,Affluent
Hannah Ward,1972-12-28,CH,Female,Single,Contractor,Case-Harris,21,"245 Mcpherson Field, South Christopherborough, NC 73922",(697)325-3487x5120,candaceevans@example.org,Savings and Investment,JJGU29910796792109,CHF,89164.32,3115.76,1239771.92,94389.44,110640.08,0,"['Savings Account', 'Investment Account']","Salary, Rental Income, Stock Investments",Client possesses practical experience in stock markets and ETFs. Has some knowledge of portfolio rebalancing and tax-efficient investment strategies.,Capital Preservation,Client assessed as low-risk. Transaction behavior is consistent with reported income. No history of suspicious activity. Domestic and regulated international income sources only.,Verification of ID documents and employment completed. Tax residency confirmed. Client is not on any sanctions or PEP lists. AML monitoring recommended due to international investment exposure.,No,Cleared,Medium,High,BVI,RM serviced PB,"[{'Stock': 'GE', 'Shares Owned': 89, 'Allocation (%)': 52.3}, {'Stock': 'BND', 'Shares Owned': 276, 'Allocation (%)': 23.95}, {'Stock': 'CAT', 'Shares Owned': 466, 'Allocation (%)': 15.91}, {'Stock': 'NFLX', 'Shares Owned': 264, 'Allocation (%)': 1.72}, {'Stock': 'ETH', 'Shares Owned': 120, 'Allocation (%)': 1.07}, {'Stock': 'SAP', 'Shares Owned': 96, 'Allocation (%)': 1.02}, {'Stock': 'Novartis', 'Shares Owned': 182, 'Allocation (%)': 1.0}, {'Stock': 'ADBE', 'Shares Owned': 177, 'Allocation (%)': 1.01}, {'Stock': 'TIP', 'Shares Owned': 174, 'Allocation (%)': 1.01}, {'Stock': 'ARKG', 'Shares Owned': 466, 'Allocation (%)': 1.0100000000000031}]",Mary Greene, bet big on crypto and lives quietly by the sea.,Affluent
Joseph Chavez,1972-08-26,CH,Male,Married,Structural engineer,"Simmons, Morales and Olson",26,"USNS Cooper, FPO AE 16702",001-494-264-8247x3567,lisa98@example.com,Savings and Investment,LNPF79748434161355,CHF,71033.48,4917.08,506526.56,294502.56,72726.0,3,"['Savings Account', 'Investment Account']","Salary, Rental Income, Stock Investments","Client has extensive experience investing in equities, bonds, ETFs, and mutual funds. Demonstrates strong understanding of portfolio diversification and risk management techniques. Has previously invested in alternative assets such as real estate funds and structured products.",Moderate Growth,Client assessed as medium-risk. Some international investments noted. Transactions slightly higher than expected for profile but consistent with disclosed sources of wealth.,Verification of ID documents and employment completed. Tax residency confirmed. Client is not on any sanctions or PEP lists. AML monitoring recommended due to international investment exposure.,No,Cleared,Low,Low,LI,EAM,"[{'Stock': 'INTC', 'Shares Owned': 343, 'Allocation (%)': 78.07}, {'Stock': 'BND', 'Shares Owned': 258, 'Allocation (%)': 6.6}, {'Stock': 'NFLX', 'Shares Owned': 67, 'Allocation (%)': 6.03}, {'Stock': 'Novartis', 'Shares Owned': 371, 'Allocation (%)': 1.08}, {'Stock': 'ARKQ', 'Shares Owned': 362, 'Allocation (%)': 1.3}, {'Stock': 'BASF', 'Shares Owned': 388, 'Allocation (%)': 1.8}, {'Stock': 'ARKK', 'Shares Owned': 191, 'Allocation (%)': 1.37}, {'Stock': 'ARKG', 'Shares Owned': 128, 'Allocation (%)': 1.28}, {'Stock': 'AAPL', 'Shares Owned': 232, 'Allocation (%)': 1.07}, {'Stock': 'EEM', 'Shares Owned': 413, 'Allocation (%)': 1.4000000000000077}]",Arthur Elliott, launched a coffee chain and became a mentor.,Non-Affluent
Thomas Lawson,1976-11-13,CH,Male,Divorced,Best boy,Paul-Yoder,28,"PSC 1278, Box 1998, APO AE 58662",001-806-811-4904x58067,tbowman@example.com,Savings,FMIT34585303911879,CHF,112235.36,4153.44,702322.36,212491.16,51914.6,3,"['Savings Account', 'Investment Account']","Salary, Rental Income, Stock Investments","Client has extensive experience investing in equities, bonds, ETFs, and mutual funds. Demonstrates strong understanding of portfolio diversification and risk management techniques. Has previously invested in alternative assets such as real estate funds and structured products.",Capital Preservation,Client assessed as high-risk due to high-value international transactions and exposure to high-volatility assets. Requires enhanced monitoring and periodic review.,Verification of ID documents and employment completed. Tax residency confirmed. Client is not on any sanctions or PEP lists. AML monitoring recommended due to international investment exposure.,Yes,Cleared,Medium,Low,LI,Com. & Retail,"[{'Stock': 'META', 'Shares Owned': 344, 'Allocation (%)': 31.89}, {'Stock': 'GOOGL', 'Shares Owned': 235, 'Allocation (%)': 6.78}, {'Stock': 'CAT', 'Shares Owned': 120, 'Allocation (%)': 14.27}, {'Stock': 'ARKQ', 'Shares Owned': 391, 'Allocation (%)': 26.11}, {'Stock': 'AMZN', 'Shares Owned': 146, 'Allocation (%)': 3.85}, {'Stock': 'LVMH', 'Shares Owned': 499, 'Allocation (%)': 7.44}, {'Stock': 'XOM', 'Shares Owned': 87, 'Allocation (%)': 3.65}, {'Stock': 'GE', 'Shares Owned': 445, 'Allocation (%)': 1.63}, {'Stock': 'Volkswagen', 'Shares Owned': 197, 'Allocation (%)': 2.41}, {'Stock': 'EEM', 'Shares Owned': 448, 'Allocation (%)': 1.9699999999999998}]",Mary Greene, ran a quant hedge fund and retired early.,Non-Affluent
Calvin Wang,1984-08-31,LI,Female,Widowed,Banker,"Mitchell, Rangel and Coleman",9,"3523 Sutton Mission Suite 456, Downsburgh, OK 72466",231-591-7215,umcdonald@example.net,Checking,WEAH19265442882686,CHF,61497.84,5904.44,555738.84,38354.04,222913.52,3,['Savings Account'],"Salary, Real Estate, Capital Gains",Client possesses practical experience in stock markets and ETFs. Has some knowledge of portfolio rebalancing and tax-efficient investment strategies.,Capital Preservation,Client assessed as low-risk. Transaction behavior is consistent with reported income. No history of suspicious activity. Domestic and regulated international income sources only.,Verification of ID documents and employment completed. Tax residency confirmed. Client is not on any sanctions or PEP lists. AML monitoring recommended due to international investment exposure.,No,Cleared,High,Medium,BVI,Com. & Retail,"[{'Stock': 'TSLA', 'Shares Owned': 253, 'Allocation (%)': 55.24}, {'Stock': 'BTC', 'Shares Owned': 252, 'Allocation (%)': 11.73}, {'Stock': 'SAP', 'Shares Owned': 117, 'Allocation (%)': 1.2}, {'Stock': 'TIP', 'Shares Owned': 50, 'Allocation (%)': 14.15}, {'Stock': 'BA', 'Shares Owned': 176, 'Allocation (%)': 8.68}, {'Stock': 'META', 'Shares Owned': 45, 'Allocation (%)': 4.86}, {'Stock': 'AAPL', 'Shares Owned': 80, 'Allocation (%)': 1.07}, {'Stock': 'NEE', 'Shares Owned': 84, 'Allocation (%)': 1.03}, {'Stock': 'LVMH', 'Shares Owned': 322, 'Allocation (%)': 1.01}, {'Stock': 'SPY', 'Shares Owned': 412, 'Allocation (%)': 1.0299999999999991}]",Mary Greene, built a fintech startup and lives quietly by the sea.,Affluent
Jimmy Hill,1975-06-25,LI,Male,Married,Tour manager,Alvarado Ltd,26,"821 Turner Forges Suite 091, Coxtown, MH 93925",357.390.4104,xgordon@example.org,Savings and Investment,TPJA88438829151984,CHF,132375.6,1592.56,172394.28,177414.04,144621.04,1,['Savings Account'],"Salary, Real Estate, Capital Gains","Client has extensive experience investing in equities, bonds, ETFs, and mutual funds. Demonstrates strong understanding of portfolio diversification and risk management techniques. Has previously invested in alternative assets such as real estate funds and structured products.",Aggressive Growth,"Client assessed as low-to-medium risk. Domestic income and salary align with monthly transactions, but moderate exposure to alternative investments noted.",All identification documents verified. Employment and income confirmed via supporting documents. PEP check cleared. Sanctions screening completed. AML risk is low. No discrepancies found during due diligence.,No,Cleared,Medium,Low,LI,EAM,"[{'Stock': 'ADA', 'Shares Owned': 165, 'Allocation (%)': 17.57}, {'Stock': 'Roche', 'Shares Owned': 273, 'Allocation (%)': 25.38}, {'Stock': 'Novartis', 'Shares Owned': 260, 'Allocation (%)': 43.09}, {'Stock': 'Siemens', 'Shares Owned': 406, 'Allocation (%)': 2.52}, {'Stock': 'SOL', 'Shares Owned': 84, 'Allocation (%)': 4.91}, {'Stock': 'SAP', 'Shares Owned': 85, 'Allocation (%)': 2.38}, {'Stock': 'GOOGL', 'Shares Owned': 260, 'Allocation (%)': 1.06}, {'Stock': 'ARKF', 'Shares Owned': 319, 'Allocation (%)': 1.05}, {'Stock': 'META', 'Shares Owned': 308, 'Allocation (%)': 1.03}, {'Stock': 'TIP', 'Shares Owned': 161, 'Allocation (%)': 1.010000000000008}]",Cynthia Baker, focused on real estate and retired early.,UHNWI
Dr. Tristan Robbins,1966-11-16,LI,Female,Single,Archaeologist,"Hanson, Schultz and Blair",20,"30281 Soto Light Apt. 846, Port Kelsey, VA 22169",608-807-2408,david11@example.com,Savings,DFRP34615327613182,CHF,108413.08,5340.72,407966.0,114228.44,220839.52,0,"['Savings Account', 'Investment Account']","Salary, Rental Income, Stock Investments","Client has moderate knowledge of financial markets, primarily investing in mutual funds and fixed income securities. Familiar with basic risk-return tradeoffs and market volatility, but prefers conservative investment strategies.",Moderate Growth,Client assessed as medium-risk. Some international investments noted. Transactions slightly higher than expected for profile but consistent with disclosed sources of wealth.,All identification documents verified. Employment and income confirmed via supporting documents. PEP check cleared. Sanctions screening completed. AML risk is low. No discrepancies found during due diligence.,Yes,Cleared,Low,Low,SG,Com. & Retail,"[{'Stock': 'GE', 'Shares Owned': 346, 'Allocation (%)': 53.88}, {'Stock': 'USO', 'Shares Owned': 221, 'Allocation (%)': 23.77}, {'Stock': 'INTC', 'Shares Owned': 422, 'Allocation (%)': 12.96}, {'Stock': 'Novartis', 'Shares Owned': 384, 'Allocation (%)': 2.81}, {'Stock': 'XOM', 'Shares Owned': 74, 'Allocation (%)': 1.3}, {'Stock': 'CVX', 'Shares Owned': 243, 'Allocation (%)': 1.06}, {'Stock': 'BND', 'Shares Owned': 78, 'Allocation (%)': 1.14}, {'Stock': 'NEE', 'Shares Owned': 443, 'Allocation (%)': 1.03}, {'Stock': 'GOOGL', 'Shares Owned': 169, 'Allocation (%)': 1.02}, {'Stock': 'ARKK', 'Shares Owned': 395, 'Allocation (%)': 1.0299999999999971}]",Cynthia Baker, bet big on crypto and lives quietly by the sea.,Affluent
Lisa Stewart,1963-10-30,LI,Female,Divorced,Cytogeneticist,Williams and Sons,8,"569 Elizabeth River Apt. 447, West Kathrynland, GA 44782",508.600.5327,antonio72@example.net,Checking,RYNO60418752287752,CHF,123088.84,6660.6,721569.08,270472.04,214907.88,1,['Savings Account'],"Business Income, Investments",Client possesses practical experience in stock markets and ETFs. Has some knowledge of portfolio rebalancing and tax-efficient investment strategies.,Income Generation,Client assessed as low-risk. Transaction behavior is consistent with reported income. No history of suspicious activity. Domestic and regulated international income sources only.,All identification documents verified. Employment and income confirmed via supporting documents. PEP check cleared. Sanctions screening completed. AML risk is low. No discrepancies found during due diligence.,Yes,Cleared,High,High,LU,Com. & Retail,"[{'Stock': 'BASF', 'Shares Owned': 212, 'Allocation (%)': 2.06}, {'Stock': 'ARKF', 'Shares Owned': 435, 'Allocation (%)': 87.77}, {'Stock': 'SAP', 'Shares Owned': 38, 'Allocation (%)': 3.11}, {'Stock': 'ARKQ', 'Shares Owned': 148, 'Allocation (%)': 1.05}, {'Stock': 'NVDA', 'Shares Owned': 288, 'Allocation (%)': 1.01}, {'Stock': 'BND', 'Shares Owned': 78, 'Allocation (%)': 1.0}, {'Stock': 'GLD', 'Shares Owned': 481, 'Allocation (%)': 1.0}, {'Stock': 'ADBE', 'Shares Owned': 211, 'Allocation (%)': 1.0}, {'Stock': 'BA', 'Shares Owned': 144, 'Allocation (%)': 1.0}, {'Stock': 'AGG', 'Shares Owned': 340, 'Allocation (%)': 1.0000000000000027}]",Cynthia Baker, launched a coffee chain and keeps growing steadily.,UHNWI
Brian Foster,1966-11-03,DE,Female,Married,Magazine features editor,Berry-Lewis,8,"Unit 3266 Box 9864, DPO AE 95281",770-865-6182x07637,adamsmatthew@example.net,Savings and Investment,NQQY12734262206750,CHF,60140.56,6402.88,1050952.24,131378.72,62756.52,3,"['Savings Account', 'Investment Account']","Inheritance, Savings, Salary",Client possesses practical experience in stock markets and ETFs. Has some knowledge of portfolio rebalancing and tax-efficient investment strategies.,Capital Preservation,"Client assessed as low-to-medium risk. Domestic income and salary align with monthly transactions, but moderate exposure to alternative investments noted.",Verification of ID documents and employment completed. Tax residency confirmed. Client is not on any sanctions or PEP lists. AML monitoring recommended due to international investment exposure.,Yes,Cleared,High,Low,BVI,EAM,"[{'Stock': 'ARKK', 'Shares Owned': 360, 'Allocation (%)': 44.53}, {'Stock': 'GOOGL', 'Shares Owned': 329, 'Allocation (%)': 10.31}, {'Stock': 'CVX', 'Shares Owned': 127, 'Allocation (%)': 28.9}, {'Stock': 'Volkswagen', 'Shares Owned': 365, 'Allocation (%)': 4.39}, {'Stock': 'SAP', 'Shares Owned': 260, 'Allocation (%)': 6.36}, {'Stock': 'BASF', 'Shares Owned': 186, 'Allocation (%)': 1.12}, {'Stock': 'ETH', 'Shares Owned': 314, 'Allocation (%)': 1.27}, {'Stock': 'Allianz', 'Shares Owned': 479, 'Allocation (%)': 1.02}, {'Stock': 'META', 'Shares Owned': 206, 'Allocation (%)': 1.02}, {'Stock': 'Siemens', 'Shares Owned': 347, 'Allocation (%)': 1.079999999999997}]",Cynthia Baker, focused on real estate but lost it all in a crash.,UHNWI
Tyler Jones,1997-05-07,LI,Male,Single,Information systems manager,Bell-Johnson,24,"0710 Larson Mount, Christopherburgh, DE 04171",+1-885-408-9585x8800,bjohnson@example.net,Checking,ZKPT01467599395250,CHF,65143.32,6600.76,192896.28,321918.12,245786.68,1,"['Savings Account', 'Investment Account']","Inheritance, Savings, Salary",Client possesses practical experience in stock markets and ETFs. Has some knowledge of portfolio rebalancing and tax-efficient investment strategies.,Aggressive Growth,"Client assessed as low-to-medium risk. Domestic income and salary align with monthly transactions, but moderate exposure to alternative investments noted.",All identification documents verified. Employment and income confirmed via supporting documents. PEP check cleared. Sanctions screening completed. AML risk is low. No discrepancies found during due diligence.,No,Cleared,Low,High,CH,RM serviced PB,"[{'Stock': 'QQQ', 'Shares Owned': 142, 'Allocation (%)': 12.92}, {'Stock': 'CAT', 'Shares Owned': 432, 'Allocation (%)': 44.95}, {'Stock': 'Roche', 'Shares Owned': 441, 'Allocation (%)': 5.41}, {'Stock': 'Allianz', 'Shares Owned': 257, 'Allocation (%)': 11.6}, {'Stock': 'SOL', 'Shares Owned': 438, 'Allocation (%)': 2.51}, {'Stock': 'GLD', 'Shares Owned': 79, 'Allocation (%)': 11.02}, {'Stock': 'AGG', 'Shares Owned': 112, 'Allocation (%)': 1.16}, {'Stock': 'INTC', 'Shares Owned': 247, 'Allocation (%)': 1.28}, {'Stock': 'ADA', 'Shares Owned': 63, 'Allocation (%)': 5.71}, {'Stock': 'SPY', 'Shares Owned': 402, 'Allocation (%)': 3.4400000000000004}]",Mary Greene, focused on real estate and achieved financial independence.,Affluent
Justin Adams,1975-08-29,DE,Female,Divorced,Archivist,Sullivan-Johnson,13,"854 Patricia Tunnel Apt. 059, Ramosport, MH 97081",(633)794-8441x528,samuelmoody@example.com,Checking,PWRA47788328158542,CHF,60657.36,6003.04,572426.04,59540.12,229576.84,3,"['Savings Account', 'Investment Account']","Business Income, Investments",Client possesses practical experience in stock markets and ETFs. Has some knowledge of portfolio rebalancing and tax-efficient investment strategies.,Capital Preservation,Client assessed as high-risk due to high-value international transactions and exposure to high-volatility assets. Requires enhanced monitoring and periodic review.,Full KYC verification completed. Risk assessment and AML checks cleared. Client demonstrates transparency in source of funds and investment objectives.,Yes,Cleared,Medium,High,LI,Com. & Retail,"[{'Stock': 'CVX', 'Shares Owned': 455, 'Allocation (%)': 38.05}, {'Stock': 'Volkswagen', 'Shares Owned': 376, 'Allocation (%)': 11.07}, {'Stock': 'BA', 'Shares Owned': 51, 'Allocation (%)': 27.14}, {'Stock': 'BASF', 'Shares Owned': 238, 'Allocation (%)': 13.67}, {'Stock': 'Novartis', 'Shares Owned': 270, 'Allocation (%)': 1.88}, {'Stock': 'TSLA', 'Shares Owned': 65, 'Allocation (%)': 3.73}, {'Stock': 'SOL', 'Shares Owned': 265, 'Allocation (%)': 1.11}, {'Stock': 'INTC', 'Shares Owned': 370, 'Allocation (%)': 1.27}, {'Stock': 'MSFT', 'Shares Owned': 57, 'Allocation (%)': 1.01}, {'Stock': 'Siemens', 'Shares Owned': 17, 'Allocation (%)': 1.0700000000000005}]",Mary Greene, launched a coffee chain and keeps growing steadily.,UHNWI
William Green,1970-01-03,LI,Male,Single,Primary school teacher,Lopez and Sons,30,"74650 Riley Villages Suite 868, North Joshua, DE 73449",803.809.7323,sandersbrandon@example.com,Checking,NLIS55804175793986,CHF,73031.32,5928.92,989861.04,75430.36,22786.8,0,['Savings Account'],"Salary, Real Estate, Capital Gains","Client has moderate knowledge of financial markets, primarily investing in mutual funds and fixed income securities. Familiar with basic risk-return tradeoffs and market volatility, but prefers conservative investment strategies.",Moderate Growth,"Client assessed as low-to-medium risk. Domestic income and salary align with monthly transactions, but moderate exposure to alternative investments noted.",Full KYC verification completed. Risk assessment and AML checks cleared. Client demonstrates transparency in source of funds and investment objectives.,Yes,Cleared,Low,High,CH,EAM,"[{'Stock': 'TSLA', 'Shares Owned': 283, 'Allocation (%)': 17.13}, {'Stock': 'XOM', 'Shares Owned': 287, 'Allocation (%)': 19.89}, {'Stock': 'BA', 'Shares Owned': 460, 'Allocation (%)': 28.67}, {'Stock': 'INTC', 'Shares Owned': 495, 'Allocation (%)': 5.74}, {'Stock': 'ARKG', 'Shares Owned': 142, 'Allocation (%)': 18.03}, {'Stock': 'AGG', 'Shares Owned': 393, 'Allocation (%)': 2.5}, {'Stock': 'Siemens', 'Shares Owned': 149, 'Allocation (%)': 2.77}, {'Stock': 'MSFT', 'Shares Owned': 154, 'Allocation (%)': 1.37}, {'Stock': 'AMZN', 'Shares Owned': 483, 'Allocation (%)': 2.4}, {'Stock': 'Novartis', 'Shares Owned': 65, 'Allocation (%)': 1.4999999999999996}]",Arthur Elliott, ran a quant hedge fund but lost it all in a crash.,Non-Affluent
Greg Dougherty,1973-11-22,DE,Female,Single,Haematologist,"Taylor, Roach and Wolfe",2,"2187 Blanchard Hollow Apt. 625, Arnoldberg, PA 40895",353.506.2767,shawn77@example.net,Savings and Investment,ILVK77451461019455,CHF,57560.64,4207.84,267436.52,248576.04,248036.8,2,"['Checking Account', 'Savings Account', 'Investment Account']","Business Income, Investments","Client is highly knowledgeable about derivatives, structured products, and alternative investment vehicles. Experience includes cryptocurrency investments and international equities. Understands hedging and leverage strategies.",Moderate Growth,Client assessed as low-risk. Transaction behavior is consistent with reported income. No history of suspicious activity. Domestic and regulated international income sources only.,All identification documents verified. Employment and income confirmed via supporting documents. PEP check cleared. Sanctions screening completed. AML risk is low. No discrepancies found during due diligence.,Yes,Cleared,Low,High,LI,Com. & Retail,"[{'Stock': 'MSFT', 'Shares Owned': 84, 'Allocation (%)': 25.94}, {'Stock': 'Allianz', 'Shares Owned': 342, 'Allocation (%)': 35.0}, {'Stock': 'QQQ', 'Shares Owned': 221, 'Allocation (%)': 16.04}, {'Stock': 'SLV', 'Shares Owned': 290, 'Allocation (%)': 2.35}, {'Stock': 'TIP', 'Shares Owned': 56, 'Allocation (%)': 10.22}, {'Stock': 'ADBE', 'Shares Owned': 280, 'Allocation (%)': 5.01}, {'Stock': 'VTI', 'Shares Owned': 232, 'Allocation (%)': 1.82}, {'Stock': 'NFLX', 'Shares Owned': 205, 'Allocation (%)': 1.48}, {'Stock': 'SPY', 'Shares Owned': 149, 'Allocation (%)': 1.09}, {'Stock': 'CVX', 'Shares Owned': 464, 'Allocation (%)': 1.050000000000001}]",Cynthia Baker, focused on real estate and keeps growing steadily.,Non-Affluent
Miguel Nguyen,1969-03-04,DE,Female,Divorced,"Merchandiser, retail",Richardson LLC,6,"2119 Mills Orchard Apt. 236, Williamston, KS 97078",345-445-0501,kbarnes@example.org,Savings,TEZF23281999929588,CHF,60024.28,1399.44,594835.44,275419.04,100154.48,3,"['Checking Account', 'Savings Account']","Business Income, Investments","Client has extensive experience investing in equities, bonds, ETFs, and mutual funds. Demonstrates strong understanding of portfolio diversification and risk management techniques. Has previously invested in alternative assets such as real estate funds and structured products.",Moderate Growth,"Client assessed as low-to-medium risk. Domestic income and salary align with monthly transactions, but moderate exposure to alternative investments noted.","Documents partially verified. Further verification of employment and income recommended. PEP check cleared, but client flagged for high-value international transactions. Periodic compliance review required.",Yes,Cleared,High,High,LU,Com. & Retail,"[{'Stock': 'ARKQ', 'Shares Owned': 257, 'Allocation (%)': 48.22}, {'Stock': 'LVMH', 'Shares Owned': 494, 'Allocation (%)': 10.79}, {'Stock': 'NFLX', 'Shares Owned': 278, 'Allocation (%)': 16.14}, {'Stock': 'SLV', 'Shares Owned': 195, 'Allocation (%)': 10.44}, {'Stock': 'EFA', 'Shares Owned': 490, 'Allocation (%)': 2.04}, {'Stock': 'SPY', 'Shares Owned': 98, 'Allocation (%)': 1.05}, {'Stock': 'ARKK', 'Shares Owned': 173, 'Allocation (%)': 1.78}, {'Stock': 'AGG', 'Shares Owned': 82, 'Allocation (%)': 4.85}, {'Stock': 'BTC', 'Shares Owned': 71, 'Allocation (%)': 3.03}, {'Stock': 'ARKG', 'Shares Owned': 185, 'Allocation (%)': 1.6600000000000015}]",Arthur Elliott, ran a quant hedge fund and became a mentor.,UHNWI
Eric Huerta,1971-07-01,CH,Female,Single,"Doctor, general practice",Brown-Freeman,7,"3181 Lam Oval Suite 119, West Jennifer, TX 46751",987.220.8041x905,brookerogers@example.com,Savings,PXPT18298382902902,CHF,103193.4,6247.16,140271.76,185715.48,83335.36,2,"['Checking Account', 'Savings Account', 'Investment Account']","Business Income, Investments","Client has moderate knowledge of financial markets, primarily investing in mutual funds and fixed income securities. Familiar with basic risk-return tradeoffs and market volatility, but prefers conservative investment strategies.",Capital Preservation,Client assessed as low-risk. Transaction behavior is consistent with reported income. No history of suspicious activity. Domestic and regulated international income sources only.,Verification of ID documents and employment completed. Tax residency confirmed. Client is not on any sanctions or PEP lists. AML monitoring recommended due to international investment exposure.,No,Cleared,High,High,SG,RM serviced PB,"[{'Stock': 'NVDA', 'Shares Owned': 272, 'Allocation (%)': 67.63}, {'Stock': 'GE', 'Shares Owned': 251, 'Allocation (%)': 7.71}, {'Stock': 'BTC', 'Shares Owned': 93, 'Allocation (%)': 13.39}, {'Stock': 'LVMH', 'Shares Owned': 157, 'Allocation (%)': 3.92}, {'Stock': 'ARKG', 'Shares Owned': 380, 'Allocation (%)': 2.12}, {'Stock': 'SPY', 'Shares Owned': 488, 'Allocation (%)': 1.23}, {'Stock': 'ARKQ', 'Shares Owned': 333, 'Allocation (%)': 1.0}, {'Stock': 'SOL', 'Shares Owned': 470, 'Allocation (%)': 1.0}, {'Stock': 'Roche', 'Shares Owned': 27, 'Allocation (%)': 1.0}, {'Stock': 'SLV', 'Shares Owned': 438, 'Allocation (%)': 1.0000000000000036}]",Arthur Elliott, focused on real estate but lost it all in a crash.,Affluent
Edward Green,1971-03-16,CH,Female,Widowed,Nature conservation officer,Petersen-Robinson,19,"39047 Heath Mills Apt. 204, Cassandraport, HI 92569",001-263-375-3955x9789,colleen80@example.org,Checking,PYBR97773595237591,CHF,86702.72,1448.4,832385.28,97278.08,100410.16,2,"['Savings Account', 'Investment Account']","Business Income, Investments",Client possesses practical experience in stock markets and ETFs. Has some knowledge of portfolio rebalancing and tax-efficient investment strategies.,Income Generation,Client assessed as medium-risk. Some international investments noted. Transactions slightly higher than expected for profile but consistent with disclosed sources of wealth.,Full KYC verification completed. Risk assessment and AML checks cleared. Client demonstrates transparency in source of funds and investment objectives.,Yes,Cleared,Medium,Low,LI,EAM,"[{'Stock': 'EFA', 'Shares Owned': 317, 'Allocation (%)': 54.76}, {'Stock': 'META', 'Shares Owned': 10, 'Allocation (%)': 19.49}, {'Stock': 'BA', 'Shares Owned': 179, 'Allocation (%)': 15.45}, {'Stock': 'QQQ', 'Shares Owned': 427, 'Allocation (%)': 3.66}, {'Stock': 'AGG', 'Shares Owned': 318, 'Allocation (%)': 1.34}, {'Stock': 'Roche', 'Shares Owned': 195, 'Allocation (%)': 1.19}, {'Stock': 'Novartis', 'Shares Owned': 322, 'Allocation (%)': 1.08}, {'Stock': 'MSFT', 'Shares Owned': 259, 'Allocation (%)': 1.03}, {'Stock': 'NVDA', 'Shares Owned': 342, 'Allocation (%)': 1.0}, {'Stock': 'GLD', 'Shares Owned': 468, 'Allocation (%)': 1.0000000000000044}]",Arthur Elliott, ran a quant hedge fund but lost it all in a crash.,Non-Affluent
Michael Anderson,1976-03-17,CH,Male,Married,Animator,Parker Ltd,30,"USS Erickson, FPO AP 65312",(784)247-4790,kristen36@example.net,Checking,DPBR56675927934965,CHF,76945.4,4902.8,1045120.56,227625.92,217757.08,3,"['Savings Account', 'Investment Account']","Business Income, Investments","Client has extensive experience investing in equities, bonds, ETFs, and mutual funds. Demonstrates strong understanding of portfolio diversification and risk management techniques. Has previously invested in alternative assets such as real estate funds and structured products.",Capital Preservation,Client assessed as low-risk. Transaction behavior is consistent with reported income. No history of suspicious activity. Domestic and regulated international income sources only.,Full KYC verification completed. Risk assessment and AML checks cleared. Client demonstrates transparency in source of funds and investment objectives.,No,Cleared,High,High,SG,RM serviced PB,"[{'Stock': 'VTI', 'Shares Owned': 113, 'Allocation (%)': 77.38}, {'Stock': 'GE', 'Shares Owned': 458, 'Allocation (%)': 6.9}, {'Stock': 'CAT', 'Shares Owned': 71, 'Allocation (%)': 4.08}, {'Stock': 'SPY', 'Shares Owned': 60, 'Allocation (%)': 5.52}, {'Stock': 'AAPL', 'Shares Owned': 25, 'Allocation (%)': 1.11}, {'Stock': 'AMZN', 'Shares Owned': 390, 'Allocation (%)': 1.01}, {'Stock': 'SOL', 'Shares Owned': 408, 'Allocation (%)': 1.0}, {'Stock': 'CVX', 'Shares Owned': 202, 'Allocation (%)': 1.0}, {'Stock': 'ARKQ', 'Shares Owned': 418, 'Allocation (%)': 1.0}, {'Stock': 'NVDA', 'Shares Owned': 213, 'Allocation (%)': 1.0000000000000044}]",Cynthia Baker, built a fintech startup but lost it all in a crash.,Non-Affluent
Elizabeth Mckenzie,1982-05-06,CH,Male,Single,Photographer,Collins PLC,17,"291 Edwards River, South Mariaville, VA 69812",001-512-821-1595x0941,megan07@example.org,Savings and Investment,AHDO13138459634956,CHF,114801.68,1549.04,548639.64,58925.4,127967.84,1,"['Checking Account', 'Savings Account']","Salary, Rental Income, Stock Investments","Client has extensive experience investing in equities, bonds, ETFs, and mutual funds. Demonstrates strong understanding of portfolio diversification and risk management techniques. Has previously invested in alternative assets such as real estate funds and structured products.",Capital Preservation,Client assessed as low-risk. Transaction behavior is consistent with reported income. No history of suspicious activity. Domestic and regulated international income sources only.,All identification documents verified. Employment and income confirmed via supporting documents. PEP check cleared. Sanctions screening completed. AML risk is low. No discrepancies found during due diligence.,No,Cleared,Low,High,LI,Com. & Retail,"[{'Stock': 'MSFT', 'Shares Owned': 168, 'Allocation (%)': 39.09}, {'Stock': 'EEM', 'Shares Owned': 387, 'Allocation (%)': 49.42}, {'Stock': 'ARKQ', 'Shares Owned': 55, 'Allocation (%)': 2.5}, {'Stock': 'BTC', 'Shares Owned': 350, 'Allocation (%)': 1.49}, {'Stock': 'ARKF', 'Shares Owned': 472, 'Allocation (%)': 2.35}, {'Stock': 'Roche', 'Shares Owned': 148, 'Allocation (%)': 1.01}, {'Stock': 'ARKK', 'Shares Owned': 85, 'Allocation (%)': 1.06}, {'Stock': 'Volkswagen', 'Shares Owned': 423, 'Allocation (%)': 1.02}, {'Stock': 'NEE', 'Shares Owned': 23, 'Allocation (%)': 1.05}, {'Stock': 'USO', 'Shares Owned': 162, 'Allocation (%)': 1.0099999999999951}]",Arthur Elliott, built a fintech startup and achieved financial independence.,UHNWI
Thomas Peterson,1991-01-02,DE,Male,Married,Leisure centre manager,Bowman PLC,18,"3493 Mcdaniel Pike Apt. 153, Baxterport, LA 52801",(750)794-8746,theresataylor@example.net,Savings,KBTA26168711476581,CHF,108602.8,3420.4,546282.08,179715.16,237348.56,1,['Savings Account'],"Salary, Rental Income, Stock Investments","Client is highly knowledgeable about derivatives, structured products, and alternative investment vehicles. Experience includes cryptocurrency investments and international equities. Understands hedging and leverage strategies.",Income Generation,"Client assessed as low-to-medium risk. Domestic income and salary align with monthly transactions, but moderate exposure to alternative investments noted.",All identification documents verified. Employment and income confirmed via supporting documents. PEP check cleared. Sanctions screening completed. AML risk is low. No discrepancies found during due diligence.,No,Cleared,High,Medium,CH,Com. & Retail,"[{'Stock': 'BND', 'Shares Owned': 213, 'Allocation (%)': 90.22}, {'Stock': 'GLD', 'Shares Owned': 448, 'Allocation (%)': 1.43}, {'Stock': 'CAT', 'Shares Owned': 415, 'Allocation (%)': 1.31}, {'Stock': 'BA', 'Shares Owned': 432, 'Allocation (%)': 1.01}, {'Stock': 'NVDA', 'Shares Owned': 358, 'Allocation (%)': 1.01}, {'Stock': 'TSLA', 'Shares Owned': 348, 'Allocation (%)': 1.0}, {'Stock': 'VTI', 'Shares Owned': 82, 'Allocation (%)': 1.01}, {'Stock': 'ARKF', 'Shares Owned': 390, 'Allocation (%)': 1.01}, {'Stock': 'Roche', 'Shares Owned': 360, 'Allocation (%)': 1.0}, {'Stock': 'Volkswagen', 'Shares Owned': 265, 'Allocation (%)': 1.0000000000000018}]",Cynthia Baker, invested early in tech stocks and retired early.,UHNWI
Robert Lopez,1988-07-17,DE,Female,Single,Theme park manager,Reid-Miller,1,"263 Michael Radial, Port Michaelville, MS 12429",319-650-1257,jessicayoung@example.com,Savings,TSHG78125943875396,CHF,91771.44,5582.8,249652.48,307643.56,62119.36,2,"['Savings Account', 'Investment Account']","Salary, Rental Income, Stock Investments","Client is highly knowledgeable about derivatives, structured products, and alternative investment vehicles. Experience includes cryptocurrency investments and international equities. Understands hedging and leverage strategies.",Capital Preservation,"Client assessed as low-to-medium risk. Domestic income and salary align with monthly transactions, but moderate exposure to alternative investments noted.",Full KYC verification completed. Risk assessment and AML checks cleared. Client demonstrates transparency in source of funds and investment objectives.,No,Cleared,Medium,Low,LU,RM serviced PB,"[{'Stock': 'EFA', 'Shares Owned': 401, 'Allocation (%)': 65.92}, {'Stock': 'SAP', 'Shares Owned': 498, 'Allocation (%)': 13.33}, {'Stock': 'ARKG', 'Shares Owned': 24, 'Allocation (%)': 3.05}, {'Stock': 'USO', 'Shares Owned': 462, 'Allocation (%)': 10.92}, {'Stock': 'CVX', 'Shares Owned': 70, 'Allocation (%)': 1.7}, {'Stock': 'AMZN', 'Shares Owned': 379, 'Allocation (%)': 1.08}, {'Stock': 'Siemens', 'Shares Owned': 90, 'Allocation (%)': 1.0}, {'Stock': 'QQQ', 'Shares Owned': 142, 'Allocation (%)': 1.0}, {'Stock': 'META', 'Shares Owned': 418, 'Allocation (%)': 1.0}, {'Stock': 'ARKK', 'Shares Owned': 11, 'Allocation (%)': 0.9999999999999991}]",Mary Greene, bet big on crypto and achieved financial independence.,Non-Affluent
Emily Perez,1974-06-23,LI,Female,Widowed,Television camera operator,Short Ltd,7,"832 Turner Mountains Apt. 186, Clarkchester, PR 71269",774.453.0965x6249,sarahudson@example.net,Savings and Investment,WDRV52806488986520,CHF,105546.88,918.0,829846.16,68794.24,215364.16,1,['Savings Account'],"Inheritance, Savings, Salary","Client has moderate knowledge of financial markets, primarily investing in mutual funds and fixed income securities. Familiar with basic risk-return tradeoffs and market volatility, but prefers conservative investment strategies.",Moderate Growth,Client assessed as low-risk. Transaction behavior is consistent with reported income. No history of suspicious activity. Domestic and regulated international income sources only.,Full KYC verification completed. Risk assessment and AML checks cleared. Client demonstrates transparency in source of funds and investment objectives.,No,Cleared,High,Low,BVI,Com. & Retail,"[{'Stock': 'AMZN', 'Shares Owned': 337, 'Allocation (%)': 81.17}, {'Stock': 'BASF', 'Shares Owned': 136, 'Allocation (%)': 2.56}, {'Stock': 'SLV', 'Shares Owned': 192, 'Allocation (%)': 1.04}, {'Stock': 'LVMH', 'Shares Owned': 263, 'Allocation (%)': 1.34}, {'Stock': 'USO', 'Shares Owned': 279, 'Allocation (%)': 8.15}, {'Stock': 'TIP', 'Shares Owned': 428, 'Allocation (%)': 1.65}, {'Stock': 'EEM', 'Shares Owned': 442, 'Allocation (%)': 1.09}, {'Stock': 'ARKF', 'Shares Owned': 248, 'Allocation (%)': 1.0}, {'Stock': 'Siemens', 'Shares Owned': 150, 'Allocation (%)': 1.0}, {'Stock': 'Allianz', 'Shares Owned': 355, 'Allocation (%)': 1.0}]",Cynthia Baker, ran a quant hedge fund and keeps growing steadily.,Affluent
Nathan Roberts,1971-03-17,DE,Male,Single,Exercise physiologist,Martin-Schmidt,6,"0158 Gene Spur Suite 083, Teresastad, ME 65534",001-265-608-7971,ericnelson@example.org,Savings and Investment,XOBO51074995360874,CHF,56652.16,2855.32,298831.44,234931.84,145737.6,1,"['Checking Account', 'Savings Account']","Inheritance, Savings, Salary","Client has extensive experience investing in equities, bonds, ETFs, and mutual funds. Demonstrates strong understanding of portfolio diversification and risk management techniques. Has previously invested in alternative assets such as real estate funds and structured products.",Aggressive Growth,"Client assessed as low-to-medium risk. Domestic income and salary align with monthly transactions, but moderate exposure to alternative investments noted.",Full KYC verification completed. Risk assessment and AML checks cleared. Client demonstrates transparency in source of funds and investment objectives.,Yes,Cleared,Medium,Low,BVI,Com. & Retail,"[{'Stock': 'GE', 'Shares Owned': 29, 'Allocation (%)': 23.0}, {'Stock': 'SAP', 'Shares Owned': 76, 'Allocation (%)': 40.88}, {'Stock': 'CAT', 'Shares Owned': 378, 'Allocation (%)': 9.54}, {'Stock': 'SOL', 'Shares Owned': 285, 'Allocation (%)': 16.87}, {'Stock': 'AMZN', 'Shares Owned': 192, 'Allocation (%)': 1.26}, {'Stock': 'EEM', 'Shares Owned': 146, 'Allocation (%)': 2.1}, {'Stock': 'NFLX', 'Shares Owned': 460, 'Allocation (%)': 1.85}, {'Stock': 'ADA', 'Shares Owned': 167, 'Allocation (%)': 1.54}, {'Stock': 'ADBE', 'Shares Owned': 369, 'Allocation (%)': 1.48}, {'Stock': 'XOM', 'Shares Owned': 65, 'Allocation (%)': 1.4799999999999982}]",Cynthia Baker, focused on real estate and lives quietly by the sea.,Affluent
Lisa Rogers,1970-02-28,CH,Female,Divorced,Contractor,"Bailey, Potts and Lyons",11,"912 Yoder Glen, Tonyborough, TN 11383",7338149104,mmendoza@example.org,Checking,EZIU76799988138554,CHF,117892.28,4855.2,355173.52,192017.04,229329.32,2,"['Checking Account', 'Savings Account']","Salary, Rental Income, Stock Investments","Client is highly knowledgeable about derivatives, structured products, and alternative investment vehicles. Experience includes cryptocurrency investments and international equities. Understands hedging and leverage strategies.",Moderate Growth,Client assessed as low-risk. Transaction behavior is consistent with reported income. No history of suspicious activity. Domestic and regulated international income sources only.,Verification of ID documents and employment completed. Tax residency confirmed. Client is not on any sanctions or PEP lists. AML monitoring recommended due to international investment exposure.,No,Cleared,Medium,High,LU,Com. & Retail,"[{'Stock': 'ETH', 'Shares Owned': 383, 'Allocation (%)': 40.65}, {'Stock': 'ARKG', 'Shares Owned': 401, 'Allocation (%)': 19.72}, {'Stock': 'BA', 'Shares Owned': 99, 'Allocation (%)': 13.18}, {'Stock': 'NFLX', 'Shares Owned': 489, 'Allocation (%)': 9.41}, {'Stock': 'LVMH', 'Shares Owned': 52, 'Allocation (%)': 8.79}, {'Stock': 'AAPL', 'Shares Owned': 223, 'Allocation (%)': 3.17}, {'Stock': 'BTC', 'Shares Owned': 174, 'Allocation (%)': 1.0}, {'Stock': 'INTC', 'Shares Owned': 451, 'Allocation (%)': 1.11}, {'Stock': 'AMZN', 'Shares Owned': 246, 'Allocation (%)': 1.94}, {'Stock': 'MSFT', 'Shares Owned': 65, 'Allocation (%)': 1.0300000000000034}]",Cynthia Baker, ran a quant hedge fund but lost it all in a crash.,UHNWI
Thomas Parker,1986-09-13,CH,Male,Divorced,"Chemist, analytical",Glass LLC,11,"USCGC Gomez, FPO AE 66097",001-433-958-0927x943,christinamartinez@example.org,Savings,ZPPY85983548342329,CHF,125228.8,1270.24,496341.52,305522.64,259767.48,2,"['Checking Account', 'Savings Account', 'Investment Account']","Business Income, Investments","Client is highly knowledgeable about derivatives, structured products, and alternative investment vehicles. Experience includes cryptocurrency investments and international equities. Understands hedging and leverage strategies.",Capital Preservation,Client assessed as medium-risk. Some international investments noted. Transactions slightly higher than expected for profile but consistent with disclosed sources of wealth.,Full KYC verification completed. Risk assessment and AML checks cleared. Client demonstrates transparency in source of funds and investment objectives.,Yes,Cleared,High,Low,LI,Com. & Retail,"[{'Stock': 'Roche', 'Shares Owned': 106, 'Allocation (%)': 26.02}, {'Stock': 'Siemens', 'Shares Owned': 117, 'Allocation (%)': 61.11}, {'Stock': 'BA', 'Shares Owned': 56, 'Allocation (%)': 5.09}, {'Stock': 'USO', 'Shares Owned': 289, 'Allocation (%)': 1.38}, {'Stock': 'MSFT', 'Shares Owned': 120, 'Allocation (%)': 1.37}, {'Stock': 'TSLA', 'Shares Owned': 236, 'Allocation (%)': 1.03}, {'Stock': 'TIP', 'Shares Owned': 378, 'Allocation (%)': 1.0}, {'Stock': 'Allianz', 'Shares Owned': 108, 'Allocation (%)': 1.0}, {'Stock': 'BASF', 'Shares Owned': 27, 'Allocation (%)': 1.0}, {'Stock': 'GE', 'Shares Owned': 484, 'Allocation (%)': 1.0000000000000044}]",Cynthia Baker, ran a quant hedge fund and lives quietly by the sea.,UHNWI
William Taylor,1967-08-29,CH,Female,Married,"Research officer, political party",Gilbert-Snyder,10,"5234 Vega Prairie, Spearstown, PW 43620",(991)492-9736x0962,michellesalazar@example.com,Savings and Investment,OKLZ80135162547543,CHF,110001.56,5060.56,289906.44,177276.68,91087.36,3,"['Checking Account', 'Savings Account']","Business Income, Investments","Client has moderate knowledge of financial markets, primarily investing in mutual funds and fixed income securities. Familiar with basic risk-return tradeoffs and market volatility, but prefers conservative investment strategies.",Capital Preservation,"Client assessed as low-to-medium risk. Domestic income and salary align with monthly transactions, but moderate exposure to alternative investments noted.",Full KYC verification completed. Risk assessment and AML checks cleared. Client demonstrates transparency in source of funds and investment objectives.,No,Cleared,Low,Low,BVI,RM serviced PB,"[{'Stock': 'ADA', 'Shares Owned': 173, 'Allocation (%)': 89.05}, {'Stock': 'INTC', 'Shares Owned': 437, 'Allocation (%)': 1.53}, {'Stock': 'AMZN', 'Shares Owned': 492, 'Allocation (%)': 2.18}, {'Stock': 'VTI', 'Shares Owned': 189, 'Allocation (%)': 1.08}, {'Stock': 'NFLX', 'Shares Owned': 274, 'Allocation (%)': 1.05}, {'Stock': 'Allianz', 'Shares Owned': 357, 'Allocation (%)': 1.02}, {'Stock': 'Volkswagen', 'Shares Owned': 229, 'Allocation (%)': 1.08}, {'Stock': 'AAPL', 'Shares Owned': 231, 'Allocation (%)': 1.0}, {'Stock': 'ARKF', 'Shares Owned': 480, 'Allocation (%)': 1.0}, {'Stock': 'GE', 'Shares Owned': 110, 'Allocation (%)': 1.0100000000000033}]",Arthur Elliott, invested early in tech stocks and retired early.,Non-Affluent
David Wong,1973-09-05,DE,Male,Divorced,Dentist,Ruiz Inc,25,"22361 Kaitlyn Well, Kellyborough, IA 27232",+1-789-410-5413x4233,robyn68@example.com,Checking,OMHP91621083170778,CHF,102327.08,4938.84,282044.96,119123.76,237112.6,0,"['Checking Account', 'Savings Account']","Business Income, Investments","Client has extensive experience investing in equities, bonds, ETFs, and mutual funds. Demonstrates strong understanding of portfolio diversification and risk management techniques. Has previously invested in alternative assets such as real estate funds and structured products.",Moderate Growth,Client assessed as high-risk due to high-value international transactions and exposure to high-volatility assets. Requires enhanced monitoring and periodic review.,"Documents partially verified. Further verification of employment and income recommended. PEP check cleared, but client flagged for high-value international transactions. Periodic compliance review required.",No,Cleared,High,High,LU,Com. & Retail,"[{'Stock': 'ADBE', 'Shares Owned': 209, 'Allocation (%)': 45.25}, {'Stock': 'META', 'Shares Owned': 398, 'Allocation (%)': 8.61}, {'Stock': 'ETH', 'Shares Owned': 138, 'Allocation (%)': 18.59}, {'Stock': 'CAT', 'Shares Owned': 19, 'Allocation (%)': 6.08}, {'Stock': 'ARKF', 'Shares Owned': 495, 'Allocation (%)': 1.8}, {'Stock': 'TSLA', 'Shares Owned': 374, 'Allocation (%)': 14.38}, {'Stock': 'ARKK', 'Shares Owned': 241, 'Allocation (%)': 1.13}, {'Stock': 'QQQ', 'Shares Owned': 292, 'Allocation (%)': 2.07}, {'Stock': 'AGG', 'Shares Owned': 403, 'Allocation (%)': 1.05}, {'Stock': 'USO', 'Shares Owned': 127, 'Allocation (%)': 1.0399999999999976}]",Arthur Elliott, bet big on crypto and lives quietly by the sea.,UHNWI
Cindy Alvarado,1961-03-08,LI,Female,Divorced,Radiation protection practitioner,Moore PLC,15,"USCGC Garcia, FPO AA 45764",001-628-943-9556x8954,ewells@example.org,Checking,JXJX76566988077527,CHF,60574.4,3361.92,949280.0,248146.96,231859.6,3,"['Savings Account', 'Investment Account']","Business Income, Investments","Client is highly knowledgeable about derivatives, structured products, and alternative investment vehicles. Experience includes cryptocurrency investments and international equities. Understands hedging and leverage strategies.",Aggressive Growth,Client assessed as high-risk due to high-value international transactions and exposure to high-volatility assets. Requires enhanced monitoring and periodic review.,Full KYC verification completed. Risk assessment and AML checks cleared. Client demonstrates transparency in source of funds and investment objectives.,Yes,Cleared,Medium,Medium,LI,RM serviced PB,"[{'Stock': 'BA', 'Shares Owned': 469, 'Allocation (%)': 40.87}, {'Stock': 'AMZN', 'Shares Owned': 380, 'Allocation (%)': 6.65}, {'Stock': 'ARKF', 'Shares Owned': 286, 'Allocation (%)': 34.01}, {'Stock': 'SLV', 'Shares Owned': 214, 'Allocation (%)': 8.69}, {'Stock': 'Allianz', 'Shares Owned': 497, 'Allocation (%)': 4.61}, {'Stock': 'ARKQ', 'Shares Owned': 253, 'Allocation (%)': 1.1}, {'Stock': 'NVDA', 'Shares Owned': 43, 'Allocation (%)': 1.05}, {'Stock': 'ADBE', 'Shares Owned': 298, 'Allocation (%)': 1.02}, {'Stock': 'AAPL', 'Shares Owned': 150, 'Allocation (%)': 1.0}, {'Stock': 'MSFT', 'Shares Owned': 193, 'Allocation (%)': 1.0000000000000058}]",Mary Greene, built a fintech startup and achieved financial independence.,UHNWI
Eric Martinez,1998-05-10,DE,Male,Married,Ship broker,"White, Barker and Cummings",10,"PSC 5101, Box 1277, APO AA 11487",+1-774-839-8337,greenheather@example.com,Savings,RUFL89007176328688,CHF,85863.6,4437.68,773660.48,225126.92,77441.8,3,"['Checking Account', 'Savings Account']","Inheritance, Savings, Salary",Client possesses practical experience in stock markets and ETFs. Has some knowledge of portfolio rebalancing and tax-efficient investment strategies.,Aggressive Growth,Client assessed as low-risk. Transaction behavior is consistent with reported income. No history of suspicious activity. Domestic and regulated international income sources only.,All identification documents verified. Employment and income confirmed via supporting documents. PEP check cleared. Sanctions screening completed. AML risk is low. No discrepancies found during due diligence.,No,Cleared,Low,High,LI,Com. & Retail,"[{'Stock': 'ARKQ', 'Shares Owned': 77, 'Allocation (%)': 78.13}, {'Stock': 'VTI', 'Shares Owned': 217, 'Allocation (%)': 10.59}, {'Stock': 'ADBE', 'Shares Owned': 430, 'Allocation (%)': 3.46}, {'Stock': 'INTC', 'Shares Owned': 145, 'Allocation (%)': 1.36}, {'Stock': 'XOM', 'Shares Owned': 199, 'Allocation (%)': 1.31}, {'Stock': 'SAP', 'Shares Owned': 20, 'Allocation (%)': 1.11}, {'Stock': 'LVMH', 'Shares Owned': 427, 'Allocation (%)': 1.02}, {'Stock': 'GE', 'Shares Owned': 175, 'Allocation (%)': 1.01}, {'Stock': 'EFA', 'Shares Owned': 200, 'Allocation (%)': 1.0}, {'Stock': 'ADA', 'Shares Owned': 99, 'Allocation (%)': 1.0100000000000033}]",Mary Greene, bet big on crypto and retired early.,Affluent
Raymond Stone,1987-07-15,LI,Female,Widowed,"Scientist, marine",Gill-Garner,28,"276 Yoder Motorway Suite 799, Doylechester, GU 00513",9157053472,melissa85@example.org,Checking,UMGL43633102479433,CHF,87849.88,4541.04,814457.08,265217.0,52933.24,1,"['Checking Account', 'Savings Account', 'Investment Account']","Inheritance, Savings, Salary","Client has extensive experience investing in equities, bonds, ETFs, and mutual funds. Demonstrates strong understanding of portfolio diversification and risk management techniques. Has previously invested in alternative assets such as real estate funds and structured products.",Capital Preservation,Client assessed as medium-risk. Some international investments noted. Transactions slightly higher than expected for profile but consistent with disclosed sources of wealth.,All identification documents verified. Employment and income confirmed via supporting documents. PEP check cleared. Sanctions screening completed. AML risk is low. No discrepancies found during due diligence.,Yes,Cleared,Medium,High,LI,Com. & Retail,"[{'Stock': 'Roche', 'Shares Owned': 132, 'Allocation (%)': 27.55}, {'Stock': 'GE', 'Shares Owned': 273, 'Allocation (%)': 28.23}, {'Stock': 'ARKF', 'Shares Owned': 228, 'Allocation (%)': 2.94}, {'Stock': 'AMZN', 'Shares Owned': 70, 'Allocation (%)': 7.98}, {'Stock': 'NVDA', 'Shares Owned': 392, 'Allocation (%)': 7.9}, {'Stock': 'META', 'Shares Owned': 105, 'Allocation (%)': 17.83}, {'Stock': 'ADA', 'Shares Owned': 440, 'Allocation (%)': 2.69}, {'Stock': 'Novartis', 'Shares Owned': 452, 'Allocation (%)': 1.07}, {'Stock': 'BND', 'Shares Owned': 393, 'Allocation (%)': 1.74}, {'Stock': 'BASF', 'Shares Owned': 423, 'Allocation (%)': 2.0700000000000003}]",Cynthia Baker, ran a quant hedge fund and lives quietly by the sea.,UHNWI
Brian Pearson DDS,1966-01-23,DE,Male,Widowed,Product designer,Burke Group,3,"4311 Mendez Groves, Russellburgh, AZ 56240",482.875.6343,dominiqueayers@example.org,Savings and Investment,ZFJV98082000333521,CHF,105311.6,335.24,513963.72,173805.28,213503.68,2,"['Checking Account', 'Savings Account', 'Investment Account']","Salary, Rental Income, Stock Investments",Client possesses practical experience in stock markets and ETFs. Has some knowledge of portfolio rebalancing and tax-efficient investment strategies.,Income Generation,"Client assessed as low-to-medium risk. Domestic income and salary align with monthly transactions, but moderate exposure to alternative investments noted.",Verification of ID documents and employment completed. Tax residency confirmed. Client is not on any sanctions or PEP lists. AML monitoring recommended due to international investment exposure.,Yes,Cleared,Low,Low,BVI,RM serviced PB,"[{'Stock': 'ADBE', 'Shares Owned': 280, 'Allocation (%)': 26.83}, {'Stock': 'ADA', 'Shares Owned': 500, 'Allocation (%)': 22.72}, {'Stock': 'INTC', 'Shares Owned': 12, 'Allocation (%)': 27.46}, {'Stock': 'META', 'Shares Owned': 367, 'Allocation (%)': 8.25}, {'Stock': 'NFLX', 'Shares Owned': 319, 'Allocation (%)': 7.68}, {'Stock': 'BND', 'Shares Owned': 58, 'Allocation (%)': 2.54}, {'Stock': 'ARKF', 'Shares Owned': 11, 'Allocation (%)': 1.25}, {'Stock': 'SAP', 'Shares Owned': 300, 'Allocation (%)': 1.2}, {'Stock': 'NEE', 'Shares Owned': 455, 'Allocation (%)': 1.01}, {'Stock': 'EFA', 'Shares Owned': 19, 'Allocation (%)': 1.060000000000002}]",Cynthia Baker, launched a coffee chain and keeps growing steadily.,Affluent
Andrew Brown,1998-07-26,CH,Male,Widowed,IT trainer,Elliott Inc,24,"147 Campos Groves Suite 018, Brentbury, MS 84297",965.923.9103,sheila56@example.org,Savings and Investment,FNBE87887354116326,CHF,55315.28,3263.32,1080775.0,68979.88,35606.84,1,"['Checking Account', 'Savings Account', 'Investment Account']","Salary, Rental Income, Stock Investments","Client has moderate knowledge of financial markets, primarily investing in mutual funds and fixed income securities. Familiar with basic risk-return tradeoffs and market volatility, but prefers conservative investment strategies.",Moderate Growth,Client assessed as high-risk due to high-value international transactions and exposure to high-volatility assets. Requires enhanced monitoring and periodic review.,"Documents partially verified. Further verification of employment and income recommended. PEP check cleared, but client flagged for high-value international transactions. Periodic compliance review required.",Yes,Cleared,Low,High,LU,Com. & Retail,"[{'Stock': 'ARKF', 'Shares Owned': 354, 'Allocation (%)': 3.26}, {'Stock': 'QQQ', 'Shares Owned': 454, 'Allocation (%)': 88.45}, {'Stock': 'EEM', 'Shares Owned': 195, 'Allocation (%)': 1.12}, {'Stock': 'TIP', 'Shares Owned': 480, 'Allocation (%)': 1.03}, {'Stock': 'ARKQ', 'Shares Owned': 355, 'Allocation (%)': 1.09}, {'Stock': 'ETH', 'Shares Owned': 153, 'Allocation (%)': 1.04}, {'Stock': 'GLD', 'Shares Owned': 350, 'Allocation (%)': 1.0}, {'Stock': 'AGG', 'Shares Owned': 165, 'Allocation (%)': 1.0}, {'Stock': 'Volkswagen', 'Shares Owned': 476, 'Allocation (%)': 1.01}, {'Stock': 'META', 'Shares Owned': 29, 'Allocation (%)': 0.9999999999999918}]",Arthur Elliott, focused on real estate and keeps growing steadily.,Non-Affluent
Amber Garcia,1983-12-05,LI,Female,Married,"Surveyor, quantity","Robbins, Gallegos and Johnson",4,"06213 Rodriguez Ridge Apt. 539, East Jamesfurt, IA 85756",4517099470,ycox@example.net,Savings and Investment,VWFF46508270388923,CHF,76145.72,1820.36,1024017.44,294649.44,128845.04,0,"['Savings Account', 'Investment Account']","Business Income, Investments","Client is highly knowledgeable about derivatives, structured products, and alternative investment vehicles. Experience includes cryptocurrency investments and international equities. Understands hedging and leverage strategies.",Income Generation,"Client assessed as low-to-medium risk. Domestic income and salary align with monthly transactions, but moderate exposure to alternative investments noted.",Verification of ID documents and employment completed. Tax residency confirmed. Client is not on any sanctions or PEP lists. AML monitoring recommended due to international investment exposure.,No,Cleared,Low,High,LU,Com. & Retail,"[{'Stock': 'XOM', 'Shares Owned': 317, 'Allocation (%)': 14.73}, {'Stock': 'SOL', 'Shares Owned': 270, 'Allocation (%)': 28.44}, {'Stock': 'TIP', 'Shares Owned': 494, 'Allocation (%)': 41.22}, {'Stock': 'EFA', 'Shares Owned': 14, 'Allocation (%)': 4.17}, {'Stock': 'SPY', 'Shares Owned': 303, 'Allocation (%)': 3.94}, {'Stock': 'BA', 'Shares Owned': 202, 'Allocation (%)': 1.99}, {'Stock': 'ARKQ', 'Shares Owned': 311, 'Allocation (%)': 1.43}, {'Stock': 'BASF', 'Shares Owned': 481, 'Allocation (%)': 1.15}, {'Stock': 'CVX', 'Shares Owned': 300, 'Allocation (%)': 1.78}, {'Stock': 'AAPL', 'Shares Owned': 474, 'Allocation (%)': 1.1500000000000001}]",Arthur Elliott, bet big on crypto and retired early.,UHNWI
Charles Kim,1969-11-25,DE,Female,Divorced,Health promotion specialist,"Ramirez, Rowland and Valenzuela",20,"5260 Burgess Crescent Apt. 125, New Megan, NH 41168",(452)891-3809x5702,vwilliams@example.net,Savings and Investment,MQLB59242936945768,CHF,116828.08,5230.56,164846.28,80677.24,220088.12,1,"['Savings Account', 'Investment Account']","Salary, Real Estate, Capital Gains","Client is highly knowledgeable about derivatives, structured products, and alternative investment vehicles. Experience includes cryptocurrency investments and international equities. Understands hedging and leverage strategies.",Income Generation,Client assessed as high-risk due to high-value international transactions and exposure to high-volatility assets. Requires enhanced monitoring and periodic review.,Full KYC verification completed. Risk assessment and AML checks cleared. Client demonstrates transparency in source of funds and investment objectives.,Yes,Cleared,Medium,Low,BVI,EAM,"[{'Stock': 'ETH', 'Shares Owned': 337, 'Allocation (%)': 24.61}, {'Stock': 'ARKQ', 'Shares Owned': 85, 'Allocation (%)': 58.43}, {'Stock': 'GOOGL', 'Shares Owned': 388, 'Allocation (%)': 9.37}, {'Stock': 'BND', 'Shares Owned': 324, 'Allocation (%)': 1.25}, {'Stock': 'ARKG', 'Shares Owned': 62, 'Allocation (%)': 1.2}, {'Stock': 'AAPL', 'Shares Owned': 161, 'Allocation (%)': 1.08}, {'Stock': 'BA', 'Shares Owned': 324, 'Allocation (%)': 1.03}, {'Stock': 'VTI', 'Shares Owned': 419, 'Allocation (%)': 1.01}, {'Stock': 'CVX', 'Shares Owned': 341, 'Allocation (%)': 1.0}, {'Stock': 'META', 'Shares Owned': 51, 'Allocation (%)': 1.0200000000000014}]",Arthur Elliott, ran a quant hedge fund and keeps growing steadily.,Non-Affluent
Shelly Snyder,1986-09-23,DE,Female,Widowed,Armed forces technical officer,Simmons Inc,14,"4070 Andre Stream Suite 368, Brownland, OH 50588",(436)640-2951x1411,mark51@example.org,Savings and Investment,IDMV55214207692308,CHF,115323.92,3626.44,729344.88,277123.8,92985.24,2,"['Savings Account', 'Investment Account']","Salary, Real Estate, Capital Gains",Client possesses practical experience in stock markets and ETFs. Has some knowledge of portfolio rebalancing and tax-efficient investment strategies.,Moderate Growth,Client assessed as low-risk. Transaction behavior is consistent with reported income. No history of suspicious activity. Domestic and regulated international income sources only.,Full KYC verification completed. Risk assessment and AML checks cleared. Client demonstrates transparency in source of funds and investment objectives.,No,Cleared,Medium,Low,LI,EAM,"[{'Stock': 'GLD', 'Shares Owned': 61, 'Allocation (%)': 51.15}, {'Stock': 'TIP', 'Shares Owned': 459, 'Allocation (%)': 40.34}, {'Stock': 'AAPL', 'Shares Owned': 11, 'Allocation (%)': 1.24}, {'Stock': 'QQQ', 'Shares Owned': 291, 'Allocation (%)': 1.24}, {'Stock': 'SPY', 'Shares Owned': 399, 'Allocation (%)': 1.02}, {'Stock': 'SOL', 'Shares Owned': 373, 'Allocation (%)': 1.0}, {'Stock': 'GOOGL', 'Shares Owned': 27, 'Allocation (%)': 1.01}, {'Stock': 'BND', 'Shares Owned': 74, 'Allocation (%)': 1.0}, {'Stock': 'INTC', 'Shares Owned': 386, 'Allocation (%)': 1.0}, {'Stock': 'NEE', 'Shares Owned': 392, 'Allocation (%)': 0.9999999999999982}]",Mary Greene, launched a coffee chain and became a mentor.,Non-Affluent
Stacy Dickerson,1998-10-11,LI,Female,Widowed,Civil Service administrator,"Wong, Medina and Jacobson",4,"62620 Lori Walks, Douglasshire, OR 10910",867-590-7896,jenniferryan@example.net,Checking,GXCU44100212992470,CHF,95762.36,4038.52,475554.6,254602.88,22788.16,2,"['Savings Account', 'Investment Account']","Business Income, Investments",Client possesses practical experience in stock markets and ETFs. Has some knowledge of portfolio rebalancing and tax-efficient investment strategies.,Aggressive Growth,"Client assessed as low-to-medium risk. Domestic income and salary align with monthly transactions, but moderate exposure to alternative investments noted.",Verification of ID documents and employment completed. Tax residency confirmed. Client is not on any sanctions or PEP lists. AML monitoring recommended due to international investment exposure.,Yes,Cleared,Low,High,BVI,RM serviced PB,"[{'Stock': 'CAT', 'Shares Owned': 161, 'Allocation (%)': 51.63}, {'Stock': 'GLD', 'Shares Owned': 137, 'Allocation (%)': 20.14}, {'Stock': 'VTI', 'Shares Owned': 444, 'Allocation (%)': 2.38}, {'Stock': 'SLV', 'Shares Owned': 132, 'Allocation (%)': 18.55}, {'Stock': 'GOOGL', 'Shares Owned': 275, 'Allocation (%)': 2.09}, {'Stock': 'NEE', 'Shares Owned': 117, 'Allocation (%)': 1.2}, {'Stock': 'META', 'Shares Owned': 82, 'Allocation (%)': 1.01}, {'Stock': 'ARKF', 'Shares Owned': 246, 'Allocation (%)': 1.0}, {'Stock': 'Novartis', 'Shares Owned': 176, 'Allocation (%)': 1.0}, {'Stock': 'Roche', 'Shares Owned': 269, 'Allocation (%)': 0.9999999999999973}]",Cynthia Baker, bet big on crypto but lost it all in a crash.,Affluent
Kelly Williams,1977-02-27,LI,Male,Widowed,"Designer, fashion/clothing",Howard PLC,9,"042 Higgins Cove, Keithtown, MD 54145",686.902.6213x811,ricecarly@example.net,Checking,RYSW91591450220420,CHF,83020.52,6609.6,425410.72,42978.04,261643.6,1,"['Savings Account', 'Investment Account']","Business Income, Investments",Client possesses practical experience in stock markets and ETFs. Has some knowledge of portfolio rebalancing and tax-efficient investment strategies.,Capital Preservation,"Client assessed as low-to-medium risk. Domestic income and salary align with monthly transactions, but moderate exposure to alternative investments noted.",All identification documents verified. Employment and income confirmed via supporting documents. PEP check cleared. Sanctions screening completed. AML risk is low. No discrepancies found during due diligence.,No,Cleared,High,Medium,LU,Com. & Retail,"[{'Stock': 'SOL', 'Shares Owned': 116, 'Allocation (%)': 16.27}, {'Stock': 'AAPL', 'Shares Owned': 352, 'Allocation (%)': 50.82}, {'Stock': 'EEM', 'Shares Owned': 193, 'Allocation (%)': 8.01}, {'Stock': 'AMZN', 'Shares Owned': 88, 'Allocation (%)': 14.97}, {'Stock': 'TIP', 'Shares Owned': 268, 'Allocation (%)': 4.4}, {'Stock': 'EFA', 'Shares Owned': 180, 'Allocation (%)': 1.4}, {'Stock': 'VTI', 'Shares Owned': 295, 'Allocation (%)': 1.03}, {'Stock': 'SAP', 'Shares Owned': 121, 'Allocation (%)': 1.07}, {'Stock': 'Siemens', 'Shares Owned': 228, 'Allocation (%)': 1.02}, {'Stock': 'SPY', 'Shares Owned': 341, 'Allocation (%)': 1.0100000000000038}]",Mary Greene, ran a quant hedge fund and achieved financial independence.,Affluent
Allen Thompson,1992-11-10,DE,Female,Divorced,Industrial/product designer,"Li, Walker and Roberts",1,"USNV Donovan, FPO AA 59470",921-805-3549x1568,ebanks@example.com,Savings and Investment,CKPL00948886988836,CHF,91738.8,3843.36,170714.68,146406.72,178340.88,3,"['Savings Account', 'Investment Account']","Salary, Real Estate, Capital Gains","Client is highly knowledgeable about derivatives, structured products, and alternative investment vehicles. Experience includes cryptocurrency investments and international equities. Understands hedging and leverage strategies.",Moderate Growth,"Client assessed as low-to-medium risk. Domestic income and salary align with monthly transactions, but moderate exposure to alternative investments noted.",Verification of ID documents and employment completed. Tax residency confirmed. Client is not on any sanctions or PEP lists. AML monitoring recommended due to international investment exposure.,No,Cleared,High,Low,LI,EAM,"[{'Stock': 'XOM', 'Shares Owned': 391, 'Allocation (%)': 39.41}, {'Stock': 'META', 'Shares Owned': 382, 'Allocation (%)': 38.79}, {'Stock': 'GLD', 'Shares Owned': 386, 'Allocation (%)': 11.67}, {'Stock': 'ARKG', 'Shares Owned': 10, 'Allocation (%)': 2.5}, {'Stock': 'BTC', 'Shares Owned': 351, 'Allocation (%)': 1.51}, {'Stock': 'BND', 'Shares Owned': 440, 'Allocation (%)': 1.69}, {'Stock': 'Siemens', 'Shares Owned': 293, 'Allocation (%)': 1.37}, {'Stock': 'AMZN', 'Shares Owned': 180, 'Allocation (%)': 1.02}, {'Stock': 'AAPL', 'Shares Owned': 11, 'Allocation (%)': 1.02}, {'Stock': 'SAP', 'Shares Owned': 457, 'Allocation (%)': 1.020000000000005}]",Cynthia Baker, bet big on crypto and achieved financial independence.,Affluent
Jennifer Vaughn,1978-09-20,DE,Female,Widowed,Horticultural therapist,"Davis, Smith and Neal",13,"7115 Espinoza Shores Suite 205, North Deborahberg, DE 60656",7732280788,walkerkathy@example.com,Savings,FFDV47434940969524,CHF,104566.32,674.56,1007675.68,211106.68,173527.84,0,"['Checking Account', 'Savings Account']","Business Income, Investments","Client has extensive experience investing in equities, bonds, ETFs, and mutual funds. Demonstrates strong understanding of portfolio diversification and risk management techniques. Has previously invested in alternative assets such as real estate funds and structured products.",Aggressive Growth,Client assessed as high-risk due to high-value international transactions and exposure to high-volatility assets. Requires enhanced monitoring and periodic review.,Full KYC verification completed. Risk assessment and AML checks cleared. Client demonstrates transparency in source of funds and investment objectives.,Yes,Cleared,Medium,Low,CH,RM serviced PB,"[{'Stock': 'BTC', 'Shares Owned': 497, 'Allocation (%)': 87.41}, {'Stock': 'BASF', 'Shares Owned': 186, 'Allocation (%)': 1.85}, {'Stock': 'Siemens', 'Shares Owned': 273, 'Allocation (%)': 2.19}, {'Stock': 'SAP', 'Shares Owned': 454, 'Allocation (%)': 2.45}, {'Stock': 'GE', 'Shares Owned': 83, 'Allocation (%)': 1.01}, {'Stock': 'ARKF', 'Shares Owned': 114, 'Allocation (%)': 1.01}, {'Stock': 'CAT', 'Shares Owned': 16, 'Allocation (%)': 1.03}, {'Stock': 'XOM', 'Shares Owned': 396, 'Allocation (%)': 1.03}, {'Stock': 'TIP', 'Shares Owned': 447, 'Allocation (%)': 1.0}, {'Stock': 'ARKQ', 'Shares Owned': 382, 'Allocation (%)': 1.020000000000004}]",Arthur Elliott, invested early in tech stocks and lives quietly by the sea.,UHNWI
Maurice Houston,1960-01-22,DE,Male,Married,Probation officer,Jones-Rodriguez,11,"0387 Walker Brooks, South Jeffreychester, OH 19160",(781)975-1545x26896,acostachristopher@example.org,Savings,CIGD73155929808765,CHF,105312.28,4214.64,375394.0,226334.6,214433.92,2,"['Checking Account', 'Savings Account', 'Investment Account']","Salary, Real Estate, Capital Gains",Client possesses practical experience in stock markets and ETFs. Has some knowledge of portfolio rebalancing and tax-efficient investment strategies.,Income Generation,Client assessed as low-risk. Transaction behavior is consistent with reported income. No history of suspicious activity. Domestic and regulated international income sources only.,Verification of ID documents and employment completed. Tax residency confirmed. Client is not on any sanctions or PEP lists. AML monitoring recommended due to international investment exposure.,Yes,Cleared,High,Medium,LU,EAM,"[{'Stock': 'INTC', 'Shares Owned': 442, 'Allocation (%)': 14.02}, {'Stock': 'MSFT', 'Shares Owned': 381, 'Allocation (%)': 53.45}, {'Stock': 'EFA', 'Shares Owned': 288, 'Allocation (%)': 4.81}, {'Stock': 'LVMH', 'Shares Owned': 405, 'Allocation (%)': 14.64}, {'Stock': 'CVX', 'Shares Owned': 297, 'Allocation (%)': 6.71}, {'Stock': 'ETH', 'Shares Owned': 232, 'Allocation (%)': 1.24}, {'Stock': 'ADBE', 'Shares Owned': 39, 'Allocation (%)': 1.97}, {'Stock': 'BTC', 'Shares Owned': 432, 'Allocation (%)': 1.06}, {'Stock': 'Allianz', 'Shares Owned': 421, 'Allocation (%)': 1.03}, {'Stock': 'META', 'Shares Owned': 76, 'Allocation (%)': 1.0700000000000018}]",Arthur Elliott, invested early in tech stocks and achieved financial independence.,Affluent
Cynthia Murphy,1974-07-03,DE,Male,Married,Arts development officer,Gomez-Sandoval,9,"3998 Heather Turnpike, Johnsonburgh, SD 67496",626.788.5944x09431,martha11@example.net,Savings,TQUF67792211421455,CHF,113293.44,4326.84,755718.68,188281.12,150269.12,2,"['Checking Account', 'Savings Account', 'Investment Account']","Salary, Real Estate, Capital Gains","Client has moderate knowledge of financial markets, primarily investing in mutual funds and fixed income securities. Familiar with basic risk-return tradeoffs and market volatility, but prefers conservative investment strategies.",Aggressive Growth,"Client assessed as low-to-medium risk. Domestic income and salary align with monthly transactions, but moderate exposure to alternative investments noted.",Full KYC verification completed. Risk assessment and AML checks cleared. Client demonstrates transparency in source of funds and investment objectives.,Yes,Cleared,High,Low,LI,Com. & Retail,"[{'Stock': 'Volkswagen', 'Shares Owned': 204, 'Allocation (%)': 59.57}, {'Stock': 'META', 'Shares Owned': 100, 'Allocation (%)': 6.82}, {'Stock': 'SPY', 'Shares Owned': 456, 'Allocation (%)': 16.45}, {'Stock': 'Novartis', 'Shares Owned': 231, 'Allocation (%)': 9.38}, {'Stock': 'TIP', 'Shares Owned': 437, 'Allocation (%)': 2.66}, {'Stock': 'USO', 'Shares Owned': 387, 'Allocation (%)': 1.07}, {'Stock': 'SLV', 'Shares Owned': 475, 'Allocation (%)': 1.02}, {'Stock': 'NVDA', 'Shares Owned': 440, 'Allocation (%)': 1.02}, {'Stock': 'LVMH', 'Shares Owned': 234, 'Allocation (%)': 1.0}, {'Stock': 'Roche', 'Shares Owned': 401, 'Allocation (%)': 1.009999999999999}]",Cynthia Baker, launched a coffee chain but lost it all in a crash.,Non-Affluent
Matthew Robinson,1992-06-12,CH,Male,Single,"Engineer, drilling","Lloyd, Garcia and Avery",26,"26800 Huerta Hollow, Juanstad, MP 18956",(267)712-4815x757,alexandra73@example.org,Savings,VOTM74586588893477,CHF,90308.76,4434.96,717507.44,325218.84,141321.0,3,"['Savings Account', 'Investment Account']","Business Income, Investments",Client possesses practical experience in stock markets and ETFs. Has some knowledge of portfolio rebalancing and tax-efficient investment strategies.,Capital Preservation,Client assessed as medium-risk. Some international investments noted. Transactions slightly higher than expected for profile but consistent with disclosed sources of wealth.,All identification documents verified. Employment and income confirmed via supporting documents. PEP check cleared. Sanctions screening completed. AML risk is low. No discrepancies found during due diligence.,Yes,Cleared,Medium,Medium,LU,RM serviced PB,"[{'Stock': 'BASF', 'Shares Owned': 233, 'Allocation (%)': 3.05}, {'Stock': 'SAP', 'Shares Owned': 159, 'Allocation (%)': 70.64}, {'Stock': 'ARKQ', 'Shares Owned': 17, 'Allocation (%)': 9.48}, {'Stock': 'ARKK', 'Shares Owned': 55, 'Allocation (%)': 5.36}, {'Stock': 'ETH', 'Shares Owned': 205, 'Allocation (%)': 2.7}, {'Stock': 'XOM', 'Shares Owned': 27, 'Allocation (%)': 2.99}, {'Stock': 'Allianz', 'Shares Owned': 347, 'Allocation (%)': 1.12}, {'Stock': 'MSFT', 'Shares Owned': 190, 'Allocation (%)': 2.12}, {'Stock': 'USO', 'Shares Owned': 272, 'Allocation (%)': 1.53}, {'Stock': 'AGG', 'Shares Owned': 145, 'Allocation (%)': 1.0100000000000027}]",Mary Greene, invested early in tech stocks and retired early.,Affluent
Mr. Michael Parks,1990-04-12,DE,Female,Widowed,Management consultant,Williams LLC,14,"3975 Shannon Trail Apt. 788, East Johntown, MT 78776",542.842.7678x170,xmorgan@example.com,Checking,XHDR27726176561794,CHF,108058.12,6412.4,851465.4,334805.48,168140.2,0,"['Checking Account', 'Savings Account', 'Investment Account']","Business Income, Investments","Client has moderate knowledge of financial markets, primarily investing in mutual funds and fixed income securities. Familiar with basic risk-return tradeoffs and market volatility, but prefers conservative investment strategies.",Income Generation,Client assessed as high-risk due to high-value international transactions and exposure to high-volatility assets. Requires enhanced monitoring and periodic review.,Full KYC verification completed. Risk assessment and AML checks cleared. Client demonstrates transparency in source of funds and investment objectives.,Yes,Cleared,Low,Medium,BVI,Com. & Retail,"[{'Stock': 'ARKF', 'Shares Owned': 184, 'Allocation (%)': 15.35}, {'Stock': 'TIP', 'Shares Owned': 156, 'Allocation (%)': 29.65}, {'Stock': 'LVMH', 'Shares Owned': 323, 'Allocation (%)': 17.87}, {'Stock': 'GE', 'Shares Owned': 379, 'Allocation (%)': 29.97}, {'Stock': 'ARKK', 'Shares Owned': 160, 'Allocation (%)': 1.47}, {'Stock': 'EFA', 'Shares Owned': 102, 'Allocation (%)': 1.21}, {'Stock': 'AMZN', 'Shares Owned': 375, 'Allocation (%)': 1.02}, {'Stock': 'BND', 'Shares Owned': 79, 'Allocation (%)': 1.12}, {'Stock': 'ADBE', 'Shares Owned': 40, 'Allocation (%)': 1.18}, {'Stock': 'SAP', 'Shares Owned': 54, 'Allocation (%)': 1.160000000000011}]",Cynthia Baker, focused on real estate and became a mentor.,Non-Affluent
Rita Morrison,1999-12-09,CH,Female,Married,"Producer, radio",Humphrey-Mullins,23,"281 Carter Branch Apt. 072, Kristinabury, AK 61862",(990)276-3933,david64@example.com,Savings,UHYF89670483215710,CHF,126826.8,1786.36,142690.52,168265.32,171288.6,2,"['Savings Account', 'Investment Account']","Inheritance, Savings, Salary","Client is highly knowledgeable about derivatives, structured products, and alternative investment vehicles. Experience includes cryptocurrency investments and international equities. Understands hedging and leverage strategies.",Moderate Growth,Client assessed as high-risk due to high-value international transactions and exposure to high-volatility assets. Requires enhanced monitoring and periodic review.,"Documents partially verified. Further verification of employment and income recommended. PEP check cleared, but client flagged for high-value international transactions. Periodic compliance review required.",Yes,Cleared,Low,Low,CH,RM serviced PB,"[{'Stock': 'Novartis', 'Shares Owned': 335, 'Allocation (%)': 18.25}, {'Stock': 'BND', 'Shares Owned': 395, 'Allocation (%)': 54.84}, {'Stock': 'SOL', 'Shares Owned': 281, 'Allocation (%)': 9.45}, {'Stock': 'INTC', 'Shares Owned': 407, 'Allocation (%)': 9.66}, {'Stock': 'BASF', 'Shares Owned': 150, 'Allocation (%)': 1.07}, {'Stock': 'CVX', 'Shares Owned': 290, 'Allocation (%)': 1.78}, {'Stock': 'VTI', 'Shares Owned': 318, 'Allocation (%)': 1.57}, {'Stock': 'AGG', 'Shares Owned': 85, 'Allocation (%)': 1.08}, {'Stock': 'Volkswagen', 'Shares Owned': 162, 'Allocation (%)': 1.22}, {'Stock': 'GLD', 'Shares Owned': 365, 'Allocation (%)': 1.0799999999999963}]",Cynthia Baker, bet big on crypto but lost it all in a crash.,Non-Affluent
Kenneth Johnson,1994-10-06,DE,Male,Widowed,"Teacher, secondary school",Crosby-Walker,3,"64288 Smith Expressway Suite 625, Harperburgh, DE 61648",4735623036,vkeller@example.org,Savings and Investment,HBAB21180458501519,CHF,87072.64,3281.68,744379.68,107483.52,231618.88,1,['Savings Account'],"Salary, Real Estate, Capital Gains",Client possesses practical experience in stock markets and ETFs. Has some knowledge of portfolio rebalancing and tax-efficient investment strategies.,Aggressive Growth,Client assessed as medium-risk. Some international investments noted. Transactions slightly higher than expected for profile but consistent with disclosed sources of wealth.,Full KYC verification completed. Risk assessment and AML checks cleared. Client demonstrates transparency in source of funds and investment objectives.,No,Cleared,Low,High,SG,EAM,"[{'Stock': 'ADBE', 'Shares Owned': 431, 'Allocation (%)': 10.43}, {'Stock': 'NFLX', 'Shares Owned': 41, 'Allocation (%)': 75.56}, {'Stock': 'EEM', 'Shares Owned': 404, 'Allocation (%)': 3.86}, {'Stock': 'BASF', 'Shares Owned': 179, 'Allocation (%)': 1.9}, {'Stock': 'NEE', 'Shares Owned': 450, 'Allocation (%)': 2.85}, {'Stock': 'AMZN', 'Shares Owned': 343, 'Allocation (%)': 1.15}, {'Stock': 'QQQ', 'Shares Owned': 479, 'Allocation (%)': 1.2}, {'Stock': 'XOM', 'Shares Owned': 203, 'Allocation (%)': 1.03}, {'Stock': 'Novartis', 'Shares Owned': 326, 'Allocation (%)': 1.02}, {'Stock': 'MSFT', 'Shares Owned': 229, 'Allocation (%)': 0.9999999999999907}]",Arthur Elliott, invested early in tech stocks but lost it all in a crash.,Affluent
Dana Turner,1975-10-08,LI,Male,Single,Company secretary,Gentry-Roberts,12,"452 Mccoy Fall Apt. 106, Beckberg, MT 69857",9226907665,maryknapp@example.net,Checking,TIXL18876529551766,CHF,90625.64,5177.52,1116434.2,55856.56,183135.56,2,"['Savings Account', 'Investment Account']","Business Income, Investments","Client has moderate knowledge of financial markets, primarily investing in mutual funds and fixed income securities. Familiar with basic risk-return tradeoffs and market volatility, but prefers conservative investment strategies.",Moderate Growth,Client assessed as low-risk. Transaction behavior is consistent with reported income. No history of suspicious activity. Domestic and regulated international income sources only.,All identification documents verified. Employment and income confirmed via supporting documents. PEP check cleared. Sanctions screening completed. AML risk is low. No discrepancies found during due diligence.,Yes,Cleared,High,High,SG,RM serviced PB,"[{'Stock': 'TIP', 'Shares Owned': 396, 'Allocation (%)': 67.04}, {'Stock': 'NEE', 'Shares Owned': 216, 'Allocation (%)': 24.17}, {'Stock': 'USO', 'Shares Owned': 474, 'Allocation (%)': 1.37}, {'Stock': 'LVMH', 'Shares Owned': 126, 'Allocation (%)': 1.26}, {'Stock': 'TSLA', 'Shares Owned': 209, 'Allocation (%)': 1.07}, {'Stock': 'SAP', 'Shares Owned': 276, 'Allocation (%)': 1.07}, {'Stock': 'AMZN', 'Shares Owned': 323, 'Allocation (%)': 1.01}, {'Stock': 'EEM', 'Shares Owned': 178, 'Allocation (%)': 1.01}, {'Stock': 'BASF', 'Shares Owned': 398, 'Allocation (%)': 1.0}, {'Stock': 'VTI', 'Shares Owned': 138, 'Allocation (%)': 0.9999999999999918}]",Mary Greene, built a fintech startup and achieved financial independence.,UHNWI
Brian Daniels,1961-04-18,CH,Female,Widowed,"Administrator, charities/voluntary organisations",Conway-Smith,24,"605 Alison Unions, Port Melindamouth, MN 49148",793.623.9135,hrobinson@example.org,Checking,DYNN52342208090990,CHF,98436.8,160.48,861321.32,314043.72,191284.68,2,"['Checking Account', 'Savings Account', 'Investment Account']","Business Income, Investments","Client has moderate knowledge of financial markets, primarily investing in mutual funds and fixed income securities. Familiar with basic risk-return tradeoffs and market volatility, but prefers conservative investment strategies.",Aggressive Growth,"Client assessed as low-to-medium risk. Domestic income and salary align with monthly transactions, but moderate exposure to alternative investments noted.",Full KYC verification completed. Risk assessment and AML checks cleared. Client demonstrates transparency in source of funds and investment objectives.,No,Cleared,High,High,LU,EAM,"[{'Stock': 'GOOGL', 'Shares Owned': 157, 'Allocation (%)': 28.27}, {'Stock': 'ARKF', 'Shares Owned': 234, 'Allocation (%)': 7.13}, {'Stock': 'SLV', 'Shares Owned': 403, 'Allocation (%)': 7.34}, {'Stock': 'MSFT', 'Shares Owned': 469, 'Allocation (%)': 27.82}, {'Stock': 'Novartis', 'Shares Owned': 459, 'Allocation (%)': 9.35}, {'Stock': 'Allianz', 'Shares Owned': 494, 'Allocation (%)': 9.7}, {'Stock': 'BASF', 'Shares Owned': 483, 'Allocation (%)': 4.7}, {'Stock': 'LVMH', 'Shares Owned': 406, 'Allocation (%)': 1.36}, {'Stock': 'ARKK', 'Shares Owned': 115, 'Allocation (%)': 3.27}, {'Stock': 'TIP', 'Shares Owned': 291, 'Allocation (%)': 1.0600000000000036}]",Arthur Elliott, launched a coffee chain and retired early.,Non-Affluent
Micheal Ellison,1992-12-20,LI,Male,Divorced,"Engineer, control and instrumentation","Wood, Mullen and Hernandez",19,"USCGC Carey, FPO AP 06493",001-214-393-9810,michelle17@example.net,Savings,VZVK48794530694513,CHF,133900.84,3907.96,701379.2,239359.32,82264.36,0,['Savings Account'],"Business Income, Investments",Client possesses practical experience in stock markets and ETFs. Has some knowledge of portfolio rebalancing and tax-efficient investment strategies.,Income Generation,"Client assessed as low-to-medium risk. Domestic income and salary align with monthly transactions, but moderate exposure to alternative investments noted.",All identification documents verified. Employment and income confirmed via supporting documents. PEP check cleared. Sanctions screening completed. AML risk is low. No discrepancies found during due diligence.,Yes,Cleared,Low,Medium,SG,EAM,"[{'Stock': 'LVMH', 'Shares Owned': 341, 'Allocation (%)': 63.04}, {'Stock': 'BND', 'Shares Owned': 42, 'Allocation (%)': 14.16}, {'Stock': 'BASF', 'Shares Owned': 131, 'Allocation (%)': 11.6}, {'Stock': 'ARKF', 'Shares Owned': 491, 'Allocation (%)': 1.77}, {'Stock': 'GLD', 'Shares Owned': 396, 'Allocation (%)': 3.04}, {'Stock': 'ADBE', 'Shares Owned': 204, 'Allocation (%)': 1.64}, {'Stock': 'XOM', 'Shares Owned': 241, 'Allocation (%)': 1.18}, {'Stock': 'AAPL', 'Shares Owned': 50, 'Allocation (%)': 1.42}, {'Stock': 'CAT', 'Shares Owned': 106, 'Allocation (%)': 1.02}, {'Stock': 'Roche', 'Shares Owned': 377, 'Allocation (%)': 1.1300000000000021}]",Arthur Elliott, built a fintech startup but lost it all in a crash.,UHNWI
John Stark,1964-07-28,DE,Male,Widowed,"Scientist, physiological",Christensen and Sons,8,"165 Francis Extension Suite 451, New Angela, MH 12863",+1-933-663-7158,samanthabryant@example.com,Checking,QEZY31642954182845,CHF,67908.2,212.84,1312758.36,182111.48,174182.0,3,"['Savings Account', 'Investment Account']","Inheritance, Savings, Salary","Client has extensive experience investing in equities, bonds, ETFs, and mutual funds. Demonstrates strong understanding of portfolio diversification and risk management techniques. Has previously invested in alternative assets such as real estate funds and structured products.",Moderate Growth,Client assessed as medium-risk. Some international investments noted. Transactions slightly higher than expected for profile but consistent with disclosed sources of wealth.,"Documents partially verified. Further verification of employment and income recommended. PEP check cleared, but client flagged for high-value international transactions. Periodic compliance review required.",Yes,Cleared,High,Low,SG,EAM,"[{'Stock': 'GLD', 'Shares Owned': 337, 'Allocation (%)': 25.35}, {'Stock': 'EFA', 'Shares Owned': 479, 'Allocation (%)': 31.81}, {'Stock': 'BTC', 'Shares Owned': 349, 'Allocation (%)': 23.95}, {'Stock': 'LVMH', 'Shares Owned': 349, 'Allocation (%)': 11.61}, {'Stock': 'Siemens', 'Shares Owned': 116, 'Allocation (%)': 1.97}, {'Stock': 'CVX', 'Shares Owned': 276, 'Allocation (%)': 1.09}, {'Stock': 'ETH', 'Shares Owned': 338, 'Allocation (%)': 1.22}, {'Stock': 'GE', 'Shares Owned': 397, 'Allocation (%)': 1.0}, {'Stock': 'AMZN', 'Shares Owned': 181, 'Allocation (%)': 1.0}, {'Stock': 'TIP', 'Shares Owned': 385, 'Allocation (%)': 1.0000000000000053}]",Mary Greene, ran a quant hedge fund but lost it all in a crash.,Affluent
Daniel Hart,2000-08-30,DE,Male,Married,Surgeon,Little Ltd,8,"984 Jackson Stream, Powellstad, DE 22909",299.313.1832x0530,dorothyburton@example.org,Savings and Investment,BSNY50086148796646,CHF,106089.52,1131.52,887601.28,112435.96,223284.8,1,"['Checking Account', 'Savings Account', 'Investment Account']","Salary, Real Estate, Capital Gains","Client has extensive experience investing in equities, bonds, ETFs, and mutual funds. Demonstrates strong understanding of portfolio diversification and risk management techniques. Has previously invested in alternative assets such as real estate funds and structured products.",Aggressive Growth,"Client assessed as low-to-medium risk. Domestic income and salary align with monthly transactions, but moderate exposure to alternative investments noted.",Verification of ID documents and employment completed. Tax residency confirmed. Client is not on any sanctions or PEP lists. AML monitoring recommended due to international investment exposure.,No,Cleared,High,Low,CH,RM serviced PB,"[{'Stock': 'CVX', 'Shares Owned': 111, 'Allocation (%)': 11.33}, {'Stock': 'Siemens', 'Shares Owned': 340, 'Allocation (%)': 65.7}, {'Stock': 'EEM', 'Shares Owned': 30, 'Allocation (%)': 3.22}, {'Stock': 'ARKG', 'Shares Owned': 243, 'Allocation (%)': 11.71}, {'Stock': 'QQQ', 'Shares Owned': 32, 'Allocation (%)': 1.35}, {'Stock': 'ADA', 'Shares Owned': 192, 'Allocation (%)': 1.57}, {'Stock': 'ETH', 'Shares Owned': 207, 'Allocation (%)': 1.33}, {'Stock': 'NFLX', 'Shares Owned': 50, 'Allocation (%)': 1.7}, {'Stock': 'EFA', 'Shares Owned': 343, 'Allocation (%)': 1.01}, {'Stock': 'TIP', 'Shares Owned': 445, 'Allocation (%)': 1.079999999999999}]",Mary Greene, invested early in tech stocks and achieved financial independence.,Non-Affluent
Eric Wright,1966-03-22,LI,Male,Single,"Scientist, research (maths)",Clements-Hernandez,11,"4522 John Locks Apt. 488, New Matthewberg, RI 27541",508.556.5719x8807,melaniestephens@example.com,Savings and Investment,DRLN20041026446810,CHF,56141.48,1721.76,434536.32,121384.08,269787.96,1,"['Checking Account', 'Savings Account', 'Investment Account']","Salary, Rental Income, Stock Investments","Client has moderate knowledge of financial markets, primarily investing in mutual funds and fixed income securities. Familiar with basic risk-return tradeoffs and market volatility, but prefers conservative investment strategies.",Capital Preservation,Client assessed as medium-risk. Some international investments noted. Transactions slightly higher than expected for profile but consistent with disclosed sources of wealth.,Full KYC verification completed. Risk assessment and AML checks cleared. Client demonstrates transparency in source of funds and investment objectives.,Yes,Cleared,Medium,Low,SG,Com. & Retail,"[{'Stock': 'AGG', 'Shares Owned': 56, 'Allocation (%)': 24.22}, {'Stock': 'QQQ', 'Shares Owned': 65, 'Allocation (%)': 2.68}, {'Stock': 'ARKG', 'Shares Owned': 217, 'Allocation (%)': 34.25}, {'Stock': 'SAP', 'Shares Owned': 133, 'Allocation (%)': 29.24}, {'Stock': 'Allianz', 'Shares Owned': 75, 'Allocation (%)': 2.31}, {'Stock': 'AMZN', 'Shares Owned': 36, 'Allocation (%)': 1.28}, {'Stock': 'Siemens', 'Shares Owned': 105, 'Allocation (%)': 1.4}, {'Stock': 'GLD', 'Shares Owned': 205, 'Allocation (%)': 1.22}, {'Stock': 'USO', 'Shares Owned': 11, 'Allocation (%)': 1.65}, {'Stock': 'SOL', 'Shares Owned': 218, 'Allocation (%)': 1.749999999999996}]",Cynthia Baker, bet big on crypto and achieved financial independence.,UHNWI
Kelsey Haney,1979-01-30,CH,Female,Widowed,Quality manager,"Moore, Jacobs and Murray",1,"24933 Andrew Tunnel, Rhondamouth, DE 87826",437-609-2483,jasonwatson@example.com,Savings and Investment,JKRE39498721576772,CHF,68838.44,3017.16,211403.84,133316.04,30077.08,2,['Savings Account'],"Salary, Real Estate, Capital Gains","Client is highly knowledgeable about derivatives, structured products, and alternative investment vehicles. Experience includes cryptocurrency investments and international equities. Understands hedging and leverage strategies.",Capital Preservation,"Client assessed as low-to-medium risk. Domestic income and salary align with monthly transactions, but moderate exposure to alternative investments noted.",All identification documents verified. Employment and income confirmed via supporting documents. PEP check cleared. Sanctions screening completed. AML risk is low. No discrepancies found during due diligence.,Yes,Cleared,Low,Low,LI,Com. & Retail,"[{'Stock': 'ADBE', 'Shares Owned': 19, 'Allocation (%)': 33.84}, {'Stock': 'GOOGL', 'Shares Owned': 385, 'Allocation (%)': 2.84}, {'Stock': 'VTI', 'Shares Owned': 216, 'Allocation (%)': 38.09}, {'Stock': 'BA', 'Shares Owned': 280, 'Allocation (%)': 3.42}, {'Stock': 'MSFT', 'Shares Owned': 83, 'Allocation (%)': 3.79}, {'Stock': 'BASF', 'Shares Owned': 467, 'Allocation (%)': 9.48}, {'Stock': 'BTC', 'Shares Owned': 408, 'Allocation (%)': 2.01}, {'Stock': 'CAT', 'Shares Owned': 483, 'Allocation (%)': 2.38}, {'Stock': 'EFA', 'Shares Owned': 134, 'Allocation (%)': 1.36}, {'Stock': 'META', 'Shares Owned': 171, 'Allocation (%)': 2.7899999999999885}]",Mary Greene, ran a quant hedge fund and retired early.,UHNWI
Leslie Rodriguez,1991-07-12,DE,Female,Single,"Programme researcher, broadcasting/film/video",Hicks-Weber,25,"37122 Bonnie Station, Catherinechester, GU 04381",847.624.7815x440,sarahthomas@example.org,Checking,UJSL57092053195133,CHF,84858.56,3468.0,902244.4,318746.6,186585.2,2,['Savings Account'],"Inheritance, Savings, Salary","Client has moderate knowledge of financial markets, primarily investing in mutual funds and fixed income securities. Familiar with basic risk-return tradeoffs and market volatility, but prefers conservative investment strategies.",Income Generation,Client assessed as high-risk due to high-value international transactions and exposure to high-volatility assets. Requires enhanced monitoring and periodic review.,Full KYC verification completed. Risk assessment and AML checks cleared. Client demonstrates transparency in source of funds and investment objectives.,No,Cleared,Medium,Low,LU,RM serviced PB,"[{'Stock': 'AGG', 'Shares Owned': 264, 'Allocation (%)': 55.51}, {'Stock': 'Siemens', 'Shares Owned': 345, 'Allocation (%)': 20.88}, {'Stock': 'LVMH', 'Shares Owned': 408, 'Allocation (%)': 14.41}, {'Stock': 'SOL', 'Shares Owned': 24, 'Allocation (%)': 2.91}, {'Stock': 'TSLA', 'Shares Owned': 213, 'Allocation (%)': 1.04}, {'Stock': 'ADA', 'Shares Owned': 417, 'Allocation (%)': 1.15}, {'Stock': 'INTC', 'Shares Owned': 133, 'Allocation (%)': 1.08}, {'Stock': 'CVX', 'Shares Owned': 322, 'Allocation (%)': 1.0}, {'Stock': 'QQQ', 'Shares Owned': 284, 'Allocation (%)': 1.01}, {'Stock': 'MSFT', 'Shares Owned': 102, 'Allocation (%)': 1.0100000000000031}]",Mary Greene, built a fintech startup and retired early.,Non-Affluent
Teresa Thomas,1997-04-25,LI,Female,Single,Air traffic controller,"Garcia, Parrish and Jackson",26,"70684 Darrell Rapids, Davischester, GU 93350",837-282-2073x641,jenniferhernandez@example.net,Savings and Investment,NHEO71869988723349,CHF,110166.8,4315.28,347661.56,304574.72,233346.08,3,['Savings Account'],"Salary, Rental Income, Stock Investments","Client is highly knowledgeable about derivatives, structured products, and alternative investment vehicles. Experience includes cryptocurrency investments and international equities. Understands hedging and leverage strategies.",Capital Preservation,"Client assessed as low-to-medium risk. Domestic income and salary align with monthly transactions, but moderate exposure to alternative investments noted.",Full KYC verification completed. Risk assessment and AML checks cleared. Client demonstrates transparency in source of funds and investment objectives.,No,Cleared,High,High,SG,Com. & Retail,"[{'Stock': 'TSLA', 'Shares Owned': 35, 'Allocation (%)': 52.95}, {'Stock': 'ETH', 'Shares Owned': 455, 'Allocation (%)': 27.37}, {'Stock': 'QQQ', 'Shares Owned': 380, 'Allocation (%)': 2.28}, {'Stock': 'NVDA', 'Shares Owned': 122, 'Allocation (%)': 5.52}, {'Stock': 'SAP', 'Shares Owned': 494, 'Allocation (%)': 3.71}, {'Stock': 'SOL', 'Shares Owned': 111, 'Allocation (%)': 3.76}, {'Stock': 'VTI', 'Shares Owned': 173, 'Allocation (%)': 1.39}, {'Stock': 'EEM', 'Shares Owned': 26, 'Allocation (%)': 1.02}, {'Stock': 'AAPL', 'Shares Owned': 130, 'Allocation (%)': 1.0}, {'Stock': 'USO', 'Shares Owned': 53, 'Allocation (%)': 0.9999999999999951}]",Mary Greene, focused on real estate and lives quietly by the sea.,Non-Affluent
James Brown,1988-06-20,CH,Female,Divorced,"Psychologist, forensic","Collins, Allen and Wilson",20,"570 Woodard Lane Suite 068, New Brianna, KS 35905",001-648-243-9966x3355,jenniferjones@example.org,Checking,QSGD90345885096834,CHF,133223.56,3081.08,783381.76,290616.36,145231.68,0,"['Savings Account', 'Investment Account']","Business Income, Investments","Client has extensive experience investing in equities, bonds, ETFs, and mutual funds. Demonstrates strong understanding of portfolio diversification and risk management techniques. Has previously invested in alternative assets such as real estate funds and structured products.",Capital Preservation,Client assessed as medium-risk. Some international investments noted. Transactions slightly higher than expected for profile but consistent with disclosed sources of wealth.,Verification of ID documents and employment completed. Tax residency confirmed. Client is not on any sanctions or PEP lists. AML monitoring recommended due to international investment exposure.,No,Cleared,Medium,High,LI,Com. & Retail,"[{'Stock': 'SPY', 'Shares Owned': 277, 'Allocation (%)': 20.15}, {'Stock': 'GLD', 'Shares Owned': 355, 'Allocation (%)': 65.53}, {'Stock': 'MSFT', 'Shares Owned': 65, 'Allocation (%)': 1.89}, {'Stock': 'Roche', 'Shares Owned': 474, 'Allocation (%)': 3.34}, {'Stock': 'AGG', 'Shares Owned': 327, 'Allocation (%)': 2.45}, {'Stock': 'ETH', 'Shares Owned': 126, 'Allocation (%)': 1.86}, {'Stock': 'SAP', 'Shares Owned': 325, 'Allocation (%)': 1.25}, {'Stock': 'ARKQ', 'Shares Owned': 164, 'Allocation (%)': 1.48}, {'Stock': 'ARKG', 'Shares Owned': 448, 'Allocation (%)': 1.02}, {'Stock': 'Allianz', 'Shares Owned': 329, 'Allocation (%)': 1.0299999999999923}]",Cynthia Baker, ran a quant hedge fund and keeps growing steadily.,UHNWI
Thomas Leblanc,1982-07-10,CH,Female,Single,"Teacher, adult education","Hayes, Strong and Porter",23,"485 Allen Route, Johnmouth, MP 23485",(479)580-1083x510,diamondhubbard@example.net,Savings and Investment,NJTG03017796968472,CHF,79579.72,1145.12,775749.44,224919.52,90073.48,1,"['Checking Account', 'Savings Account', 'Investment Account']","Salary, Rental Income, Stock Investments","Client has extensive experience investing in equities, bonds, ETFs, and mutual funds. Demonstrates strong understanding of portfolio diversification and risk management techniques. Has previously invested in alternative assets such as real estate funds and structured products.",Aggressive Growth,"Client assessed as low-to-medium risk. Domestic income and salary align with monthly transactions, but moderate exposure to alternative investments noted.",Full KYC verification completed. Risk assessment and AML checks cleared. Client demonstrates transparency in source of funds and investment objectives.,Yes,Cleared,Medium,High,SG,RM serviced PB,"[{'Stock': 'EEM', 'Shares Owned': 346, 'Allocation (%)': 75.27}, {'Stock': 'BA', 'Shares Owned': 455, 'Allocation (%)': 12.83}, {'Stock': 'SOL', 'Shares Owned': 433, 'Allocation (%)': 2.52}, {'Stock': 'ADA', 'Shares Owned': 464, 'Allocation (%)': 2.49}, {'Stock': 'LVMH', 'Shares Owned': 72, 'Allocation (%)': 1.47}, {'Stock': 'CVX', 'Shares Owned': 133, 'Allocation (%)': 1.24}, {'Stock': 'GE', 'Shares Owned': 284, 'Allocation (%)': 1.03}, {'Stock': 'Volkswagen', 'Shares Owned': 430, 'Allocation (%)': 1.11}, {'Stock': 'TIP', 'Shares Owned': 178, 'Allocation (%)': 1.04}, {'Stock': 'GOOGL', 'Shares Owned': 427, 'Allocation (%)': 1.0000000000000036}]",Cynthia Baker, launched a coffee chain but lost it all in a crash.,Non-Affluent
Charles Mccoy,1990-08-29,CH,Male,Widowed,Hotel manager,"Henry, Castro and Wallace",12,"USCGC Lutz, FPO AA 72696",+1-204-575-9780x7786,tyler39@example.net,Savings,OGIU91220313209080,CHF,102338.64,167.28,906174.12,68301.24,142255.32,0,"['Checking Account', 'Savings Account', 'Investment Account']","Inheritance, Savings, Salary","Client is highly knowledgeable about derivatives, structured products, and alternative investment vehicles. Experience includes cryptocurrency investments and international equities. Understands hedging and leverage strategies.",Aggressive Growth,Client assessed as high-risk due to high-value international transactions and exposure to high-volatility assets. Requires enhanced monitoring and periodic review.,"Documents partially verified. Further verification of employment and income recommended. PEP check cleared, but client flagged for high-value international transactions. Periodic compliance review required.",No,Cleared,High,Low,SG,RM serviced PB,"[{'Stock': 'BA', 'Shares Owned': 464, 'Allocation (%)': 13.66}, {'Stock': 'GOOGL', 'Shares Owned': 199, 'Allocation (%)': 30.98}, {'Stock': 'ARKG', 'Shares Owned': 337, 'Allocation (%)': 11.52}, {'Stock': 'AMZN', 'Shares Owned': 439, 'Allocation (%)': 14.53}, {'Stock': 'Roche', 'Shares Owned': 434, 'Allocation (%)': 21.54}, {'Stock': 'SOL', 'Shares Owned': 68, 'Allocation (%)': 2.4}, {'Stock': 'NVDA', 'Shares Owned': 263, 'Allocation (%)': 1.37}, {'Stock': 'ADBE', 'Shares Owned': 260, 'Allocation (%)': 1.44}, {'Stock': 'BASF', 'Shares Owned': 360, 'Allocation (%)': 1.55}, {'Stock': 'Allianz', 'Shares Owned': 29, 'Allocation (%)': 1.0100000000000027}]",Mary Greene, built a fintech startup and became a mentor.,UHNWI
Sarah Torres,1970-07-21,LI,Female,Widowed,"Engineer, chemical","Moreno, Gardner and Jordan",17,"366 Lisa Trace Apt. 217, New Christopher, MH 95544",(248)620-8861x5683,leslie88@example.net,Savings,DBKV64845882864801,CHF,125413.08,767.04,1118112.44,305035.76,176605.52,0,"['Checking Account', 'Savings Account']","Business Income, Investments","Client is highly knowledgeable about derivatives, structured products, and alternative investment vehicles. Experience includes cryptocurrency investments and international equities. Understands hedging and leverage strategies.",Income Generation,"Client assessed as low-to-medium risk. Domestic income and salary align with monthly transactions, but moderate exposure to alternative investments noted.",All identification documents verified. Employment and income confirmed via supporting documents. PEP check cleared. Sanctions screening completed. AML risk is low. No discrepancies found during due diligence.,No,Cleared,Low,Low,LU,Com. & Retail,"[{'Stock': 'INTC', 'Shares Owned': 337, 'Allocation (%)': 60.12}, {'Stock': 'NFLX', 'Shares Owned': 257, 'Allocation (%)': 14.16}, {'Stock': 'LVMH', 'Shares Owned': 61, 'Allocation (%)': 5.07}, {'Stock': 'AAPL', 'Shares Owned': 120, 'Allocation (%)': 6.04}, {'Stock': 'ADBE', 'Shares Owned': 466, 'Allocation (%)': 5.78}, {'Stock': 'SLV', 'Shares Owned': 21, 'Allocation (%)': 2.32}, {'Stock': 'Volkswagen', 'Shares Owned': 407, 'Allocation (%)': 1.22}, {'Stock': 'TIP', 'Shares Owned': 189, 'Allocation (%)': 1.99}, {'Stock': 'XOM', 'Shares Owned': 324, 'Allocation (%)': 2.0}, {'Stock': 'Roche', 'Shares Owned': 287, 'Allocation (%)': 1.3000000000000016}]",Mary Greene, bet big on crypto and became a mentor.,Affluent
John Smith,1966-08-26,DE,Female,Widowed,Chiropodist,"Taylor, Myers and Wilson",27,"6297 Colon River Suite 989, Cabreraview, PW 40129",+1-761-768-9450,kevinwalters@example.net,Savings,DOOL73525965022148,CHF,106704.24,3524.44,313025.08,284375.32,105414.96,2,['Savings Account'],"Inheritance, Savings, Salary",Client possesses practical experience in stock markets and ETFs. Has some knowledge of portfolio rebalancing and tax-efficient investment strategies.,Aggressive Growth,"Client assessed as low-to-medium risk. Domestic income and salary align with monthly transactions, but moderate exposure to alternative investments noted.",Full KYC verification completed. Risk assessment and AML checks cleared. Client demonstrates transparency in source of funds and investment objectives.,No,Cleared,Medium,Medium,SG,EAM,"[{'Stock': 'AGG', 'Shares Owned': 110, 'Allocation (%)': 41.75}, {'Stock': 'ARKK', 'Shares Owned': 305, 'Allocation (%)': 36.55}, {'Stock': 'SAP', 'Shares Owned': 374, 'Allocation (%)': 5.43}, {'Stock': 'LVMH', 'Shares Owned': 348, 'Allocation (%)': 2.49}, {'Stock': 'Roche', 'Shares Owned': 251, 'Allocation (%)': 4.57}, {'Stock': 'NEE', 'Shares Owned': 222, 'Allocation (%)': 3.82}, {'Stock': 'GLD', 'Shares Owned': 341, 'Allocation (%)': 1.91}, {'Stock': 'BTC', 'Shares Owned': 55, 'Allocation (%)': 1.19}, {'Stock': 'XOM', 'Shares Owned': 471, 'Allocation (%)': 1.21}, {'Stock': 'BND', 'Shares Owned': 301, 'Allocation (%)': 1.0800000000000023}]",Arthur Elliott, ran a quant hedge fund and lives quietly by the sea.,Non-Affluent
Cynthia Smith,1967-07-06,CH,Female,Married,Forensic scientist,Smith and Sons,27,"6129 Gonzalez Loop Suite 661, West Shannon, KY 83304",(676)562-0404,evansmary@example.org,Savings,CUIC84352928748166,CHF,129372.72,3635.96,518719.64,194027.12,32557.72,2,"['Checking Account', 'Savings Account', 'Investment Account']","Business Income, Investments","Client is highly knowledgeable about derivatives, structured products, and alternative investment vehicles. Experience includes cryptocurrency investments and international equities. Understands hedging and leverage strategies.",Income Generation,Client assessed as medium-risk. Some international investments noted. Transactions slightly higher than expected for profile but consistent with disclosed sources of wealth.,Verification of ID documents and employment completed. Tax residency confirmed. Client is not on any sanctions or PEP lists. AML monitoring recommended due to international investment exposure.,No,Cleared,High,Low,BVI,RM serviced PB,"[{'Stock': 'META', 'Shares Owned': 172, 'Allocation (%)': 89.61}, {'Stock': 'CVX', 'Shares Owned': 189, 'Allocation (%)': 1.24}, {'Stock': 'AGG', 'Shares Owned': 361, 'Allocation (%)': 1.11}, {'Stock': 'GOOGL', 'Shares Owned': 307, 'Allocation (%)': 1.0}, {'Stock': 'QQQ', 'Shares Owned': 348, 'Allocation (%)': 1.55}, {'Stock': 'TSLA', 'Shares Owned': 490, 'Allocation (%)': 1.03}, {'Stock': 'BND', 'Shares Owned': 201, 'Allocation (%)': 1.27}, {'Stock': 'USO', 'Shares Owned': 273, 'Allocation (%)': 1.15}, {'Stock': 'AMZN', 'Shares Owned': 162, 'Allocation (%)': 1.03}, {'Stock': 'Roche', 'Shares Owned': 239, 'Allocation (%)': 1.010000000000001}]",Mary Greene, ran a quant hedge fund and achieved financial independence.,Non-Affluent
Karl Bowman,1960-04-07,CH,Female,Widowed,Training and development officer,"Wilson, Hernandez and Rodriguez",19,"953 Shaw Centers Suite 845, Elizabethmouth, ME 19404",+1-225-976-8947x684,gilbertdeborah@example.com,Savings,CAKO79871161447521,CHF,122952.84,6075.12,769778.36,271570.24,224287.12,3,"['Checking Account', 'Savings Account', 'Investment Account']","Inheritance, Savings, Salary","Client is highly knowledgeable about derivatives, structured products, and alternative investment vehicles. Experience includes cryptocurrency investments and international equities. Understands hedging and leverage strategies.",Income Generation,Client assessed as low-risk. Transaction behavior is consistent with reported income. No history of suspicious activity. Domestic and regulated international income sources only.,Verification of ID documents and employment completed. Tax residency confirmed. Client is not on any sanctions or PEP lists. AML monitoring recommended due to international investment exposure.,No,Cleared,High,Low,LI,RM serviced PB,"[{'Stock': 'NVDA', 'Shares Owned': 393, 'Allocation (%)': 40.36}, {'Stock': 'LVMH', 'Shares Owned': 279, 'Allocation (%)': 9.94}, {'Stock': 'CAT', 'Shares Owned': 388, 'Allocation (%)': 33.14}, {'Stock': 'Siemens', 'Shares Owned': 330, 'Allocation (%)': 9.93}, {'Stock': 'INTC', 'Shares Owned': 419, 'Allocation (%)': 1.1}, {'Stock': 'Novartis', 'Shares Owned': 457, 'Allocation (%)': 1.45}, {'Stock': 'USO', 'Shares Owned': 259, 'Allocation (%)': 1.07}, {'Stock': 'MSFT', 'Shares Owned': 457, 'Allocation (%)': 1.01}, {'Stock': 'Volkswagen', 'Shares Owned': 463, 'Allocation (%)': 1.0}, {'Stock': 'VTI', 'Shares Owned': 303, 'Allocation (%)': 1.0000000000000027}]",Arthur Elliott, focused on real estate and lives quietly by the sea.,UHNWI
Dr. Steven Castro DDS,1983-08-24,CH,Female,Divorced,Network engineer,Hall-Frye,29,"606 Kimberly Circle Suite 828, East Elizabeth, AZ 69561",+1-850-827-5255x97188,josephperez@example.org,Savings and Investment,EUPN75993343311058,CHF,59536.72,6267.56,228170.6,295672.16,180113.64,0,"['Checking Account', 'Savings Account', 'Investment Account']","Inheritance, Savings, Salary","Client has moderate knowledge of financial markets, primarily investing in mutual funds and fixed income securities. Familiar with basic risk-return tradeoffs and market volatility, but prefers conservative investment strategies.",Capital Preservation,Client assessed as medium-risk. Some international investments noted. Transactions slightly higher than expected for profile but consistent with disclosed sources of wealth.,Full KYC verification completed. Risk assessment and AML checks cleared. Client demonstrates transparency in source of funds and investment objectives.,No,Cleared,High,Medium,LI,RM serviced PB,"[{'Stock': 'SLV', 'Shares Owned': 427, 'Allocation (%)': 14.52}, {'Stock': 'SPY', 'Shares Owned': 405, 'Allocation (%)': 53.43}, {'Stock': 'ARKF', 'Shares Owned': 418, 'Allocation (%)': 24.15}, {'Stock': 'Novartis', 'Shares Owned': 487, 'Allocation (%)': 1.52}, {'Stock': 'EEM', 'Shares Owned': 85, 'Allocation (%)': 1.34}, {'Stock': 'GLD', 'Shares Owned': 457, 'Allocation (%)': 1.02}, {'Stock': 'BASF', 'Shares Owned': 11, 'Allocation (%)': 1.01}, {'Stock': 'ARKK', 'Shares Owned': 282, 'Allocation (%)': 1.01}, {'Stock': 'MSFT', 'Shares Owned': 416, 'Allocation (%)': 1.0}, {'Stock': 'TIP', 'Shares Owned': 417, 'Allocation (%)': 1.000000000000007}]",Arthur Elliott, ran a quant hedge fund and lives quietly by the sea.,Non-Affluent
John Lozano,1970-02-18,DE,Male,Married,Patent attorney,Jones-Elliott,9,"PSC 7530, Box 4556, APO AA 58151",+1-566-611-7473x56899,bradleykelsey@example.com,Checking,OAGJ97490149118611,CHF,128069.16,1863.88,856457.96,191991.2,97003.36,3,"['Checking Account', 'Savings Account']","Salary, Rental Income, Stock Investments","Client has moderate knowledge of financial markets, primarily investing in mutual funds and fixed income securities. Familiar with basic risk-return tradeoffs and market volatility, but prefers conservative investment strategies.",Aggressive Growth,"Client assessed as low-to-medium risk. Domestic income and salary align with monthly transactions, but moderate exposure to alternative investments noted.",Full KYC verification completed. Risk assessment and AML checks cleared. Client demonstrates transparency in source of funds and investment objectives.,No,Cleared,Medium,Low,LU,EAM,"[{'Stock': 'GE', 'Shares Owned': 362, 'Allocation (%)': 5.38}, {'Stock': 'ARKG', 'Shares Owned': 273, 'Allocation (%)': 19.67}, {'Stock': 'Siemens', 'Shares Owned': 490, 'Allocation (%)': 61.91}, {'Stock': 'TSLA', 'Shares Owned': 295, 'Allocation (%)': 5.49}, {'Stock': 'SPY', 'Shares Owned': 422, 'Allocation (%)': 2.47}, {'Stock': 'MSFT', 'Shares Owned': 151, 'Allocation (%)': 1.0}, {'Stock': 'NVDA', 'Shares Owned': 287, 'Allocation (%)': 1.05}, {'Stock': 'ARKF', 'Shares Owned': 388, 'Allocation (%)': 1.0}, {'Stock': 'CAT', 'Shares Owned': 250, 'Allocation (%)': 1.0}, {'Stock': 'NEE', 'Shares Owned': 204, 'Allocation (%)': 1.0300000000000056}]",Cynthia Baker, invested early in tech stocks and retired early.,Non-Affluent
Jennifer Meyer,1996-02-10,DE,Male,Widowed,Insurance broker,Simon-Smith,6,"7743 Mcmahon Mills Apt. 337, Alexanderfort, ME 55374",+1-205-367-3128x735,uburton@example.com,Savings,WGWH90158441282810,CHF,96700.08,955.4,671410.92,208560.76,223615.96,1,"['Savings Account', 'Investment Account']","Inheritance, Savings, Salary","Client has moderate knowledge of financial markets, primarily investing in mutual funds and fixed income securities. Familiar with basic risk-return tradeoffs and market volatility, but prefers conservative investment strategies.",Moderate Growth,Client assessed as low-risk. Transaction behavior is consistent with reported income. No history of suspicious activity. Domestic and regulated international income sources only.,Verification of ID documents and employment completed. Tax residency confirmed. Client is not on any sanctions or PEP lists. AML monitoring recommended due to international investment exposure.,Yes,Cleared,Low,Low,CH,RM serviced PB,"[{'Stock': 'NEE', 'Shares Owned': 406, 'Allocation (%)': 86.02}, {'Stock': 'XOM', 'Shares Owned': 137, 'Allocation (%)': 4.48}, {'Stock': 'CVX', 'Shares Owned': 284, 'Allocation (%)': 2.28}, {'Stock': 'EFA', 'Shares Owned': 94, 'Allocation (%)': 1.21}, {'Stock': 'CAT', 'Shares Owned': 45, 'Allocation (%)': 1.01}, {'Stock': 'INTC', 'Shares Owned': 350, 'Allocation (%)': 1.0}, {'Stock': 'Novartis', 'Shares Owned': 327, 'Allocation (%)': 1.0}, {'Stock': 'AMZN', 'Shares Owned': 252, 'Allocation (%)': 1.0}, {'Stock': 'MSFT', 'Shares Owned': 257, 'Allocation (%)': 1.0}, {'Stock': 'LVMH', 'Shares Owned': 151, 'Allocation (%)': 1.0000000000000044}]",Mary Greene, invested early in tech stocks but lost it all in a crash.,Non-Affluent
Jorge Nicholson,1961-09-08,CH,Male,Married,Quality manager,"Long, Rivera and Johnson",26,"153 Brandon Rest Suite 048, Lake Brandonland, MN 20847",001-572-828-4989x4758,patriciajones@example.com,Savings,FTRJ36137258915759,CHF,113061.56,3328.6,927143.28,81363.36,33373.04,0,"['Checking Account', 'Savings Account']","Inheritance, Savings, Salary","Client has extensive experience investing in equities, bonds, ETFs, and mutual funds. Demonstrates strong understanding of portfolio diversification and risk management techniques. Has previously invested in alternative assets such as real estate funds and structured products.",Moderate Growth,Client assessed as medium-risk. Some international investments noted. Transactions slightly higher than expected for profile but consistent with disclosed sources of wealth.,All identification documents verified. Employment and income confirmed via supporting documents. PEP check cleared. Sanctions screening completed. AML risk is low. No discrepancies found during due diligence.,Yes,Cleared,High,Low,CH,RM serviced PB,"[{'Stock': 'ADBE', 'Shares Owned': 116, 'Allocation (%)': 41.11}, {'Stock': 'TSLA', 'Shares Owned': 484, 'Allocation (%)': 9.61}, {'Stock': 'ARKG', 'Shares Owned': 437, 'Allocation (%)': 36.38}, {'Stock': 'AGG', 'Shares Owned': 468, 'Allocation (%)': 1.83}, {'Stock': 'EFA', 'Shares Owned': 311, 'Allocation (%)': 5.51}, {'Stock': 'SAP', 'Shares Owned': 432, 'Allocation (%)': 1.26}, {'Stock': 'NFLX', 'Shares Owned': 490, 'Allocation (%)': 1.18}, {'Stock': 'INTC', 'Shares Owned': 167, 'Allocation (%)': 1.11}, {'Stock': 'GE', 'Shares Owned': 17, 'Allocation (%)': 1.01}, {'Stock': 'ARKF', 'Shares Owned': 150, 'Allocation (%)': 0.9999999999999989}]",Cynthia Baker, bet big on crypto and lives quietly by the sea.,Non-Affluent
Curtis Clark,1967-05-23,DE,Male,Married,Company secretary,Thomas PLC,17,"3097 Jeffrey Coves, North Williamhaven, MT 78035",+1-968-300-7396,monica88@example.org,Savings,CDKS94941010250959,CHF,96739.52,1890.4,1210393.88,234338.2,123997.32,2,"['Checking Account', 'Savings Account']","Salary, Rental Income, Stock Investments",Client possesses practical experience in stock markets and ETFs. Has some knowledge of portfolio rebalancing and tax-efficient investment strategies.,Capital Preservation,"Client assessed as low-to-medium risk. Domestic income and salary align with monthly transactions, but moderate exposure to alternative investments noted.",Full KYC verification completed. Risk assessment and AML checks cleared. Client demonstrates transparency in source of funds and investment objectives.,Yes,Cleared,High,Medium,LU,RM serviced PB,"[{'Stock': 'NFLX', 'Shares Owned': 89, 'Allocation (%)': 5.77}, {'Stock': 'USO', 'Shares Owned': 333, 'Allocation (%)': 71.75}, {'Stock': 'SOL', 'Shares Owned': 98, 'Allocation (%)': 1.48}, {'Stock': 'EFA', 'Shares Owned': 113, 'Allocation (%)': 5.64}, {'Stock': 'VTI', 'Shares Owned': 206, 'Allocation (%)': 3.16}, {'Stock': 'BND', 'Shares Owned': 389, 'Allocation (%)': 8.02}, {'Stock': 'LVMH', 'Shares Owned': 283, 'Allocation (%)': 1.11}, {'Stock': 'ADBE', 'Shares Owned': 85, 'Allocation (%)': 1.04}, {'Stock': 'SAP', 'Shares Owned': 454, 'Allocation (%)': 1.01}, {'Stock': 'NVDA', 'Shares Owned': 24, 'Allocation (%)': 1.020000000000003}]",Arthur Elliott, ran a quant hedge fund but lost it all in a crash.,Affluent
Crystal Byrd,1991-01-07,DE,Female,Married,Waste management officer,Frank LLC,17,"2454 Angela Prairie, New Jessica, FL 73969",5988190597,washingtondavid@example.org,Checking,FMKF63540384720661,CHF,108075.12,4229.6,547563.2,39322.36,268310.32,2,['Savings Account'],"Inheritance, Savings, Salary","Client is highly knowledgeable about derivatives, structured products, and alternative investment vehicles. Experience includes cryptocurrency investments and international equities. Understands hedging and leverage strategies.",Capital Preservation,Client assessed as high-risk due to high-value international transactions and exposure to high-volatility assets. Requires enhanced monitoring and periodic review.,"Documents partially verified. Further verification of employment and income recommended. PEP check cleared, but client flagged for high-value international transactions. Periodic compliance review required.",Yes,Cleared,Medium,Medium,LI,RM serviced PB,"[{'Stock': 'AAPL', 'Shares Owned': 47, 'Allocation (%)': 90.82}, {'Stock': 'QQQ', 'Shares Owned': 245, 'Allocation (%)': 1.12}, {'Stock': 'Volkswagen', 'Shares Owned': 327, 'Allocation (%)': 1.04}, {'Stock': 'AGG', 'Shares Owned': 270, 'Allocation (%)': 1.0}, {'Stock': 'Novartis', 'Shares Owned': 298, 'Allocation (%)': 1.02}, {'Stock': 'GLD', 'Shares Owned': 294, 'Allocation (%)': 1.0}, {'Stock': 'GOOGL', 'Shares Owned': 450, 'Allocation (%)': 1.0}, {'Stock': 'Siemens', 'Shares Owned': 435, 'Allocation (%)': 1.0}, {'Stock': 'XOM', 'Shares Owned': 302, 'Allocation (%)': 1.0}, {'Stock': 'Allianz', 'Shares Owned': 42, 'Allocation (%)': 1.0000000000000053}]",Arthur Elliott, invested early in tech stocks and became a mentor.,UHNWI
Victoria Townsend,1987-12-05,CH,Female,Married,"Administrator, local government",Morris-Higgins,14,"120 Benson Station, West Shannon, MD 11559",+1-888-985-0591,lisa10@example.com,Savings and Investment,WJXS66761394771705,CHF,123606.32,2927.4,1195160.52,124176.84,103611.6,0,"['Savings Account', 'Investment Account']","Salary, Rental Income, Stock Investments","Client is highly knowledgeable about derivatives, structured products, and alternative investment vehicles. Experience includes cryptocurrency investments and international equities. Understands hedging and leverage strategies.",Income Generation,"Client assessed as low-to-medium risk. Domestic income and salary align with monthly transactions, but moderate exposure to alternative investments noted.","Documents partially verified. Further verification of employment and income recommended. PEP check cleared, but client flagged for high-value international transactions. Periodic compliance review required.",No,Cleared,High,High,CH,RM serviced PB,"[{'Stock': 'TSLA', 'Shares Owned': 40, 'Allocation (%)': 85.81}, {'Stock': 'ADBE', 'Shares Owned': 21, 'Allocation (%)': 1.59}, {'Stock': 'SPY', 'Shares Owned': 67, 'Allocation (%)': 1.13}, {'Stock': 'BTC', 'Shares Owned': 180, 'Allocation (%)': 1.06}, {'Stock': 'EEM', 'Shares Owned': 427, 'Allocation (%)': 3.16}, {'Stock': 'SOL', 'Shares Owned': 88, 'Allocation (%)': 3.2}, {'Stock': 'LVMH', 'Shares Owned': 35, 'Allocation (%)': 1.01}, {'Stock': 'Allianz', 'Shares Owned': 254, 'Allocation (%)': 1.04}, {'Stock': 'AMZN', 'Shares Owned': 341, 'Allocation (%)': 1.0}, {'Stock': 'AAPL', 'Shares Owned': 200, 'Allocation (%)': 0.9999999999999982}]",Mary Greene, focused on real estate and keeps growing steadily.,Non-Affluent
Robert Myers,1964-12-08,LI,Female,Married,Microbiologist,"Aguirre, Steele and Hernandez",23,"604 Munoz Fall, Sextonmouth, AK 60713",(471)707-8239x0942,phall@example.org,Savings,WXTS25478251161557,CHF,101413.84,6239.68,514934.76,254785.8,26235.76,1,"['Checking Account', 'Savings Account', 'Investment Account']","Salary, Rental Income, Stock Investments","Client has moderate knowledge of financial markets, primarily investing in mutual funds and fixed income securities. Familiar with basic risk-return tradeoffs and market volatility, but prefers conservative investment strategies.",Capital Preservation,Client assessed as high-risk due to high-value international transactions and exposure to high-volatility assets. Requires enhanced monitoring and periodic review.,All identification documents verified. Employment and income confirmed via supporting documents. PEP check cleared. Sanctions screening completed. AML risk is low. No discrepancies found during due diligence.,No,Cleared,Low,High,SG,Com. & Retail,"[{'Stock': 'Volkswagen', 'Shares Owned': 431, 'Allocation (%)': 72.64}, {'Stock': 'CAT', 'Shares Owned': 481, 'Allocation (%)': 4.09}, {'Stock': 'BASF', 'Shares Owned': 231, 'Allocation (%)': 2.81}, {'Stock': 'MSFT', 'Shares Owned': 277, 'Allocation (%)': 10.22}, {'Stock': 'BND', 'Shares Owned': 341, 'Allocation (%)': 3.74}, {'Stock': 'SAP', 'Shares Owned': 168, 'Allocation (%)': 2.14}, {'Stock': 'QQQ', 'Shares Owned': 75, 'Allocation (%)': 1.26}, {'Stock': 'XOM', 'Shares Owned': 473, 'Allocation (%)': 1.03}, {'Stock': 'GLD', 'Shares Owned': 291, 'Allocation (%)': 1.07}, {'Stock': 'GE', 'Shares Owned': 208, 'Allocation (%)': 0.9999999999999993}]",Cynthia Baker, bet big on crypto and achieved financial independence.,Affluent
Lauren Walker,1977-12-23,CH,Male,Married,"Nurse, learning disability","Alvarado, Vargas and Murphy",22,"16422 Devin Isle, Davismouth, AL 65115",(926)790-6525x06288,srodriguez@example.org,Checking,VDHC63846207550505,CHF,72057.56,3710.76,635897.92,280387.8,158126.52,2,['Savings Account'],"Business Income, Investments","Client is highly knowledgeable about derivatives, structured products, and alternative investment vehicles. Experience includes cryptocurrency investments and international equities. Understands hedging and leverage strategies.",Aggressive Growth,Client assessed as medium-risk. Some international investments noted. Transactions slightly higher than expected for profile but consistent with disclosed sources of wealth.,Full KYC verification completed. Risk assessment and AML checks cleared. Client demonstrates transparency in source of funds and investment objectives.,Yes,Cleared,Medium,High,BVI,Com. & Retail,"[{'Stock': 'ADBE', 'Shares Owned': 212, 'Allocation (%)': 86.15}, {'Stock': 'AGG', 'Shares Owned': 86, 'Allocation (%)': 4.99}, {'Stock': 'CAT', 'Shares Owned': 180, 'Allocation (%)': 1.84}, {'Stock': 'BND', 'Shares Owned': 45, 'Allocation (%)': 1.0}, {'Stock': 'ARKG', 'Shares Owned': 363, 'Allocation (%)': 1.0}, {'Stock': 'AMZN', 'Shares Owned': 482, 'Allocation (%)': 1.02}, {'Stock': 'SLV', 'Shares Owned': 242, 'Allocation (%)': 1.0}, {'Stock': 'GE', 'Shares Owned': 153, 'Allocation (%)': 1.0}, {'Stock': 'VTI', 'Shares Owned': 395, 'Allocation (%)': 1.0}, {'Stock': 'NFLX', 'Shares Owned': 67, 'Allocation (%)': 0.9999999999999942}]",Cynthia Baker, ran a quant hedge fund and achieved financial independence.,Affluent
Pamela Silva,1973-11-14,DE,Female,Widowed,Office manager,Barajas-Davis,1,"74560 Ross Shore, Port Garyfurt, FM 93073",681.903.1355x9227,davisedward@example.org,Savings,BFCG25790243963439,CHF,90022.48,1474.24,640864.64,253217.04,115410.96,3,"['Savings Account', 'Investment Account']","Salary, Rental Income, Stock Investments","Client has moderate knowledge of financial markets, primarily investing in mutual funds and fixed income securities. Familiar with basic risk-return tradeoffs and market volatility, but prefers conservative investment strategies.",Aggressive Growth,Client assessed as medium-risk. Some international investments noted. Transactions slightly higher than expected for profile but consistent with disclosed sources of wealth.,Full KYC verification completed. Risk assessment and AML checks cleared. Client demonstrates transparency in source of funds and investment objectives.,Yes,Cleared,Medium,High,CH,Com. & Retail,"[{'Stock': 'NVDA', 'Shares Owned': 449, 'Allocation (%)': 70.36}, {'Stock': 'Roche', 'Shares Owned': 11, 'Allocation (%)': 19.53}, {'Stock': 'Volkswagen', 'Shares Owned': 141, 'Allocation (%)': 2.56}, {'Stock': 'BND', 'Shares Owned': 150, 'Allocation (%)': 1.02}, {'Stock': 'AAPL', 'Shares Owned': 312, 'Allocation (%)': 1.4}, {'Stock': 'Novartis', 'Shares Owned': 432, 'Allocation (%)': 1.11}, {'Stock': 'ARKG', 'Shares Owned': 314, 'Allocation (%)': 1.01}, {'Stock': 'QQQ', 'Shares Owned': 266, 'Allocation (%)': 1.0}, {'Stock': 'TIP', 'Shares Owned': 128, 'Allocation (%)': 1.01}, {'Stock': 'CAT', 'Shares Owned': 289, 'Allocation (%)': 0.9999999999999989}]",Cynthia Baker, launched a coffee chain and retired early.,Affluent
Katherine Sutton,1970-03-30,DE,Male,Widowed,Health and safety inspector,Clark and Sons,13,"0273 Reynolds Mill, Edwardton, KY 25852",846.547.7795x3353,timothy33@example.com,Checking,GWSD86627047413908,CHF,74751.04,2992.68,1305767.96,292975.28,59945.4,1,"['Savings Account', 'Investment Account']","Business Income, Investments","Client is highly knowledgeable about derivatives, structured products, and alternative investment vehicles. Experience includes cryptocurrency investments and international equities. Understands hedging and leverage strategies.",Capital Preservation,"Client assessed as low-to-medium risk. Domestic income and salary align with monthly transactions, but moderate exposure to alternative investments noted.",Full KYC verification completed. Risk assessment and AML checks cleared. Client demonstrates transparency in source of funds and investment objectives.,Yes,Cleared,Medium,High,LI,EAM,"[{'Stock': 'BTC', 'Shares Owned': 39, 'Allocation (%)': 9.89}, {'Stock': 'BND', 'Shares Owned': 444, 'Allocation (%)': 53.77}, {'Stock': 'SOL', 'Shares Owned': 146, 'Allocation (%)': 25.24}, {'Stock': 'Siemens', 'Shares Owned': 382, 'Allocation (%)': 1.58}, {'Stock': 'MSFT', 'Shares Owned': 20, 'Allocation (%)': 2.81}, {'Stock': 'ARKQ', 'Shares Owned': 316, 'Allocation (%)': 1.31}, {'Stock': 'GE', 'Shares Owned': 98, 'Allocation (%)': 1.43}, {'Stock': 'NVDA', 'Shares Owned': 23, 'Allocation (%)': 1.14}, {'Stock': 'BA', 'Shares Owned': 459, 'Allocation (%)': 1.3}, {'Stock': 'LVMH', 'Shares Owned': 233, 'Allocation (%)': 1.5299999999999974}]",Arthur Elliott, focused on real estate and lives quietly by the sea.,Affluent
Amanda Bradley,1962-08-10,DE,Male,Married,Event organiser,Campbell Group,5,"8685 Meyer Terrace Apt. 496, Vanessafurt, HI 41201",781-263-9338x3707,jenniferrichmond@example.org,Checking,TOAN83713302466385,CHF,60932.08,3585.64,959052.96,79013.96,133844.4,1,"['Checking Account', 'Savings Account', 'Investment Account']","Salary, Real Estate, Capital Gains","Client is highly knowledgeable about derivatives, structured products, and alternative investment vehicles. Experience includes cryptocurrency investments and international equities. Understands hedging and leverage strategies.",Capital Preservation,Client assessed as low-risk. Transaction behavior is consistent with reported income. No history of suspicious activity. Domestic and regulated international income sources only.,Verification of ID documents and employment completed. Tax residency confirmed. Client is not on any sanctions or PEP lists. AML monitoring recommended due to international investment exposure.,No,Cleared,Low,Low,LI,EAM,"[{'Stock': 'INTC', 'Shares Owned': 278, 'Allocation (%)': 16.14}, {'Stock': 'GLD', 'Shares Owned': 151, 'Allocation (%)': 68.06}, {'Stock': 'BTC', 'Shares Owned': 439, 'Allocation (%)': 1.95}, {'Stock': 'AGG', 'Shares Owned': 498, 'Allocation (%)': 3.98}, {'Stock': 'ADA', 'Shares Owned': 213, 'Allocation (%)': 1.27}, {'Stock': 'ARKG', 'Shares Owned': 402, 'Allocation (%)': 3.46}, {'Stock': 'TIP', 'Shares Owned': 184, 'Allocation (%)': 1.37}, {'Stock': 'AMZN', 'Shares Owned': 105, 'Allocation (%)': 1.69}, {'Stock': 'NVDA', 'Shares Owned': 289, 'Allocation (%)': 1.02}, {'Stock': 'ARKQ', 'Shares Owned': 308, 'Allocation (%)': 1.0599999999999978}]",Mary Greene, focused on real estate and retired early.,Non-Affluent
Evan Hernandez,1977-08-17,CH,Male,Single,Fitness centre manager,Smith Group,12,"PSC 7933, Box 0306, APO AP 97509",(684)718-1674x6905,barbarataylor@example.com,Checking,BQGF25015218756421,CHF,79128.2,213.52,299498.52,162334.36,197166.0,1,"['Checking Account', 'Savings Account']","Business Income, Investments","Client is highly knowledgeable about derivatives, structured products, and alternative investment vehicles. Experience includes cryptocurrency investments and international equities. Understands hedging and leverage strategies.",Capital Preservation,Client assessed as high-risk due to high-value international transactions and exposure to high-volatility assets. Requires enhanced monitoring and periodic review.,All identification documents verified. Employment and income confirmed via supporting documents. PEP check cleared. Sanctions screening completed. AML risk is low. No discrepancies found during due diligence.,No,Cleared,High,Medium,SG,Com. & Retail,"[{'Stock': 'AMZN', 'Shares Owned': 401, 'Allocation (%)': 75.87}, {'Stock': 'NVDA', 'Shares Owned': 20, 'Allocation (%)': 11.65}, {'Stock': 'CAT', 'Shares Owned': 452, 'Allocation (%)': 2.4}, {'Stock': 'QQQ', 'Shares Owned': 463, 'Allocation (%)': 1.98}, {'Stock': 'META', 'Shares Owned': 96, 'Allocation (%)': 1.4}, {'Stock': 'GOOGL', 'Shares Owned': 81, 'Allocation (%)': 1.11}, {'Stock': 'MSFT', 'Shares Owned': 319, 'Allocation (%)': 1.12}, {'Stock': 'USO', 'Shares Owned': 139, 'Allocation (%)': 1.22}, {'Stock': 'Siemens', 'Shares Owned': 268, 'Allocation (%)': 2.14}, {'Stock': 'NEE', 'Shares Owned': 189, 'Allocation (%)': 1.1099999999999937}]",Mary Greene, focused on real estate and became a mentor.,UHNWI
Donna Lewis,2000-02-10,CH,Male,Single,Community education officer,"Joyce, Lee and House",8,"420 Austin Trafficway Apt. 210, South Ryan, UT 54162",001-230-909-9048x82018,nancy43@example.org,Savings and Investment,SBTF20946505579189,CHF,122846.08,6602.12,372977.28,68766.36,25814.16,0,"['Checking Account', 'Savings Account']","Business Income, Investments","Client is highly knowledgeable about derivatives, structured products, and alternative investment vehicles. Experience includes cryptocurrency investments and international equities. Understands hedging and leverage strategies.",Moderate Growth,Client assessed as low-risk. Transaction behavior is consistent with reported income. No history of suspicious activity. Domestic and regulated international income sources only.,All identification documents verified. Employment and income confirmed via supporting documents. PEP check cleared. Sanctions screening completed. AML risk is low. No discrepancies found during due diligence.,No,Cleared,High,Medium,LI,Com. & Retail,"[{'Stock': 'XOM', 'Shares Owned': 313, 'Allocation (%)': 24.27}, {'Stock': 'Volkswagen', 'Shares Owned': 287, 'Allocation (%)': 5.23}, {'Stock': 'TSLA', 'Shares Owned': 48, 'Allocation (%)': 35.94}, {'Stock': 'SAP', 'Shares Owned': 332, 'Allocation (%)': 14.42}, {'Stock': 'MSFT', 'Shares Owned': 324, 'Allocation (%)': 8.32}, {'Stock': 'ADBE', 'Shares Owned': 11, 'Allocation (%)': 1.66}, {'Stock': 'SPY', 'Shares Owned': 490, 'Allocation (%)': 5.7}, {'Stock': 'Siemens', 'Shares Owned': 348, 'Allocation (%)': 2.22}, {'Stock': 'GLD', 'Shares Owned': 391, 'Allocation (%)': 1.22}, {'Stock': 'ARKQ', 'Shares Owned': 492, 'Allocation (%)': 1.0199999999999998}]",Mary Greene, ran a quant hedge fund and lives quietly by the sea.,Non-Affluent
Edward Tran,1978-06-25,CH,Male,Single,Pension scheme manager,Morgan-Norman,24,"515 Luis Estates Suite 784, North David, FL 96098",959.295.9616x1478,luis91@example.net,Savings,NWOA34547604210594,CHF,98504.8,2766.92,157308.48,158857.52,162597.52,1,"['Checking Account', 'Savings Account', 'Investment Account']","Salary, Real Estate, Capital Gains",Client possesses practical experience in stock markets and ETFs. Has some knowledge of portfolio rebalancing and tax-efficient investment strategies.,Aggressive Growth,Client assessed as low-risk. Transaction behavior is consistent with reported income. No history of suspicious activity. Domestic and regulated international income sources only.,All identification documents verified. Employment and income confirmed via supporting documents. PEP check cleared. Sanctions screening completed. AML risk is low. No discrepancies found during due diligence.,Yes,Cleared,Low,Low,SG,RM serviced PB,"[{'Stock': 'VTI', 'Shares Owned': 156, 'Allocation (%)': 24.21}, {'Stock': 'GE', 'Shares Owned': 252, 'Allocation (%)': 37.16}, {'Stock': 'BASF', 'Shares Owned': 293, 'Allocation (%)': 18.65}, {'Stock': 'ARKF', 'Shares Owned': 194, 'Allocation (%)': 7.46}, {'Stock': 'INTC', 'Shares Owned': 17, 'Allocation (%)': 1.92}, {'Stock': 'ADBE', 'Shares Owned': 166, 'Allocation (%)': 1.46}, {'Stock': 'ETH', 'Shares Owned': 193, 'Allocation (%)': 4.46}, {'Stock': 'TSLA', 'Shares Owned': 315, 'Allocation (%)': 2.19}, {'Stock': 'Roche', 'Shares Owned': 13, 'Allocation (%)': 1.47}, {'Stock': 'CVX', 'Shares Owned': 119, 'Allocation (%)': 1.0199999999999971}]",Arthur Elliott, invested early in tech stocks and achieved financial independence.,UHNWI
John Young,1976-06-08,LI,Female,Widowed,"Horticulturist, commercial","Macdonald, Massey and Clark",20,"0815 Obrien Landing Suite 228, Lorichester, WV 27493",992.328.9546x74207,chrissmith@example.com,Checking,LPYV17029629486248,CHF,135099.68,6536.84,151201.4,98349.76,172713.2,3,"['Checking Account', 'Savings Account', 'Investment Account']","Salary, Real Estate, Capital Gains","Client has extensive experience investing in equities, bonds, ETFs, and mutual funds. Demonstrates strong understanding of portfolio diversification and risk management techniques. Has previously invested in alternative assets such as real estate funds and structured products.",Income Generation,Client assessed as medium-risk. Some international investments noted. Transactions slightly higher than expected for profile but consistent with disclosed sources of wealth.,All identification documents verified. Employment and income confirmed via supporting documents. PEP check cleared. Sanctions screening completed. AML risk is low. No discrepancies found during due diligence.,No,Cleared,High,Low,LI,Com. & Retail,"[{'Stock': 'NFLX', 'Shares Owned': 255, 'Allocation (%)': 90.35}, {'Stock': 'VTI', 'Shares Owned': 408, 'Allocation (%)': 1.3}, {'Stock': 'Allianz', 'Shares Owned': 259, 'Allocation (%)': 1.18}, {'Stock': 'META', 'Shares Owned': 372, 'Allocation (%)': 1.13}, {'Stock': 'GE', 'Shares Owned': 43, 'Allocation (%)': 1.01}, {'Stock': 'SOL', 'Shares Owned': 105, 'Allocation (%)': 1.02}, {'Stock': 'INTC', 'Shares Owned': 224, 'Allocation (%)': 1.0}, {'Stock': 'MSFT', 'Shares Owned': 202, 'Allocation (%)': 1.01}, {'Stock': 'TIP', 'Shares Owned': 184, 'Allocation (%)': 1.0}, {'Stock': 'LVMH', 'Shares Owned': 459, 'Allocation (%)': 1.0000000000000053}]",Mary Greene, invested early in tech stocks and keeps growing steadily.,Non-Affluent
Kimberly Russell,2000-06-04,DE,Male,Divorced,"Exhibitions officer, museum/gallery","Richard, Stout and Jones",25,"50111 Rebecca Summit, Davidborough, TX 26075",+1-294-250-8888,hendersonhayden@example.com,Savings and Investment,EBLY65292950143026,CHF,57532.76,3563.2,168478.84,158367.24,189477.92,3,"['Savings Account', 'Investment Account']","Salary, Real Estate, Capital Gains","Client has extensive experience investing in equities, bonds, ETFs, and mutual funds. Demonstrates strong understanding of portfolio diversification and risk management techniques. Has previously invested in alternative assets such as real estate funds and structured products.",Moderate Growth,Client assessed as low-risk. Transaction behavior is consistent with reported income. No history of suspicious activity. Domestic and regulated international income sources only.,All identification documents verified. Employment and income confirmed via supporting documents. PEP check cleared. Sanctions screening completed. AML risk is low. No discrepancies found during due diligence.,Yes,Cleared,High,Low,LU,RM serviced PB,"[{'Stock': 'AGG', 'Shares Owned': 149, 'Allocation (%)': 32.27}, {'Stock': 'AAPL', 'Shares Owned': 163, 'Allocation (%)': 19.97}, {'Stock': 'EEM', 'Shares Owned': 459, 'Allocation (%)': 3.76}, {'Stock': 'NVDA', 'Shares Owned': 378, 'Allocation (%)': 22.24}, {'Stock': 'Allianz', 'Shares Owned': 46, 'Allocation (%)': 1.21}, {'Stock': 'GOOGL', 'Shares Owned': 48, 'Allocation (%)': 4.54}, {'Stock': 'USO', 'Shares Owned': 363, 'Allocation (%)': 11.44}, {'Stock': 'ARKF', 'Shares Owned': 405, 'Allocation (%)': 1.44}, {'Stock': 'MSFT', 'Shares Owned': 273, 'Allocation (%)': 1.93}, {'Stock': 'BA', 'Shares Owned': 159, 'Allocation (%)': 1.199999999999995}]",Mary Greene, ran a quant hedge fund and became a mentor.,Affluent
Dr. Jason Horne PhD,1979-06-15,LI,Female,Divorced,"Conservation officer, nature","Mckay, Newton and Velasquez",18,"52222 Flores Squares, Jamestown, UT 53348",931-522-1388x88021,johnsonpatricia@example.org,Savings,YTUE56767635627912,CHF,71975.96,3291.2,667296.92,109000.6,60598.2,3,"['Savings Account', 'Investment Account']","Business Income, Investments","Client has extensive experience investing in equities, bonds, ETFs, and mutual funds. Demonstrates strong understanding of portfolio diversification and risk management techniques. Has previously invested in alternative assets such as real estate funds and structured products.",Moderate Growth,Client assessed as high-risk due to high-value international transactions and exposure to high-volatility assets. Requires enhanced monitoring and periodic review.,Full KYC verification completed. Risk assessment and AML checks cleared. Client demonstrates transparency in source of funds and investment objectives.,No,Cleared,Medium,Medium,BVI,EAM,"[{'Stock': 'BTC', 'Shares Owned': 230, 'Allocation (%)': 50.03}, {'Stock': 'CVX', 'Shares Owned': 135, 'Allocation (%)': 8.48}, {'Stock': 'EEM', 'Shares Owned': 215, 'Allocation (%)': 30.74}, {'Stock': 'SAP', 'Shares Owned': 293, 'Allocation (%)': 1.71}, {'Stock': 'BASF', 'Shares Owned': 155, 'Allocation (%)': 3.95}, {'Stock': 'AMZN', 'Shares Owned': 470, 'Allocation (%)': 1.05}, {'Stock': 'ARKQ', 'Shares Owned': 286, 'Allocation (%)': 1.03}, {'Stock': 'NFLX', 'Shares Owned': 471, 'Allocation (%)': 1.0}, {'Stock': 'ADBE', 'Shares Owned': 423, 'Allocation (%)': 1.01}, {'Stock': 'GLD', 'Shares Owned': 292, 'Allocation (%)': 0.9999999999999953}]",Mary Greene, ran a quant hedge fund and became a mentor.,Affluent
Angela Thompson,1992-02-03,LI,Female,Single,Hydrogeologist,Martinez-Kennedy,28,"9049 Jones Court, Garciaton, OR 07146",711.625.8009x26765,rbrown@example.org,Checking,VSCW90875692973655,CHF,104811.12,1944.12,609356.84,241374.16,56392.4,2,['Savings Account'],"Salary, Rental Income, Stock Investments","Client is highly knowledgeable about derivatives, structured products, and alternative investment vehicles. Experience includes cryptocurrency investments and international equities. Understands hedging and leverage strategies.",Aggressive Growth,"Client assessed as low-to-medium risk. Domestic income and salary align with monthly transactions, but moderate exposure to alternative investments noted.",Verification of ID documents and employment completed. Tax residency confirmed. Client is not on any sanctions or PEP lists. AML monitoring recommended due to international investment exposure.,No,Cleared,High,Low,LU,EAM,"[{'Stock': 'SPY', 'Shares Owned': 455, 'Allocation (%)': 15.68}, {'Stock': 'VTI', 'Shares Owned': 456, 'Allocation (%)': 27.82}, {'Stock': 'Roche', 'Shares Owned': 106, 'Allocation (%)': 17.42}, {'Stock': 'AMZN', 'Shares Owned': 301, 'Allocation (%)': 3.78}, {'Stock': 'NVDA', 'Shares Owned': 253, 'Allocation (%)': 29.0}, {'Stock': 'MSFT', 'Shares Owned': 379, 'Allocation (%)': 2.28}, {'Stock': 'BASF', 'Shares Owned': 477, 'Allocation (%)': 1.01}, {'Stock': 'BTC', 'Shares Owned': 339, 'Allocation (%)': 1.0}, {'Stock': 'ARKG', 'Shares Owned': 70, 'Allocation (%)': 1.01}, {'Stock': 'ETH', 'Shares Owned': 139, 'Allocation (%)': 0.9999999999999909}]",Mary Greene, invested early in tech stocks and keeps growing steadily.,Affluent
Brian Ruiz,1961-02-26,DE,Male,Single,Regulatory affairs officer,Smith-Marks,25,"70462 Megan Mission Apt. 879, West Teresa, NY 10439",4547905669,fosterjames@example.org,Savings,HYJG68146145256356,CHF,59639.4,5851.4,682709.8,56826.92,165566.4,3,"['Checking Account', 'Savings Account', 'Investment Account']","Salary, Real Estate, Capital Gains",Client possesses practical experience in stock markets and ETFs. Has some knowledge of portfolio rebalancing and tax-efficient investment strategies.,Moderate Growth,Client assessed as low-risk. Transaction behavior is consistent with reported income. No history of suspicious activity. Domestic and regulated international income sources only.,"Documents partially verified. Further verification of employment and income recommended. PEP check cleared, but client flagged for high-value international transactions. Periodic compliance review required.",No,Cleared,High,Low,LU,EAM,"[{'Stock': 'Novartis', 'Shares Owned': 208, 'Allocation (%)': 6.38}, {'Stock': 'EFA', 'Shares Owned': 83, 'Allocation (%)': 51.55}, {'Stock': 'META', 'Shares Owned': 278, 'Allocation (%)': 23.66}, {'Stock': 'Siemens', 'Shares Owned': 316, 'Allocation (%)': 3.98}, {'Stock': 'MSFT', 'Shares Owned': 187, 'Allocation (%)': 6.2}, {'Stock': 'BASF', 'Shares Owned': 461, 'Allocation (%)': 2.58}, {'Stock': 'CAT', 'Shares Owned': 40, 'Allocation (%)': 1.3}, {'Stock': 'QQQ', 'Shares Owned': 38, 'Allocation (%)': 1.25}, {'Stock': 'AAPL', 'Shares Owned': 294, 'Allocation (%)': 1.82}, {'Stock': 'GE', 'Shares Owned': 378, 'Allocation (%)': 1.2800000000000076}]",Mary Greene, ran a quant hedge fund but lost it all in a crash.,Affluent
Jenna Mosley,1959-10-24,CH,Female,Widowed,"Surveyor, land/geomatics",Johnson-Powell,8,"39567 Sarah Port Apt. 047, Lake Christian, VT 54547",327.531.8861,eric57@example.org,Savings and Investment,HNXA93315372442276,CHF,69193.4,3598.56,1163714.6,235545.2,247103.16,0,"['Savings Account', 'Investment Account']","Inheritance, Savings, Salary","Client is highly knowledgeable about derivatives, structured products, and alternative investment vehicles. Experience includes cryptocurrency investments and international equities. Understands hedging and leverage strategies.",Moderate Growth,Client assessed as high-risk due to high-value international transactions and exposure to high-volatility assets. Requires enhanced monitoring and periodic review.,Verification of ID documents and employment completed. Tax residency confirmed. Client is not on any sanctions or PEP lists. AML monitoring recommended due to international investment exposure.,Yes,Cleared,Medium,Low,BVI,Com. & Retail,"[{'Stock': 'META', 'Shares Owned': 355, 'Allocation (%)': 1.12}, {'Stock': 'SLV', 'Shares Owned': 71, 'Allocation (%)': 86.94}, {'Stock': 'AAPL', 'Shares Owned': 461, 'Allocation (%)': 4.89}, {'Stock': 'GE', 'Shares Owned': 54, 'Allocation (%)': 1.02}, {'Stock': 'ETH', 'Shares Owned': 154, 'Allocation (%)': 1.0}, {'Stock': 'EEM', 'Shares Owned': 174, 'Allocation (%)': 1.02}, {'Stock': 'SOL', 'Shares Owned': 260, 'Allocation (%)': 1.0}, {'Stock': 'NEE', 'Shares Owned': 18, 'Allocation (%)': 1.0}, {'Stock': 'Novartis', 'Shares Owned': 367, 'Allocation (%)': 1.0}, {'Stock': 'XOM', 'Shares Owned': 133, 'Allocation (%)': 1.009999999999998}]",Arthur Elliott, focused on real estate and lives quietly by the sea.,Non-Affluent
Kenneth Black,1963-10-09,DE,Female,Widowed,Insurance underwriter,"Gill, Allen and Allen",20,"019 Lori Unions, North Jasonshire, ME 59235",(586)767-2880x40702,ddunn@example.net,Savings and Investment,NYMO31782778976687,CHF,66694.4,2136.56,1052115.04,230702.24,179897.4,1,"['Checking Account', 'Savings Account', 'Investment Account']","Business Income, Investments",Client possesses practical experience in stock markets and ETFs. Has some knowledge of portfolio rebalancing and tax-efficient investment strategies.,Moderate Growth,Client assessed as high-risk due to high-value international transactions and exposure to high-volatility assets. Requires enhanced monitoring and periodic review.,"Documents partially verified. Further verification of employment and income recommended. PEP check cleared, but client flagged for high-value international transactions. Periodic compliance review required.",No,Cleared,High,Medium,LI,EAM,"[{'Stock': 'BA', 'Shares Owned': 95, 'Allocation (%)': 59.95}, {'Stock': 'TIP', 'Shares Owned': 134, 'Allocation (%)': 30.72}, {'Stock': 'NEE', 'Shares Owned': 21, 'Allocation (%)': 2.27}, {'Stock': 'ARKK', 'Shares Owned': 101, 'Allocation (%)': 1.05}, {'Stock': 'AMZN', 'Shares Owned': 323, 'Allocation (%)': 1.01}, {'Stock': 'GLD', 'Shares Owned': 84, 'Allocation (%)': 1.0}, {'Stock': 'SLV', 'Shares Owned': 131, 'Allocation (%)': 1.0}, {'Stock': 'BTC', 'Shares Owned': 102, 'Allocation (%)': 1.0}, {'Stock': 'AAPL', 'Shares Owned': 442, 'Allocation (%)': 1.0}, {'Stock': 'LVMH', 'Shares Owned': 341, 'Allocation (%)': 0.9999999999999991}]",Cynthia Baker, focused on real estate and achieved financial independence.,Affluent
Bryan Walker,1987-07-30,LI,Male,Widowed,"Designer, exhibition/display",Jackson-Wilkins,6,"002 Ford Turnpike Suite 832, Heatherton, CA 72428",(586)898-3363,brandonblack@example.com,Checking,SHOY40477217000341,CHF,61472.0,4338.4,1333081.52,109564.32,265293.16,0,"['Savings Account', 'Investment Account']","Salary, Real Estate, Capital Gains","Client has moderate knowledge of financial markets, primarily investing in mutual funds and fixed income securities. Familiar with basic risk-return tradeoffs and market volatility, but prefers conservative investment strategies.",Aggressive Growth,Client assessed as medium-risk. Some international investments noted. Transactions slightly higher than expected for profile but consistent with disclosed sources of wealth.,All identification documents verified. Employment and income confirmed via supporting documents. PEP check cleared. Sanctions screening completed. AML risk is low. No discrepancies found during due diligence.,No,Cleared,Medium,High,LU,Com. & Retail,"[{'Stock': 'BND', 'Shares Owned': 268, 'Allocation (%)': 2.39}, {'Stock': 'ETH', 'Shares Owned': 140, 'Allocation (%)': 43.59}, {'Stock': 'BASF', 'Shares Owned': 437, 'Allocation (%)': 41.6}, {'Stock': 'NEE', 'Shares Owned': 428, 'Allocation (%)': 1.04}, {'Stock': 'NVDA', 'Shares Owned': 313, 'Allocation (%)': 2.82}, {'Stock': 'BTC', 'Shares Owned': 70, 'Allocation (%)': 1.87}, {'Stock': 'QQQ', 'Shares Owned': 29, 'Allocation (%)': 1.16}, {'Stock': 'SOL', 'Shares Owned': 417, 'Allocation (%)': 1.08}, {'Stock': 'SPY', 'Shares Owned': 415, 'Allocation (%)': 1.38}, {'Stock': 'ADBE', 'Shares Owned': 39, 'Allocation (%)': 3.069999999999995}]",Arthur Elliott, built a fintech startup and lives quietly by the sea.,Affluent
Mr. Joshua Christensen,1983-08-11,LI,Male,Single,Health physicist,Pierce Ltd,16,"88024 Johnson Terrace Apt. 558, Lake Sara, IA 17861",001-449-387-5789x4760,owilkinson@example.com,Checking,KOXQ10934540675054,CHF,103754.4,6581.04,200066.2,202499.92,132391.92,1,"['Checking Account', 'Savings Account', 'Investment Account']","Inheritance, Savings, Salary","Client has extensive experience investing in equities, bonds, ETFs, and mutual funds. Demonstrates strong understanding of portfolio diversification and risk management techniques. Has previously invested in alternative assets such as real estate funds and structured products.",Income Generation,"Client assessed as low-to-medium risk. Domestic income and salary align with monthly transactions, but moderate exposure to alternative investments noted.",All identification documents verified. Employment and income confirmed via supporting documents. PEP check cleared. Sanctions screening completed. AML risk is low. No discrepancies found during due diligence.,No,Cleared,Medium,Low,LI,EAM,"[{'Stock': 'Volkswagen', 'Shares Owned': 340, 'Allocation (%)': 7.49}, {'Stock': 'Novartis', 'Shares Owned': 76, 'Allocation (%)': 84.09}, {'Stock': 'ADBE', 'Shares Owned': 237, 'Allocation (%)': 1.19}, {'Stock': 'GLD', 'Shares Owned': 432, 'Allocation (%)': 1.05}, {'Stock': 'ADA', 'Shares Owned': 259, 'Allocation (%)': 1.05}, {'Stock': 'ETH', 'Shares Owned': 291, 'Allocation (%)': 1.02}, {'Stock': 'SOL', 'Shares Owned': 286, 'Allocation (%)': 1.02}, {'Stock': 'EFA', 'Shares Owned': 341, 'Allocation (%)': 1.08}, {'Stock': 'ARKK', 'Shares Owned': 209, 'Allocation (%)': 1.01}, {'Stock': 'Siemens', 'Shares Owned': 34, 'Allocation (%)': 1.0000000000000029}]",Mary Greene, bet big on crypto and became a mentor.,Non-Affluent
Bryan Santos,1984-03-10,DE,Female,Widowed,Careers adviser,"Compton, Wagner and Mcclain",2,"Unit 1116 Box 1371, DPO AE 98089",001-960-934-9500x0412,tuckerjohn@example.net,Savings,VXPK11792239496977,CHF,79968.0,6638.84,614193.0,239672.8,249059.52,2,"['Checking Account', 'Savings Account', 'Investment Account']","Salary, Rental Income, Stock Investments","Client is highly knowledgeable about derivatives, structured products, and alternative investment vehicles. Experience includes cryptocurrency investments and international equities. Understands hedging and leverage strategies.",Moderate Growth,Client assessed as high-risk due to high-value international transactions and exposure to high-volatility assets. Requires enhanced monitoring and periodic review.,Full KYC verification completed. Risk assessment and AML checks cleared. Client demonstrates transparency in source of funds and investment objectives.,No,Cleared,Low,High,LI,EAM,"[{'Stock': 'ARKQ', 'Shares Owned': 204, 'Allocation (%)': 62.35}, {'Stock': 'TSLA', 'Shares Owned': 185, 'Allocation (%)': 2.45}, {'Stock': 'NFLX', 'Shares Owned': 125, 'Allocation (%)': 2.58}, {'Stock': 'EFA', 'Shares Owned': 37, 'Allocation (%)': 4.23}, {'Stock': 'GE', 'Shares Owned': 281, 'Allocation (%)': 8.75}, {'Stock': 'SPY', 'Shares Owned': 184, 'Allocation (%)': 5.78}, {'Stock': 'SLV', 'Shares Owned': 300, 'Allocation (%)': 10.38}, {'Stock': 'NEE', 'Shares Owned': 326, 'Allocation (%)': 1.25}, {'Stock': 'MSFT', 'Shares Owned': 352, 'Allocation (%)': 1.0}, {'Stock': 'Siemens', 'Shares Owned': 383, 'Allocation (%)': 1.229999999999995}]",Arthur Elliott, launched a coffee chain and keeps growing steadily.,UHNWI
Gregory Mays,1986-04-18,DE,Female,Divorced,Research scientist (maths),Martin-Williams,27,"279 Ortega Oval Apt. 872, Armstrongmouth, MA 66275",3522377554,johndixon@example.com,Savings,FBPA24255313714649,CHF,60955.2,4692.68,1282953.96,223609.84,247871.56,1,['Savings Account'],"Salary, Rental Income, Stock Investments",Client possesses practical experience in stock markets and ETFs. Has some knowledge of portfolio rebalancing and tax-efficient investment strategies.,Aggressive Growth,Client assessed as medium-risk. Some international investments noted. Transactions slightly higher than expected for profile but consistent with disclosed sources of wealth.,Full KYC verification completed. Risk assessment and AML checks cleared. Client demonstrates transparency in source of funds and investment objectives.,Yes,Cleared,Medium,High,LI,Com. & Retail,"[{'Stock': 'ADA', 'Shares Owned': 467, 'Allocation (%)': 58.7}, {'Stock': 'EFA', 'Shares Owned': 253, 'Allocation (%)': 19.56}, {'Stock': 'GE', 'Shares Owned': 191, 'Allocation (%)': 2.83}, {'Stock': 'BND', 'Shares Owned': 474, 'Allocation (%)': 11.92}, {'Stock': 'TSLA', 'Shares Owned': 356, 'Allocation (%)': 1.41}, {'Stock': 'Novartis', 'Shares Owned': 255, 'Allocation (%)': 1.15}, {'Stock': 'SAP', 'Shares Owned': 431, 'Allocation (%)': 1.33}, {'Stock': 'SLV', 'Shares Owned': 386, 'Allocation (%)': 1.05}, {'Stock': 'INTC', 'Shares Owned': 360, 'Allocation (%)': 1.04}, {'Stock': 'BASF', 'Shares Owned': 79, 'Allocation (%)': 1.0099999999999962}]",Arthur Elliott, focused on real estate and became a mentor.,Affluent
Katherine Meadows,1985-03-30,CH,Female,Divorced,Leisure centre manager,King-Salazar,5,"000 Wallace River Suite 888, New Elizabethport, TN 65718",+1-342-263-9004x826,johnsonjustin@example.com,Checking,YOLV34329972924989,CHF,89905.52,1475.6,1122089.76,54580.2,35808.8,0,['Savings Account'],"Business Income, Investments","Client has extensive experience investing in equities, bonds, ETFs, and mutual funds. Demonstrates strong understanding of portfolio diversification and risk management techniques. Has previously invested in alternative assets such as real estate funds and structured products.",Capital Preservation,Client assessed as low-risk. Transaction behavior is consistent with reported income. No history of suspicious activity. Domestic and regulated international income sources only.,Verification of ID documents and employment completed. Tax residency confirmed. Client is not on any sanctions or PEP lists. AML monitoring recommended due to international investment exposure.,Yes,Cleared,High,Low,CH,RM serviced PB,"[{'Stock': 'CAT', 'Shares Owned': 242, 'Allocation (%)': 78.34}, {'Stock': 'Novartis', 'Shares Owned': 49, 'Allocation (%)': 1.94}, {'Stock': 'NVDA', 'Shares Owned': 164, 'Allocation (%)': 9.84}, {'Stock': 'MSFT', 'Shares Owned': 279, 'Allocation (%)': 1.55}, {'Stock': 'BA', 'Shares Owned': 397, 'Allocation (%)': 1.02}, {'Stock': 'Allianz', 'Shares Owned': 46, 'Allocation (%)': 1.99}, {'Stock': 'Roche', 'Shares Owned': 490, 'Allocation (%)': 2.3}, {'Stock': 'SAP', 'Shares Owned': 202, 'Allocation (%)': 1.01}, {'Stock': 'BND', 'Shares Owned': 222, 'Allocation (%)': 1.01}, {'Stock': 'EFA', 'Shares Owned': 206, 'Allocation (%)': 0.9999999999999953}]",Cynthia Baker, built a fintech startup and became a mentor.,Non-Affluent
